datetime,count
2011-01-20 00:00:00,14.896767
2011-01-20 01:00:00,5.5221553
2011-01-20 02:00:00,5.2234125
2011-01-20 03:00:00,5.3209233
2011-01-20 04:00:00,5.373693
2011-01-20 05:00:00,7.0970373
2011-01-20 06:00:00,32.462032
2011-01-20 07:00:00,85.23951
2011-01-20 08:00:00,208.98512
2011-01-20 09:00:00,117.73388
2011-01-20 10:00:00,49.66351
2011-01-20 11:00:00,56.09794
2011-01-20 12:00:00,65.54302
2011-01-20 13:00:00,66.89905
2011-01-20 14:00:00,62.890297
2011-01-20 15:00:00,73.53913
2011-01-20 16:00:00,90.80252
2011-01-20 17:00:00,179.79811
2011-01-20 18:00:00,172.92072
2011-01-20 19:00:00,115.09668
2011-01-20 20:00:00,79.753105
2011-01-20 21:00:00,63.287586
2011-01-20 22:00:00,41.77665
2011-01-20 23:00:00,29.329586
2011-01-21 00:00:00,9.506937
2011-01-21 01:00:00,5.5644236
2011-01-21 02:00:00,5.636291
2011-01-21 03:00:00,4.54591
2011-01-21 04:00:00,5.665786
2011-01-21 05:00:00,6.356962
2011-01-21 06:00:00,29.975857
2011-01-21 07:00:00,68.35953
2011-01-21 08:00:00,195.0036
2011-01-21 09:00:00,105.394966
2011-01-21 10:00:00,41.332775
2011-01-21 11:00:00,54.485687
2011-01-21 12:00:00,60.010513
2011-01-21 13:00:00,53.59836
2011-01-21 14:00:00,56.023033
2011-01-21 15:00:00,61.80388
2011-01-21 16:00:00,77.34285
2011-01-21 17:00:00,144.68929
2011-01-21 18:00:00,122.02491
2011-01-21 19:00:00,77.68682
2011-01-21 20:00:00,48.044827
2011-01-21 21:00:00,38.09513
2011-01-21 22:00:00,37.38345
2011-01-21 23:00:00,29.528128
2011-01-22 00:00:00,29.398453
2011-01-22 01:00:00,27.543947
2011-01-22 02:00:00,17.84309
2011-01-22 03:00:00,7.6596727
2011-01-22 04:00:00,4.9513264
2011-01-22 06:00:00,4.8104086
2011-01-22 07:00:00,5.1649814
2011-01-22 08:00:00,17.994537
2011-01-22 09:00:00,33.836803
2011-01-22 10:00:00,54.639126
2011-01-22 11:00:00,61.927715
2011-01-22 12:00:00,78.95508
2011-01-22 13:00:00,84.31446
2011-01-22 14:00:00,87.91408
2011-01-22 15:00:00,90.53307
2011-01-22 16:00:00,88.71246
2011-01-22 17:00:00,84.08742
2011-01-22 18:00:00,62.25598
2011-01-22 19:00:00,51.29649
2011-01-22 20:00:00,39.188805
2011-01-22 21:00:00,29.91926
2011-01-22 22:00:00,33.975647
2011-01-22 23:00:00,30.753487
2011-01-23 00:00:00,31.174467
2011-01-23 01:00:00,22.106176
2011-01-23 02:00:00,9.417064
2011-01-23 03:00:00,5.674519
2011-01-23 05:00:00,5.99125
2011-01-23 06:00:00,5.441617
2011-01-23 07:00:00,5.3692265
2011-01-23 08:00:00,8.214143
2011-01-23 09:00:00,23.174044
2011-01-23 10:00:00,53.21617
2011-01-23 11:00:00,65.43156
2011-01-23 12:00:00,72.81074
2011-01-23 13:00:00,79.69174
2011-01-23 14:00:00,74.16198
2011-01-23 15:00:00,76.66656
2011-01-23 16:00:00,66.26161
2011-01-23 17:00:00,59.090984
2011-01-23 18:00:00,54.648476
2011-01-23 19:00:00,38.51914
2011-01-23 20:00:00,28.59732
2011-01-23 21:00:00,20.355831
2011-01-23 22:00:00,14.345985
2011-01-23 23:00:00,12.865271
2011-01-24 00:00:00,11.979145
2011-01-24 01:00:00,6.0337296
2011-01-24 03:00:00,5.271235
2011-01-24 04:00:00,4.4147
2011-01-24 05:00:00,4.722718
2011-01-24 06:00:00,21.474327
2011-01-24 07:00:00,57.08868
2011-01-24 08:00:00,164.52858
2011-01-24 09:00:00,87.542755
2011-01-24 10:00:00,29.499882
2011-01-24 11:00:00,33.23055
2011-01-24 12:00:00,53.91753
2011-01-24 13:00:00,54.5046
2011-01-24 14:00:00,47.94125
2011-01-24 15:00:00,58.97103
2011-01-24 16:00:00,70.50127
2011-01-24 17:00:00,144.07932
2011-01-24 18:00:00,142.96278
2011-01-24 19:00:00,97.36508
2011-01-24 20:00:00,64.59315
2011-01-24 21:00:00,41.814247
2011-01-24 22:00:00,24.437609
2011-01-24 23:00:00,13.327561
2011-01-25 00:00:00,5.632387
2011-01-25 01:00:00,5.567903
2011-01-25 02:00:00,5.0002203
2011-01-25 04:00:00,5.082827
2011-01-25 05:00:00,5.3844533
2011-01-25 06:00:00,24.355724
2011-01-25 07:00:00,66.48218
2011-01-25 08:00:00,181.52707
2011-01-25 09:00:00,101.8693
2011-01-25 10:00:00,44.004456
2011-01-25 11:00:00,52.86692
2011-01-25 12:00:00,64.36452
2011-01-25 13:00:00,64.78826
2011-01-25 14:00:00,54.851925
2011-01-25 15:00:00,61.91536
2011-01-25 16:00:00,83.832794
2011-01-25 17:00:00,191.96808
2011-01-25 18:00:00,184.58984
2011-01-25 19:00:00,110.77437
2011-01-25 20:00:00,71.515915
2011-01-25 21:00:00,53.570927
2011-01-25 22:00:00,34.578255
2011-01-25 23:00:00,19.191265
2011-01-26 00:00:00,8.261104
2011-01-26 01:00:00,5.656747
2011-01-26 02:00:00,5.0942254
2011-01-26 05:00:00,4.9361553
2011-01-26 06:00:00,12.9774475
2011-01-26 07:00:00,67.4113
2011-01-26 08:00:00,164.75642
2011-01-26 09:00:00,85.978905
2011-01-26 10:00:00,37.686287
2011-01-26 11:00:00,34.614048
2011-01-26 12:00:00,39.096962
2011-01-26 13:00:00,42.2269
2011-01-26 14:00:00,32.80458
2011-01-26 15:00:00,28.774967
2011-01-26 16:00:00,53.3114
2011-01-26 17:00:00,86.41817
2011-01-27 16:00:00,79.905495
2011-01-27 17:00:00,159.09602
2011-01-27 18:00:00,155.40417
2011-01-27 19:00:00,106.933304
2011-01-27 20:00:00,76.34254
2011-01-27 21:00:00,59.952076
2011-01-27 22:00:00,44.001797
2011-01-27 23:00:00,26.95853
2011-01-28 00:00:00,11.153853
2011-01-28 01:00:00,6.214116
2011-01-28 02:00:00,5.5988975
2011-01-28 03:00:00,5.330849
2011-01-28 05:00:00,5.782796
2011-01-28 06:00:00,27.886518
2011-01-28 07:00:00,72.886055
2011-01-28 08:00:00,195.1093
2011-01-28 09:00:00,110.51751
2011-01-28 10:00:00,48.15035
2011-01-28 11:00:00,47.013428
2011-01-28 12:00:00,61.275692
2011-01-28 13:00:00,58.766655
2011-01-28 14:00:00,43.171585
2011-01-28 15:00:00,48.908737
2011-01-28 16:00:00,68.32967
2011-01-28 17:00:00,160.21925
2011-01-28 18:00:00,141.01302
2011-01-28 19:00:00,98.93291
2011-01-28 20:00:00,64.689545
2011-01-28 21:00:00,49.73828
2011-01-28 22:00:00,44.09778
2011-01-28 23:00:00,39.410786
2011-01-29 00:00:00,26.715275
2011-01-29 01:00:00,18.011076
2011-01-29 02:00:00,12.391287
2011-01-29 03:00:00,6.617247
2011-01-29 04:00:00,5.399365
2011-01-29 06:00:00,5.5904675
2011-01-29 07:00:00,6.826744
2011-01-29 08:00:00,23.408024
2011-01-29 09:00:00,43.08259
2011-01-29 10:00:00,69.108284
2011-01-29 11:00:00,80.549576
2011-01-29 12:00:00,90.60684
2011-01-29 13:00:00,100.1311
2011-01-29 14:00:00,95.03268
2011-01-29 15:00:00,91.40451
2011-01-29 16:00:00,100.42547
2011-01-29 17:00:00,90.33788
2011-01-29 18:00:00,76.35244
2011-01-29 19:00:00,56.548973
2011-01-29 20:00:00,53.867214
2011-01-29 21:00:00,40.95293
2011-01-29 22:00:00,37.48031
2011-01-29 23:00:00,33.725597
2011-01-30 00:00:00,24.908094
2011-01-30 01:00:00,25.084568
2011-01-30 02:00:00,16.479527
2011-01-30 03:00:00,8.150343
2011-01-30 04:00:00,5.8511047
2011-01-30 05:00:00,6.0461144
2011-01-30 07:00:00,6.7720594
2011-01-30 08:00:00,15.451578
2011-01-30 09:00:00,29.513908
2011-01-30 10:00:00,65.818184
2011-01-30 11:00:00,75.32362
2011-01-30 12:00:00,122.68461
2011-01-30 13:00:00,102.24472
2011-01-30 14:00:00,97.880516
2011-01-30 15:00:00,103.018234
2011-01-30 16:00:00,103.00309
2011-01-30 17:00:00,91.07064
2011-01-30 18:00:00,72.01079
2011-01-30 19:00:00,53.29937
2011-01-30 20:00:00,40.352997
2011-01-30 21:00:00,28.226103
2011-01-30 22:00:00,23.391508
2011-01-30 23:00:00,13.77048
2011-01-31 00:00:00,7.320412
2011-01-31 01:00:00,5.4824543
2011-01-31 02:00:00,5.0877714
2011-01-31 03:00:00,4.9440174
2011-01-31 04:00:00,5.0309477
2011-01-31 05:00:00,5.2569776
2011-01-31 06:00:00,18.592163
2011-01-31 07:00:00,60.48944
2011-01-31 08:00:00,158.6831
2011-01-31 09:00:00,88.21129
2011-01-31 10:00:00,39.346203
2011-01-31 11:00:00,46.36622
2011-01-31 12:00:00,54.7287
2011-01-31 13:00:00,43.94648
2011-01-31 14:00:00,51.84252
2011-01-31 15:00:00,53.0703
2011-01-31 16:00:00,69.72619
2011-01-31 17:00:00,147.16887
2011-01-31 18:00:00,145.72052
2011-01-31 19:00:00,115.2544
2011-01-31 20:00:00,66.61076
2011-01-31 21:00:00,47.347195
2011-01-31 22:00:00,30.986233
2011-01-31 23:00:00,15.331701
2011-02-20 00:00:00,27.815542
2011-02-20 01:00:00,20.43112
2011-02-20 02:00:00,17.346903
2011-02-20 03:00:00,5.959212
2011-02-20 04:00:00,5.2094536
2011-02-20 06:00:00,5.443524
2011-02-20 07:00:00,10.259995
2011-02-20 08:00:00,19.155073
2011-02-20 09:00:00,35.617996
2011-02-20 10:00:00,89.63451
2011-02-20 11:00:00,112.153625
2011-02-20 12:00:00,141.64668
2011-02-20 13:00:00,143.98018
2011-02-20 14:00:00,148.56898
2011-02-20 15:00:00,162.22498
2011-02-20 16:00:00,149.55283
2011-02-20 17:00:00,130.15526
2011-02-20 18:00:00,99.9872
2011-02-20 19:00:00,73.531006
2011-02-20 20:00:00,44.273945
2011-02-20 21:00:00,42.05777
2011-02-20 22:00:00,45.654564
2011-02-20 23:00:00,20.197868
2011-02-21 00:00:00,22.306553
2011-02-21 01:00:00,13.072021
2011-02-21 02:00:00,8.283301
2011-02-21 03:00:00,5.437603
2011-02-21 04:00:00,5.404405
2011-02-21 05:00:00,5.5703793
2011-02-21 06:00:00,12.475981
2011-02-21 07:00:00,58.568466
2011-02-21 08:00:00,103.23918
2011-02-21 09:00:00,82.75483
2011-02-21 10:00:00,83.42029
2011-02-21 11:00:00,95.952805
2011-02-21 12:00:00,112.06517
2011-02-21 13:00:00,76.92971
2011-02-21 14:00:00,96.02601
2011-02-21 15:00:00,89.52267
2011-02-21 16:00:00,93.644325
2011-02-21 17:00:00,121.58954
2011-02-21 18:00:00,94.13681
2011-02-21 19:00:00,78.03929
2011-02-21 20:00:00,45.08794
2011-02-21 21:00:00,39.961155
2011-02-21 22:00:00,23.260248
2011-02-21 23:00:00,11.528162
2011-02-22 06:00:00,13.81332
2011-02-22 07:00:00,56.0853
2011-02-22 08:00:00,167.98297
2011-02-22 09:00:00,100.793396
2011-02-22 10:00:00,42.8058
2011-02-22 11:00:00,45.1127
2011-02-22 12:00:00,59.965054
2011-02-22 13:00:00,66.73638
2011-02-22 14:00:00,60.427574
2011-02-22 15:00:00,73.85094
2011-02-22 16:00:00,82.79198
2011-02-22 17:00:00,176.84792
2011-02-22 18:00:00,177.53352
2011-02-22 19:00:00,107.82388
2011-02-22 20:00:00,78.73407
2011-02-22 21:00:00,58.492393
2011-02-22 22:00:00,38.386814
2011-02-22 23:00:00,21.921719
2011-02-23 00:00:00,7.5668464
2011-02-23 01:00:00,5.9388456
2011-02-23 02:00:00,5.380493
2011-02-23 03:00:00,5.1363335
2011-02-23 05:00:00,5.599728
2011-02-23 06:00:00,28.022339
2011-02-23 07:00:00,93.0835
2011-02-23 08:00:00,210.77475
2011-02-23 09:00:00,120.67585
2011-02-23 10:00:00,49.725754
2011-02-23 11:00:00,56.16545
2011-02-23 12:00:00,78.3599
2011-02-23 13:00:00,85.286804
2011-02-23 14:00:00,74.82465
2011-02-23 15:00:00,87.81563
2011-02-23 16:00:00,94.49733
2011-02-23 17:00:00,230.14355
2011-02-23 18:00:00,213.50133
2011-02-23 19:00:00,136.53947
2011-02-23 20:00:00,88.18061
2011-02-23 21:00:00,64.61763
2011-02-23 22:00:00,47.23287
2011-02-23 23:00:00,28.56179
2011-02-24 00:00:00,9.28085
2011-02-24 01:00:00,6.0309267
2011-02-24 02:00:00,5.4728994
2011-02-24 03:00:00,5.452859
2011-02-24 05:00:00,6.434374
2011-02-24 06:00:00,33.964314
2011-02-24 07:00:00,97.06927
2011-02-24 08:00:00,234.70909
2011-02-24 09:00:00,116.95602
2011-02-24 10:00:00,52.37314
2011-02-24 11:00:00,73.2898
2011-02-24 12:00:00,89.393425
2011-02-24 13:00:00,86.185684
2011-02-24 14:00:00,76.68146
2011-02-24 15:00:00,87.09457
2011-02-24 16:00:00,101.18408
2011-02-24 17:00:00,221.79794
2011-02-24 18:00:00,133.05713
2011-02-24 19:00:00,81.300285
2011-02-24 20:00:00,56.569378
2011-02-24 21:00:00,60.468407
2011-02-24 22:00:00,37.96117
2011-02-24 23:00:00,26.68485
2011-02-25 00:00:00,10.834231
2011-02-25 01:00:00,8.537118
2011-02-25 02:00:00,8.464003
2011-02-25 03:00:00,5.8806653
2011-02-25 05:00:00,9.463115
2011-02-25 06:00:00,40.524582
2011-02-25 07:00:00,84.84585
2011-02-25 08:00:00,235.73529
2011-02-25 09:00:00,91.403435
2011-02-25 10:00:00,54.80272
2011-02-25 11:00:00,99.43015
2011-02-25 12:00:00,144.81665
2011-02-25 13:00:00,145.18881
2011-02-25 14:00:00,143.24707
2011-02-25 15:00:00,128.2187
2011-02-25 16:00:00,104.17256
2011-02-25 17:00:00,176.32324
2011-02-25 18:00:00,155.37929
2011-02-25 19:00:00,104.04097
2011-02-25 20:00:00,55.01579
2011-02-25 21:00:00,58.32643
2011-02-25 22:00:00,47.31621
2011-02-25 23:00:00,39.352177
2011-02-26 00:00:00,29.402576
2011-02-26 01:00:00,17.296816
2011-02-26 02:00:00,13.397413
2011-02-26 03:00:00,6.8129597
2011-02-26 04:00:00,5.659795
2011-02-26 05:00:00,5.5502267
2011-02-26 06:00:00,5.879813
2011-02-26 07:00:00,18.207216
2011-02-26 08:00:00,40.22242
2011-02-26 09:00:00,61.485226
2011-02-26 10:00:00,98.400986
2011-02-26 11:00:00,120.370415
2011-02-26 12:00:00,147.02856
2011-02-26 13:00:00,156.16566
2011-02-26 14:00:00,147.86028
2011-02-26 15:00:00,161.93306
2011-02-26 16:00:00,147.10995
2011-02-26 17:00:00,135.33301
2011-02-26 18:00:00,106.46627
2011-02-26 19:00:00,78.135796
2011-02-26 20:00:00,64.72744
2011-02-26 21:00:00,46.290424
2011-02-26 22:00:00,45.786373
2011-02-26 23:00:00,31.379614
2011-02-27 00:00:00,25.773554
2011-02-27 01:00:00,26.916845
2011-02-27 02:00:00,22.258856
2011-02-27 03:00:00,9.009962
2011-02-27 04:00:00,6.375828
2011-02-27 06:00:00,6.071255
2011-02-27 07:00:00,19.077938
2011-02-27 08:00:00,36.345016
2011-02-27 09:00:00,54.96593
2011-02-27 10:00:00,87.23453
2011-02-27 11:00:00,138.3735
2011-02-27 12:00:00,167.97108
2011-02-27 13:00:00,171.85486
2011-02-27 14:00:00,189.64319
2011-02-27 15:00:00,212.49861
2011-02-27 16:00:00,221.21115
2011-02-27 17:00:00,152.45576
2011-02-27 18:00:00,109.60943
2011-02-27 19:00:00,88.50428
2011-02-27 20:00:00,61.76033
2011-02-27 21:00:00,44.770992
2011-02-27 22:00:00,41.059464
2011-02-27 23:00:00,25.48939
2011-02-28 00:00:00,13.372692
2011-02-28 01:00:00,5.003654
2011-02-28 03:00:00,5.470785
2011-02-28 05:00:00,7.7881045
2011-02-28 06:00:00,41.52677
2011-02-28 07:00:00,99.366486
2011-02-28 08:00:00,140.71382
2011-02-28 09:00:00,124.074394
2011-02-28 10:00:00,58.787754
2011-02-28 11:00:00,90.91845
2011-02-28 12:00:00,118.46174
2011-02-28 13:00:00,71.92933
2011-02-28 14:00:00,52.459377
2011-02-28 15:00:00,52.11011
2011-02-28 16:00:00,82.20792
2011-02-28 17:00:00,121.09353
2011-02-28 18:00:00,151.5993
2011-02-28 19:00:00,67.04579
2011-02-28 20:00:00,39.955917
2011-02-28 21:00:00,46.36024
2011-02-28 22:00:00,15.529349
2011-02-28 23:00:00,10.242916
2011-03-20 00:00:00,32.65221
2011-03-20 01:00:00,29.100391
2011-03-20 02:00:00,16.526522
2011-03-20 03:00:00,10.439337
2011-03-20 04:00:00,5.7954235
2011-03-20 05:00:00,5.7324967
2011-03-20 06:00:00,5.9355845
2011-03-20 07:00:00,14.493545
2011-03-20 08:00:00,36.149162
2011-03-20 09:00:00,68.91024
2011-03-20 10:00:00,128.83101
2011-03-20 11:00:00,153.56755
2011-03-20 12:00:00,187.29958
2011-03-20 13:00:00,192.5265
2011-03-20 14:00:00,191.5787
2011-03-20 15:00:00,219.39627
2011-03-20 16:00:00,206.05988
2011-03-20 17:00:00,175.50697
2011-03-20 18:00:00,142.14153
2011-03-20 19:00:00,96.08777
2011-03-20 20:00:00,71.44774
2011-03-20 21:00:00,57.58726
2011-03-20 22:00:00,48.268913
2011-03-20 23:00:00,24.061476
2011-03-21 00:00:00,9.792025
2011-03-21 01:00:00,4.88584
2011-03-21 02:00:00,4.752654
2011-03-21 03:00:00,4.6018214
2011-03-21 05:00:00,4.408215
2011-03-21 06:00:00,30.261316
2011-03-21 07:00:00,73.2287
2011-03-21 08:00:00,152.81671
2011-03-21 09:00:00,76.15174
2011-03-21 10:00:00,47.966843
2011-03-21 11:00:00,69.60095
2011-03-21 12:00:00,82.04934
2011-03-21 13:00:00,119.46549
2011-03-21 14:00:00,111.75714
2011-03-21 15:00:00,133.42
2011-03-21 16:00:00,160.58112
2011-03-21 17:00:00,339.03134
2011-03-21 18:00:00,323.293
2011-03-21 19:00:00,253.26854
2011-03-21 20:00:00,177.00165
2011-03-21 21:00:00,67.28226
2011-03-21 22:00:00,55.57094
2011-03-21 23:00:00,45.32552
2011-03-22 00:00:00,21.670218
2011-03-22 01:00:00,7.6469874
2011-03-22 02:00:00,6.0083
2011-03-22 03:00:00,5.539542
2011-03-22 04:00:00,6.137027
2011-03-22 05:00:00,13.151892
2011-03-22 06:00:00,40.040554
2011-03-22 07:00:00,149.89075
2011-03-22 08:00:00,263.86304
2011-03-22 09:00:00,129.04286
2011-03-22 10:00:00,73.366615
2011-03-22 11:00:00,81.195915
2011-03-22 12:00:00,108.51322
2011-03-22 13:00:00,113.713
2011-03-22 14:00:00,107.31031
2011-03-22 15:00:00,120.930534
2011-03-22 16:00:00,163.34245
2011-03-22 17:00:00,332.3151
2011-03-22 18:00:00,320.4204
2011-03-22 19:00:00,193.5385
2011-03-22 20:00:00,129.27412
2011-03-22 21:00:00,93.79387
2011-03-22 22:00:00,66.27627
2011-03-22 23:00:00,36.48336
2011-03-23 00:00:00,14.959148
2011-03-23 01:00:00,6.893737
2011-03-23 02:00:00,5.665549
2011-03-23 03:00:00,4.805437
2011-03-23 05:00:00,10.806948
2011-03-23 06:00:00,31.83504
2011-03-23 07:00:00,84.71547
2011-03-23 08:00:00,239.08902
2011-03-23 09:00:00,94.2839
2011-03-23 10:00:00,30.25088
2011-03-23 11:00:00,61.238335
2011-03-23 12:00:00,56.77633
2011-03-23 13:00:00,75.96257
2011-03-23 14:00:00,63.074825
2011-03-23 15:00:00,65.63435
2011-03-23 16:00:00,122.0527
2011-03-23 17:00:00,262.70538
2011-03-23 18:00:00,178.96318
2011-03-23 19:00:00,134.44005
2011-03-23 20:00:00,26.208574
2011-03-23 21:00:00,27.167755
2011-03-23 22:00:00,32.595814
2011-03-23 23:00:00,24.639837
2011-03-24 00:00:00,9.127736
2011-03-24 01:00:00,6.6139355
2011-03-24 02:00:00,6.9322696
2011-03-24 03:00:00,7.4734244
2011-03-24 04:00:00,7.694043
2011-03-24 05:00:00,8.863558
2011-03-24 06:00:00,38.37587
2011-03-24 07:00:00,90.110794
2011-03-24 08:00:00,177.06303
2011-03-24 09:00:00,112.08486
2011-03-24 10:00:00,55.381424
2011-03-24 11:00:00,42.733334
2011-03-24 12:00:00,68.16259
2011-03-24 13:00:00,79.45743
2011-03-24 14:00:00,75.74064
2011-03-24 15:00:00,73.51944
2011-03-24 16:00:00,108.99931
2011-03-24 17:00:00,216.01556
2011-03-24 18:00:00,205.65782
2011-03-24 19:00:00,146.28645
2011-03-24 20:00:00,95.40253
2011-03-24 21:00:00,78.47281
2011-03-24 22:00:00,58.100105
2011-03-24 23:00:00,38.759377
2011-03-25 00:00:00,13.680828
2011-03-25 01:00:00,6.6289325
2011-03-25 02:00:00,5.7949853
2011-03-25 03:00:00,5.6018376
2011-03-25 04:00:00,5.589585
2011-03-25 05:00:00,6.711237
2011-03-25 06:00:00,31.175177
2011-03-25 07:00:00,97.68837
2011-03-25 08:00:00,232.42992
2011-03-25 09:00:00,133.14748
2011-03-25 10:00:00,72.795876
2011-03-25 11:00:00,81.063065
2011-03-25 12:00:00,105.846924
2011-03-25 13:00:00,104.42718
2011-03-25 14:00:00,113.089035
2011-03-25 15:00:00,111.57292
2011-03-25 16:00:00,141.2811
2011-03-25 17:00:00,245.63556
2011-03-25 18:00:00,200.7007
2011-03-25 19:00:00,138.29453
2011-03-25 20:00:00,91.733246
2011-03-25 21:00:00,74.43223
2011-03-25 22:00:00,56.181847
2011-03-25 23:00:00,40.771603
2011-03-26 00:00:00,31.542564
2011-03-26 01:00:00,21.398619
2011-03-26 02:00:00,13.500161
2011-03-26 03:00:00,6.2444167
2011-03-26 04:00:00,5.731161
2011-03-26 05:00:00,5.786478
2011-03-26 06:00:00,6.348137
2011-03-26 07:00:00,18.525057
2011-03-26 08:00:00,41.71445
2011-03-26 09:00:00,73.694756
2011-03-26 10:00:00,108.76266
2011-03-26 11:00:00,133.13632
2011-03-26 12:00:00,173.94795
2011-03-26 13:00:00,198.38307
2011-03-26 14:00:00,197.63098
2011-03-26 15:00:00,210.24385
2011-03-26 16:00:00,188.8781
2011-03-26 17:00:00,167.33269
2011-03-26 18:00:00,136.55292
2011-03-26 19:00:00,96.08781
2011-03-26 20:00:00,71.361015
2011-03-26 21:00:00,55.704914
2011-03-26 22:00:00,54.188953
2011-03-26 23:00:00,39.621353
2011-03-27 00:00:00,34.631966
2011-03-27 01:00:00,23.081833
2011-03-27 02:00:00,16.63595
2011-03-27 03:00:00,7.3978
2011-03-27 04:00:00,6.1907234
2011-03-27 06:00:00,6.2527885
2011-03-27 07:00:00,17.660107
2011-03-27 08:00:00,28.592178
2011-03-27 09:00:00,57.47738
2011-03-27 10:00:00,102.3341
2011-03-27 11:00:00,132.62321
2011-03-27 12:00:00,159.9201
2011-03-27 13:00:00,174.75423
2011-03-27 14:00:00,176.43727
2011-03-27 15:00:00,178.12625
2011-03-27 16:00:00,169.39214
2011-03-27 17:00:00,161.87111
2011-03-27 18:00:00,125.98811
2011-03-27 19:00:00,91.14635
2011-03-27 20:00:00,61.543697
2011-03-27 21:00:00,42.26616
2011-03-27 22:00:00,33.56859
2011-03-27 23:00:00,22.679426
2011-03-28 00:00:00,9.183362
2011-03-28 01:00:00,6.403132
2011-03-28 02:00:00,5.6506877
2011-03-28 03:00:00,5.5157857
2011-03-28 05:00:00,7.002734
2011-03-28 06:00:00,31.613201
2011-03-28 07:00:00,100.92537
2011-03-28 08:00:00,218.17879
2011-03-28 09:00:00,117.87918
2011-03-28 10:00:00,63.403557
2011-03-28 11:00:00,70.91637
2011-03-28 12:00:00,80.05035
2011-03-28 13:00:00,85.24618
2011-03-28 14:00:00,81.75019
2011-03-28 15:00:00,84.20269
2011-03-28 16:00:00,108.57299
2011-03-28 17:00:00,239.33337
2011-03-28 18:00:00,213.20111
2011-03-28 19:00:00,161.80092
2011-03-28 20:00:00,106.31008
2011-03-28 21:00:00,81.89347
2011-03-28 22:00:00,46.61146
2011-03-28 23:00:00,25.61621
2011-03-29 00:00:00,8.528301
2011-03-29 01:00:00,6.206775
2011-03-29 02:00:00,5.6981597
2011-03-29 03:00:00,5.557874
2011-03-29 04:00:00,5.710135
2011-03-29 05:00:00,8.234551
2011-03-29 06:00:00,36.57137
2011-03-29 07:00:00,114.27294
2011-03-29 08:00:00,230.7195
2011-03-29 09:00:00,123.12151
2011-03-29 10:00:00,65.07081
2011-03-29 11:00:00,72.86445
2011-03-29 12:00:00,97.0883
2011-03-29 13:00:00,90.25634
2011-03-29 14:00:00,83.94528
2011-03-29 15:00:00,100.57821
2011-03-29 16:00:00,125.35193
2011-03-29 17:00:00,285.38766
2011-03-29 18:00:00,264.8044
2011-03-29 19:00:00,167.67136
2011-03-29 20:00:00,123.22976
2011-03-29 21:00:00,80.64894
2011-03-29 22:00:00,57.89153
2011-03-29 23:00:00,35.333256
2011-03-30 00:00:00,8.334841
2011-03-30 01:00:00,5.745454
2011-03-30 02:00:00,5.3106184
2011-03-30 03:00:00,5.127465
2011-03-30 04:00:00,5.254108
2011-03-30 05:00:00,10.180536
2011-03-30 06:00:00,40.83256
2011-03-30 07:00:00,132.853
2011-03-30 08:00:00,257.31256
2011-03-30 09:00:00,134.92548
2011-03-30 10:00:00,65.37815
2011-03-30 11:00:00,67.43955
2011-03-30 12:00:00,85.45262
2011-03-30 13:00:00,84.2988
2011-03-30 14:00:00,72.23058
2011-03-30 15:00:00,41.909237
2011-03-30 16:00:00,67.247604
2011-03-30 17:00:00,129.5834
2011-03-30 18:00:00,104.3328
2011-03-30 19:00:00,83.47238
2011-03-30 20:00:00,54.371895
2011-03-30 21:00:00,48.487263
2011-03-30 22:00:00,26.591421
2011-03-30 23:00:00,16.697273
2011-03-31 00:00:00,8.842561
2011-03-31 01:00:00,7.939519
2011-03-31 02:00:00,7.289255
2011-03-31 03:00:00,5.8185053
2011-03-31 04:00:00,6.1770773
2011-03-31 05:00:00,9.31512
2011-03-31 06:00:00,34.20841
2011-03-31 07:00:00,88.98625
2011-03-31 08:00:00,175.26373
2011-03-31 09:00:00,109.21898
2011-03-31 10:00:00,59.32291
2011-03-31 11:00:00,68.46568
2011-03-31 12:00:00,74.2466
2011-03-31 13:00:00,87.24994
2011-03-31 14:00:00,76.5731
2011-03-31 15:00:00,53.551105
2011-03-31 16:00:00,74.414116
2011-03-31 17:00:00,144.97789
2011-03-31 18:00:00,178.98251
2011-03-31 19:00:00,145.92227
2011-03-31 20:00:00,66.84692
2011-03-31 21:00:00,61.337296
2011-03-31 22:00:00,37.942486
2011-03-31 23:00:00,28.252577
2011-04-20 00:00:00,25.534369
2011-04-20 01:00:00,9.654307
2011-04-20 02:00:00,7.6542025
2011-04-20 03:00:00,5.6784654
2011-04-20 04:00:00,6.3123116
2011-04-20 05:00:00,12.560138
2011-04-20 06:00:00,56.6126
2011-04-20 07:00:00,147.38339
2011-04-20 08:00:00,363.93973
2011-04-20 09:00:00,182.27142
2011-04-20 10:00:00,100.225914
2011-04-20 11:00:00,112.08002
2011-04-20 12:00:00,155.07555
2011-04-20 13:00:00,151.57349
2011-04-20 14:00:00,135.49866
2011-04-20 15:00:00,147.11192
2011-04-20 16:00:00,224.04385
2011-04-20 17:00:00,454.9004
2011-04-20 18:00:00,425.80118
2011-04-20 19:00:00,321.27148
2011-04-20 20:00:00,231.95406
2011-04-20 21:00:00,167.46274
2011-04-20 22:00:00,106.46082
2011-04-20 23:00:00,56.721775
2011-04-21 00:00:00,24.314064
2011-04-21 01:00:00,7.5736074
2011-04-21 02:00:00,7.742054
2011-04-21 03:00:00,5.5183716
2011-04-21 04:00:00,5.80455
2011-04-21 05:00:00,13.282367
2011-04-21 06:00:00,53.02394
2011-04-21 07:00:00,191.19257
2011-04-21 08:00:00,317.99258
2011-04-21 09:00:00,167.12895
2011-04-21 10:00:00,96.310135
2011-04-21 11:00:00,110.79235
2011-04-21 12:00:00,139.42618
2011-04-21 13:00:00,144.7561
2011-04-21 14:00:00,132.98125
2011-04-21 15:00:00,144.25398
2011-04-21 16:00:00,206.52289
2011-04-21 17:00:00,430.88376
2011-04-21 18:00:00,363.8868
2011-04-21 19:00:00,240.68166
2011-04-21 20:00:00,183.55444
2011-04-21 21:00:00,136.30408
2011-04-21 22:00:00,106.60165
2011-04-21 23:00:00,65.76898
2011-04-22 00:00:00,29.929327
2011-04-22 01:00:00,12.8904505
2011-04-22 02:00:00,7.2971435
2011-04-22 03:00:00,6.3986697
2011-04-22 04:00:00,6.1883545
2011-04-22 05:00:00,10.713841
2011-04-22 06:00:00,50.799168
2011-04-22 07:00:00,145.36513
2011-04-22 08:00:00,318.28375
2011-04-22 09:00:00,161.2155
2011-04-22 10:00:00,102.936295
2011-04-22 11:00:00,101.634186
2011-04-22 12:00:00,111.978386
2011-04-22 13:00:00,93.578995
2011-04-22 14:00:00,64.37887
2011-04-22 15:00:00,89.7748
2011-04-22 16:00:00,144.9776
2011-04-22 17:00:00,147.85486
2011-04-22 18:00:00,123.89805
2011-04-22 19:00:00,104.81126
2011-04-22 20:00:00,90.06981
2011-04-22 21:00:00,68.611496
2011-04-22 22:00:00,62.018677
2011-04-22 23:00:00,58.483078
2011-04-23 00:00:00,43.35378
2011-04-23 01:00:00,35.321487
2011-04-23 02:00:00,32.10611
2011-04-23 03:00:00,14.328148
2011-04-23 04:00:00,6.9551864
2011-04-23 05:00:00,7.7373986
2011-04-23 06:00:00,11.828455
2011-04-23 07:00:00,26.67096
2011-04-23 08:00:00,38.0464
2011-04-23 09:00:00,64.27384
2011-04-23 10:00:00,141.72278
2011-04-23 11:00:00,206.08012
2011-04-23 12:00:00,202.47888
2011-04-23 13:00:00,212.24576
2011-04-23 14:00:00,287.78885
2011-04-23 15:00:00,331.47186
2011-04-23 16:00:00,329.81604
2011-04-23 17:00:00,311.71823
2011-04-23 18:00:00,272.26407
2011-04-23 19:00:00,184.30257
2011-04-23 20:00:00,133.87297
2011-04-23 21:00:00,103.25409
2011-04-23 22:00:00,107.81861
2011-04-23 23:00:00,83.307076
2011-04-24 00:00:00,54.33373
2011-04-24 01:00:00,48.434956
2011-04-24 02:00:00,39.150513
2011-04-24 03:00:00,11.431251
2011-04-24 04:00:00,6.313702
2011-04-24 05:00:00,6.710011
2011-04-24 06:00:00,10.5070305
2011-04-24 07:00:00,34.37927
2011-04-24 08:00:00,50.56524
2011-04-24 09:00:00,115.23488
2011-04-24 10:00:00,225.54622
2011-04-24 11:00:00,329.29364
2011-04-24 12:00:00,372.29337
2011-04-24 13:00:00,375.3435
2011-04-24 14:00:00,370.50043
2011-04-24 15:00:00,371.353
2011-04-24 16:00:00,376.68228
2011-04-24 17:00:00,358.57837
2011-04-24 18:00:00,305.05597
2011-04-24 19:00:00,177.12486
2011-04-24 20:00:00,133.79025
2011-04-24 21:00:00,60.716396
2011-04-24 22:00:00,37.350876
2011-04-24 23:00:00,35.9806
2011-04-25 00:00:00,18.51584
2011-04-25 01:00:00,9.230513
2011-04-25 02:00:00,7.1129956
2011-04-25 03:00:00,6.476817
2011-04-25 04:00:00,6.783531
2011-04-25 05:00:00,14.203586
2011-04-25 06:00:00,59.657207
2011-04-25 07:00:00,146.7677
2011-04-25 08:00:00,325.2887
2011-04-25 09:00:00,172.45917
2011-04-25 10:00:00,108.23884
2011-04-25 11:00:00,126.48208
2011-04-25 12:00:00,147.62392
2011-04-25 13:00:00,152.88695
2011-04-25 14:00:00,141.81242
2011-04-25 15:00:00,149.13364
2011-04-25 16:00:00,239.0001
2011-04-25 17:00:00,456.9656
2011-04-25 18:00:00,453.25873
2011-04-25 19:00:00,326.48383
2011-04-25 20:00:00,233.07329
2011-04-25 21:00:00,146.51326
2011-04-25 22:00:00,84.09362
2011-04-25 23:00:00,42.707504
2011-04-26 00:00:00,20.682774
2011-04-26 01:00:00,6.7802005
2011-04-26 02:00:00,5.614598
2011-04-26 03:00:00,6.3957233
2011-04-26 04:00:00,5.8738403
2011-04-26 05:00:00,10.919153
2011-04-26 06:00:00,67.4733
2011-04-26 07:00:00,213.8037
2011-04-26 08:00:00,338.71097
2011-04-26 09:00:00,164.46712
2011-04-26 10:00:00,100.20715
2011-04-26 11:00:00,125.30084
2011-04-26 12:00:00,153.91405
2011-04-26 13:00:00,146.53412
2011-04-26 14:00:00,138.96475
2011-04-26 15:00:00,149.18617
2011-04-26 16:00:00,233.75836
2011-04-26 17:00:00,462.97363
2011-04-26 18:00:00,434.87476
2011-04-26 19:00:00,267.5235
2011-04-26 20:00:00,186.57393
2011-04-26 21:00:00,145.73816
2011-04-26 22:00:00,103.11371
2011-04-26 23:00:00,49.927464
2011-04-27 00:00:00,19.730543
2011-04-27 01:00:00,7.431554
2011-04-27 02:00:00,7.5579596
2011-04-27 03:00:00,7.8530116
2011-04-27 04:00:00,6.216108
2011-04-27 05:00:00,9.819162
2011-04-27 06:00:00,46.000504
2011-04-27 07:00:00,211.58105
2011-04-27 08:00:00,332.97305
2011-04-27 09:00:00,147.10156
2011-04-27 10:00:00,84.255226
2011-04-27 11:00:00,100.9382
2011-04-27 12:00:00,119.51294
2011-04-27 13:00:00,113.828094
2011-04-27 14:00:00,131.15538
2011-04-27 15:00:00,143.44939
2011-04-27 16:00:00,207.17885
2011-04-27 17:00:00,314.83258
2011-04-27 18:00:00,310.24707
2011-04-27 19:00:00,260.80157
2011-04-27 20:00:00,149.41707
2011-04-27 21:00:00,116.09214
2011-04-27 22:00:00,65.60395
2011-04-27 23:00:00,31.615545
2011-04-28 00:00:00,21.617722
2011-04-28 01:00:00,6.747248
2011-04-28 02:00:00,4.864609
2011-04-28 03:00:00,5.499971
2011-04-28 04:00:00,5.0870905
2011-04-28 05:00:00,8.495443
2011-04-28 06:00:00,52.05449
2011-04-28 07:00:00,215.22116
2011-04-28 08:00:00,353.82306
2011-04-28 09:00:00,165.13066
2011-04-28 10:00:00,104.6474
2011-04-28 11:00:00,103.15518
2011-04-28 12:00:00,138.54933
2011-04-28 13:00:00,103.649864
2011-04-28 14:00:00,91.49053
2011-04-28 15:00:00,153.4237
2011-04-28 16:00:00,209.96843
2011-04-28 17:00:00,435.2124
2011-04-28 18:00:00,409.36273
2011-04-28 19:00:00,285.80966
2011-04-28 20:00:00,227.61775
2011-04-28 21:00:00,167.03209
2011-04-28 22:00:00,116.03332
2011-04-28 23:00:00,79.59769
2011-04-29 00:00:00,37.421402
2011-04-29 01:00:00,16.103102
2011-04-29 02:00:00,12.806931
2011-04-29 03:00:00,8.433946
2011-04-29 04:00:00,7.5689077
2011-04-29 05:00:00,14.115328
2011-04-29 06:00:00,60.215435
2011-04-29 07:00:00,196.71445
2011-04-29 08:00:00,343.0552
2011-04-29 09:00:00,186.07437
2011-04-29 10:00:00,135.8101
2011-04-29 11:00:00,157.65868
2011-04-29 12:00:00,201.5167
2011-04-29 13:00:00,201.95302
2011-04-29 14:00:00,189.70168
2011-04-29 15:00:00,192.04462
2011-04-29 16:00:00,258.7765
2011-04-29 17:00:00,404.92645
2011-04-29 18:00:00,354.30545
2011-04-29 19:00:00,232.69531
2011-04-29 20:00:00,171.38885
2011-04-29 21:00:00,124.70872
2011-04-29 22:00:00,111.436485
2011-04-29 23:00:00,85.4668
2011-04-30 00:00:00,60.30635
2011-04-30 01:00:00,46.639317
2011-04-30 02:00:00,33.755886
2011-04-30 03:00:00,15.186513
2011-04-30 04:00:00,7.538379
2011-04-30 05:00:00,7.483416
2011-04-30 06:00:00,14.335484
2011-04-30 07:00:00,32.6697
2011-04-30 08:00:00,69.36464
2011-04-30 09:00:00,136.28246
2011-04-30 10:00:00,223.50327
2011-04-30 11:00:00,292.7788
2011-04-30 12:00:00,339.21207
2011-04-30 13:00:00,348.15985
2011-04-30 14:00:00,363.3199
2011-04-30 15:00:00,360.95694
2011-04-30 16:00:00,367.38345
2011-04-30 17:00:00,339.92328
2011-04-30 18:00:00,274.60345
2011-04-30 19:00:00,212.17502
2011-04-30 20:00:00,138.83473
2011-04-30 21:00:00,112.000305
2011-04-30 22:00:00,95.649025
2011-04-30 23:00:00,79.34887
2011-05-20 00:00:00,37.646236
2011-05-20 01:00:00,14.297604
2011-05-20 02:00:00,8.82913
2011-05-20 03:00:00,7.406357
2011-05-20 04:00:00,7.3793035
2011-05-20 05:00:00,23.710855
2011-05-20 06:00:00,101.31059
2011-05-20 07:00:00,247.96648
2011-05-20 08:00:00,427.78033
2011-05-20 09:00:00,232.56592
2011-05-20 10:00:00,166.52101
2011-05-20 11:00:00,203.26865
2011-05-20 12:00:00,236.61812
2011-05-20 13:00:00,238.10529
2011-05-20 14:00:00,232.28784
2011-05-20 15:00:00,243.87515
2011-05-20 16:00:00,346.77542
2011-05-20 17:00:00,522.3654
2011-05-20 18:00:00,490.12314
2011-05-20 19:00:00,352.62296
2011-05-20 20:00:00,257.39935
2011-05-20 21:00:00,199.70993
2011-05-20 22:00:00,151.75316
2011-05-20 23:00:00,123.878784
2011-05-21 00:00:00,92.83002
2011-05-21 01:00:00,66.72635
2011-05-21 02:00:00,54.375404
2011-05-21 03:00:00,26.974115
2011-05-21 04:00:00,15.360791
2011-05-21 05:00:00,17.901423
2011-05-21 06:00:00,33.238586
2011-05-21 07:00:00,68.44119
2011-05-21 08:00:00,137.88205
2011-05-21 09:00:00,225.64674
2011-05-21 10:00:00,307.2653
2011-05-21 11:00:00,385.7231
2011-05-21 12:00:00,431.10547
2011-05-21 13:00:00,435.5264
2011-05-21 14:00:00,420.74982
2011-05-21 15:00:00,429.0479
2011-05-21 16:00:00,443.073
2011-05-21 17:00:00,433.8013
2011-05-21 18:00:00,380.27206
2011-05-21 19:00:00,320.9225
2011-05-21 20:00:00,237.09293
2011-05-21 21:00:00,207.571
2011-05-21 22:00:00,170.33186
2011-05-21 23:00:00,131.69455
2011-05-22 00:00:00,93.24165
2011-05-22 01:00:00,68.24095
2011-05-22 02:00:00,54.887306
2011-05-22 03:00:00,23.858242
2011-05-22 04:00:00,13.264919
2011-05-22 05:00:00,10.067736
2011-05-22 06:00:00,14.180412
2011-05-22 07:00:00,44.4261
2011-05-22 08:00:00,98.12017
2011-05-22 09:00:00,192.16362
2011-05-22 10:00:00,298.54816
2011-05-22 11:00:00,372.18265
2011-05-22 12:00:00,408.0166
2011-05-22 13:00:00,432.42242
2011-05-22 14:00:00,383.88718
2011-05-22 15:00:00,405.1011
2011-05-22 16:00:00,422.13666
2011-05-22 17:00:00,396.63486
2011-05-22 18:00:00,367.1623
2011-05-22 19:00:00,316.17807
2011-05-22 20:00:00,236.06822
2011-05-22 21:00:00,190.48546
2011-05-22 22:00:00,115.58436
2011-05-22 23:00:00,81.1838
2011-05-23 00:00:00,37.428677
2011-05-23 01:00:00,18.242302
2011-05-23 02:00:00,13.569545
2011-05-23 03:00:00,7.2218237
2011-05-23 04:00:00,6.5845547
2011-05-23 05:00:00,19.764143
2011-05-23 06:00:00,84.0206
2011-05-23 07:00:00,182.93019
2011-05-23 08:00:00,375.86633
2011-05-23 09:00:00,182.5589
2011-05-23 10:00:00,121.81629
2011-05-23 11:00:00,149.99275
2011-05-23 12:00:00,183.27893
2011-05-23 13:00:00,180.84012
2011-05-23 14:00:00,178.24307
2011-05-23 15:00:00,178.25252
2011-05-23 16:00:00,283.21005
2011-05-23 17:00:00,496.78433
2011-05-23 18:00:00,476.2472
2011-05-23 19:00:00,363.2706
2011-05-23 20:00:00,218.75452
2011-05-23 21:00:00,136.16335
2011-05-23 22:00:00,70.054436
2011-05-23 23:00:00,70.985664
2011-05-24 00:00:00,26.282003
2011-05-24 01:00:00,11.982094
2011-05-24 02:00:00,11.221626
2011-05-24 03:00:00,7.5304523
2011-05-24 04:00:00,8.616626
2011-05-24 05:00:00,20.01661
2011-05-24 06:00:00,89.52047
2011-05-24 07:00:00,306.59485
2011-05-24 08:00:00,442.4472
2011-05-24 09:00:00,226.88445
2011-05-24 10:00:00,128.3107
2011-05-24 11:00:00,148.24022
2011-05-24 12:00:00,185.45488
2011-05-24 13:00:00,168.50343
2011-05-24 14:00:00,152.63698
2011-05-24 15:00:00,186.39032
2011-05-24 16:00:00,300.78543
2011-05-24 17:00:00,543.76355
2011-05-24 18:00:00,537.3005
2011-05-24 19:00:00,379.89066
2011-05-24 20:00:00,284.23282
2011-05-24 21:00:00,207.50743
2011-05-24 22:00:00,120.21173
2011-05-24 23:00:00,112.72205
2011-05-25 00:00:00,35.336494
2011-05-25 01:00:00,18.497591
2011-05-25 02:00:00,8.13947
2011-05-25 03:00:00,8.816257
2011-05-25 04:00:00,7.7323756
2011-05-25 05:00:00,30.875355
2011-05-25 06:00:00,89.52163
2011-05-25 07:00:00,307.9859
2011-05-25 08:00:00,459.7481
2011-05-25 09:00:00,219.91959
2011-05-25 10:00:00,129.14903
2011-05-25 11:00:00,146.93742
2011-05-25 12:00:00,189.56627
2011-05-25 13:00:00,180.72862
2011-05-25 14:00:00,172.21724
2011-05-25 15:00:00,166.56279
2011-05-25 16:00:00,280.70743
2011-05-25 17:00:00,546.13837
2011-05-25 18:00:00,539.3599
2011-05-25 19:00:00,400.55466
2011-05-25 20:00:00,303.85547
2011-05-25 21:00:00,231.12485
2011-05-25 22:00:00,167.5793
2011-05-25 23:00:00,108.1216
2011-05-26 00:00:00,51.406822
2011-05-26 01:00:00,28.672018
2011-05-26 02:00:00,14.39168
2011-05-26 03:00:00,8.998705
2011-05-26 04:00:00,9.615728
2011-05-26 05:00:00,27.58369
2011-05-26 06:00:00,88.85572
2011-05-26 07:00:00,198.00172
2011-05-26 08:00:00,456.56543
2011-05-26 09:00:00,223.73262
2011-05-26 10:00:00,137.87383
2011-05-26 11:00:00,162.38612
2011-05-26 12:00:00,182.56259
2011-05-26 13:00:00,175.79947
2011-05-26 14:00:00,158.69128
2011-05-26 15:00:00,157.0919
2011-05-26 16:00:00,287.4709
2011-05-26 17:00:00,485.94437
2011-05-26 18:00:00,475.79688
2011-05-26 19:00:00,340.92377
2011-05-26 20:00:00,299.30783
2011-05-26 21:00:00,225.68283
2011-05-26 22:00:00,180.9476
2011-05-26 23:00:00,126.957855
2011-05-27 00:00:00,62.173782
2011-05-27 01:00:00,32.674572
2011-05-27 02:00:00,28.026943
2011-05-27 03:00:00,19.744482
2011-05-27 04:00:00,18.094635
2011-05-27 05:00:00,41.311356
2011-05-27 06:00:00,110.205414
2011-05-27 07:00:00,281.24582
2011-05-27 08:00:00,454.85596
2011-05-27 09:00:00,246.25568
2011-05-27 10:00:00,178.21297
2011-05-27 11:00:00,188.89435
2011-05-27 12:00:00,219.56665
2011-05-27 13:00:00,236.22249
2011-05-27 14:00:00,207.16539
2011-05-27 15:00:00,223.21928
2011-05-27 16:00:00,325.38092
2011-05-27 17:00:00,522.5104
2011-05-27 18:00:00,469.57254
2011-05-27 19:00:00,315.01816
2011-05-27 20:00:00,259.2915
2011-05-27 21:00:00,166.28905
2011-05-27 22:00:00,169.47507
2011-05-27 23:00:00,128.24815
2011-05-28 00:00:00,98.36236
2011-05-28 01:00:00,77.19313
2011-05-28 02:00:00,58.883358
2011-05-28 03:00:00,30.782568
2011-05-28 04:00:00,14.788508
2011-05-28 05:00:00,21.53251
2011-05-28 06:00:00,24.456202
2011-05-28 07:00:00,61.604424
2011-05-28 08:00:00,133.62161
2011-05-28 09:00:00,214.79393
2011-05-28 10:00:00,305.88797
2011-05-28 11:00:00,375.42117
2011-05-28 12:00:00,402.12448
2011-05-28 13:00:00,416.31232
2011-05-28 14:00:00,396.43857
2011-05-28 15:00:00,419.77933
2011-05-28 16:00:00,404.7037
2011-05-28 17:00:00,419.35352
2011-05-28 18:00:00,361.47293
2011-05-28 19:00:00,321.25684
2011-05-28 20:00:00,256.4183
2011-05-28 21:00:00,195.9902
2011-05-28 22:00:00,180.55875
2011-05-28 23:00:00,129.16153
2011-05-29 00:00:00,95.90494
2011-05-29 01:00:00,79.90093
2011-05-29 02:00:00,62.05356
2011-05-29 03:00:00,34.63168
2011-05-29 04:00:00,11.591447
2011-05-29 05:00:00,14.446803
2011-05-29 06:00:00,27.52629
2011-05-29 07:00:00,44.70206
2011-05-29 08:00:00,96.68466
2011-05-29 09:00:00,114.43825
2011-05-29 10:00:00,247.7041
2011-05-29 11:00:00,301.24918
2011-05-29 12:00:00,367.97626
2011-05-29 13:00:00,386.18597
2011-05-29 14:00:00,352.5425
2011-05-29 15:00:00,347.15213
2011-05-29 16:00:00,355.70117
2011-05-29 17:00:00,329.2879
2011-05-29 18:00:00,304.40424
2011-05-29 19:00:00,274.31458
2011-05-29 20:00:00,217.96332
2011-05-29 21:00:00,173.11592
2011-05-29 22:00:00,121.72675
2011-05-29 23:00:00,104.127655
2011-05-30 00:00:00,79.09106
2011-05-30 01:00:00,66.1414
2011-05-30 02:00:00,47.477123
2011-05-30 03:00:00,32.722008
2011-05-30 04:00:00,25.219044
2011-05-30 05:00:00,40.169506
2011-05-30 06:00:00,54.178688
2011-05-30 07:00:00,111.23103
2011-05-30 08:00:00,221.98993
2011-05-30 09:00:00,238.70068
2011-05-30 10:00:00,243.29749
2011-05-30 11:00:00,299.3129
2011-05-30 12:00:00,327.38394
2011-05-30 13:00:00,328.9698
2011-05-30 14:00:00,319.50214
2011-05-30 15:00:00,308.55682
2011-05-30 16:00:00,326.78494
2011-05-30 17:00:00,456.4565
2011-05-30 18:00:00,463.1563
2011-05-30 19:00:00,297.9613
2011-05-30 20:00:00,331.5771
2011-05-30 21:00:00,270.23074
2011-05-30 22:00:00,193.14862
2011-05-30 23:00:00,104.39454
2011-05-31 00:00:00,42.82711
2011-05-31 01:00:00,35.182983
2011-05-31 02:00:00,15.846677
2011-05-31 03:00:00,6.969083
2011-05-31 04:00:00,10.695946
2011-05-31 05:00:00,30.915283
2011-05-31 06:00:00,121.90069
2011-05-31 07:00:00,324.84552
2011-05-31 08:00:00,444.68665
2011-05-31 09:00:00,196.85666
2011-05-31 10:00:00,118.075165
2011-05-31 11:00:00,120.07513
2011-05-31 12:00:00,153.88762
2011-05-31 13:00:00,151.11435
2011-05-31 14:00:00,127.91289
2011-05-31 15:00:00,151.94397
2011-05-31 16:00:00,246.8131
2011-05-31 17:00:00,529.5921
2011-05-31 18:00:00,529.6455
2011-05-31 19:00:00,389.77066
2011-05-31 20:00:00,294.3824
2011-05-31 21:00:00,215.49348
2011-05-31 22:00:00,161.29112
2011-05-31 23:00:00,105.41557
2011-06-20 00:00:00,35.445927
2011-06-20 01:00:00,14.354492
2011-06-20 02:00:00,8.651945
2011-06-20 03:00:00,6.576922
2011-06-20 04:00:00,8.535147
2011-06-20 05:00:00,27.212425
2011-06-20 06:00:00,104.077484
2011-06-20 07:00:00,255.84782
2011-06-20 08:00:00,396.4506
2011-06-20 09:00:00,191.77876
2011-06-20 10:00:00,106.8771
2011-06-20 11:00:00,131.34676
2011-06-20 12:00:00,168.17964
2011-06-20 13:00:00,171.92313
2011-06-20 14:00:00,163.77509
2011-06-20 15:00:00,182.47975
2011-06-20 16:00:00,293.86594
2011-06-20 17:00:00,555.22015
2011-06-20 18:00:00,538.2468
2011-06-20 19:00:00,387.86777
2011-06-20 20:00:00,290.78104
2011-06-20 21:00:00,210.42876
2011-06-20 22:00:00,147.54268
2011-06-20 23:00:00,64.64939
2011-06-21 00:00:00,33.098373
2011-06-21 01:00:00,12.39268
2011-06-21 02:00:00,8.260237
2011-06-21 03:00:00,6.970831
2011-06-21 04:00:00,7.4035344
2011-06-21 05:00:00,25.357101
2011-06-21 06:00:00,101.515465
2011-06-21 07:00:00,175.52379
2011-06-21 08:00:00,401.14728
2011-06-21 09:00:00,195.88263
2011-06-21 10:00:00,104.223785
2011-06-21 11:00:00,113.264946
2011-06-21 12:00:00,160.83806
2011-06-21 13:00:00,166.58203
2011-06-21 14:00:00,162.83171
2011-06-21 15:00:00,170.69417
2011-06-21 16:00:00,267.83563
2011-06-21 17:00:00,534.55005
2011-06-21 18:00:00,468.17923
2011-06-21 19:00:00,346.35672
2011-06-21 20:00:00,277.31506
2011-06-21 21:00:00,218.5413
2011-06-21 22:00:00,156.7574
2011-06-21 23:00:00,92.26896
2011-06-22 00:00:00,39.383675
2011-06-22 01:00:00,17.356895
2011-06-22 02:00:00,8.621465
2011-06-22 03:00:00,7.958155
2011-06-22 04:00:00,6.645883
2011-06-22 05:00:00,25.14821
2011-06-22 06:00:00,104.46943
2011-06-22 07:00:00,304.82608
2011-06-22 08:00:00,442.8668
2011-06-22 09:00:00,205.11102
2011-06-22 10:00:00,93.73159
2011-06-22 11:00:00,136.54659
2011-06-22 12:00:00,172.42139
2011-06-22 13:00:00,152.73141
2011-06-22 14:00:00,156.91599
2011-06-22 15:00:00,150.39462
2011-06-22 16:00:00,259.2501
2011-06-22 17:00:00,527.9357
2011-06-22 18:00:00,501.83212
2011-06-22 19:00:00,377.7478
2011-06-22 20:00:00,280.91562
2011-06-22 21:00:00,207.15158
2011-06-22 22:00:00,162.22073
2011-06-22 23:00:00,90.87382
2011-06-23 00:00:00,48.625454
2011-06-23 01:00:00,23.807417
2011-06-23 02:00:00,19.047249
2011-06-23 03:00:00,12.322626
2011-06-23 04:00:00,8.236663
2011-06-23 05:00:00,31.951046
2011-06-23 06:00:00,114.67645
2011-06-23 07:00:00,313.10474
2011-06-23 08:00:00,430.0911
2011-06-23 09:00:00,200.32245
2011-06-23 10:00:00,130.48717
2011-06-23 11:00:00,144.79198
2011-06-23 12:00:00,177.21242
2011-06-23 13:00:00,175.68314
2011-06-23 14:00:00,154.96732
2011-06-23 15:00:00,176.81798
2011-06-23 16:00:00,268.52875
2011-06-23 17:00:00,446.03745
2011-06-23 18:00:00,434.55313
2011-06-23 19:00:00,323.61407
2011-06-23 20:00:00,283.2814
2011-06-23 21:00:00,219.69806
2011-06-23 22:00:00,167.066
2011-06-23 23:00:00,93.68841
2011-06-24 00:00:00,60.786503
2011-06-24 01:00:00,20.10718
2011-06-24 02:00:00,11.433462
2011-06-24 03:00:00,10.540689
2011-06-24 04:00:00,8.100497
2011-06-24 05:00:00,23.51809
2011-06-24 06:00:00,103.191086
2011-06-24 07:00:00,265.15796
2011-06-24 08:00:00,437.25134
2011-06-24 09:00:00,231.13475
2011-06-24 10:00:00,150.35547
2011-06-24 11:00:00,187.19199
2011-06-24 12:00:00,223.66856
2011-06-24 13:00:00,234.88382
2011-06-24 14:00:00,207.64027
2011-06-24 15:00:00,229.86948
2011-06-24 16:00:00,323.59186
2011-06-24 17:00:00,544.2544
2011-06-24 18:00:00,483.13486
2011-06-24 19:00:00,359.8106
2011-06-24 20:00:00,283.05447
2011-06-24 21:00:00,232.02414
2011-06-24 22:00:00,201.32295
2011-06-24 23:00:00,162.98616
2011-06-25 00:00:00,119.43924
2011-06-25 01:00:00,85.017006
2011-06-25 02:00:00,64.68319
2011-06-25 03:00:00,34.076992
2011-06-25 04:00:00,16.480238
2011-06-25 05:00:00,19.574497
2011-06-25 06:00:00,36.446125
2011-06-25 07:00:00,83.83212
2011-06-25 08:00:00,158.12473
2011-06-25 09:00:00,223.03738
2011-06-25 10:00:00,308.76312
2011-06-25 11:00:00,364.36758
2011-06-25 12:00:00,426.20416
2011-06-25 13:00:00,427.9571
2011-06-25 14:00:00,405.68295
2011-06-25 15:00:00,397.43423
2011-06-25 16:00:00,428.00378
2011-06-25 17:00:00,435.78445
2011-06-25 18:00:00,372.3966
2011-06-25 19:00:00,328.43326
2011-06-25 20:00:00,281.47604
2011-06-25 21:00:00,226.86269
2011-06-25 22:00:00,203.80861
2011-06-25 23:00:00,144.722
2011-06-26 00:00:00,104.046295
2011-06-26 01:00:00,88.48989
2011-06-26 02:00:00,72.02777
2011-06-26 03:00:00,33.380157
2011-06-26 04:00:00,13.683651
2011-06-26 05:00:00,8.981993
2011-06-26 06:00:00,14.288087
2011-06-26 07:00:00,51.408684
2011-06-26 08:00:00,112.926895
2011-06-26 09:00:00,186.48273
2011-06-26 10:00:00,293.6696
2011-06-26 11:00:00,359.07788
2011-06-26 12:00:00,410.4407
2011-06-26 13:00:00,396.7759
2011-06-26 14:00:00,396.4676
2011-06-26 15:00:00,376.35614
2011-06-26 16:00:00,400.13583
2011-06-26 17:00:00,386.2935
2011-06-26 18:00:00,342.76218
2011-06-26 19:00:00,307.6739
2011-06-26 20:00:00,238.5241
2011-06-26 21:00:00,200.86066
2011-06-26 22:00:00,165.69586
2011-06-26 23:00:00,111.85426
2011-06-27 00:00:00,31.726404
2011-06-27 01:00:00,14.935306
2011-06-27 02:00:00,8.7019615
2011-06-27 03:00:00,6.740227
2011-06-27 04:00:00,8.563671
2011-06-27 05:00:00,26.341019
2011-06-27 06:00:00,102.21282
2011-06-27 07:00:00,287.83084
2011-06-27 08:00:00,391.57135
2011-06-27 09:00:00,195.54218
2011-06-27 10:00:00,121.3608
2011-06-27 11:00:00,144.53494
2011-06-27 12:00:00,170.68713
2011-06-27 13:00:00,172.03879
2011-06-27 14:00:00,159.75975
2011-06-27 15:00:00,155.3052
2011-06-27 16:00:00,280.75394
2011-06-27 17:00:00,559.63513
2011-06-27 18:00:00,536.6125
2011-06-27 19:00:00,390.11728
2011-06-27 20:00:00,286.97604
2011-06-27 21:00:00,206.55713
2011-06-27 22:00:00,143.22931
2011-06-27 23:00:00,82.38181
2011-06-28 00:00:00,34.748768
2011-06-28 01:00:00,14.619968
2011-06-28 02:00:00,9.071295
2011-06-28 03:00:00,6.836857
2011-06-28 04:00:00,7.214672
2011-06-28 05:00:00,24.949364
2011-06-28 06:00:00,103.22848
2011-06-28 07:00:00,302.004
2011-06-28 08:00:00,418.48563
2011-06-28 09:00:00,195.47295
2011-06-28 10:00:00,128.32408
2011-06-28 11:00:00,137.50034
2011-06-28 12:00:00,169.07445
2011-06-28 13:00:00,156.4521
2011-06-28 14:00:00,141.10022
2011-06-28 15:00:00,143.57375
2011-06-28 16:00:00,248.37103
2011-06-28 17:00:00,523.2038
2011-06-28 18:00:00,528.4006
2011-06-28 19:00:00,359.80716
2011-06-28 20:00:00,288.8665
2011-06-28 21:00:00,192.87076
2011-06-28 22:00:00,124.23191
2011-06-28 23:00:00,70.93039
2011-06-29 00:00:00,29.375517
2011-06-29 01:00:00,10.210594
2011-06-29 02:00:00,9.088655
2011-06-29 03:00:00,6.6590805
2011-06-29 04:00:00,6.9841976
2011-06-29 05:00:00,25.389685
2011-06-29 06:00:00,100.77883
2011-06-29 07:00:00,314.2898
2011-06-29 08:00:00,444.60278
2011-06-29 09:00:00,210.13377
2011-06-29 10:00:00,124.338905
2011-06-29 11:00:00,155.87476
2011-06-29 12:00:00,189.37914
2011-06-29 13:00:00,169.43092
2011-06-29 14:00:00,166.69113
2011-06-29 15:00:00,183.36432
2011-06-29 16:00:00,286.66885
2011-06-29 17:00:00,549.41156
2011-06-29 18:00:00,526.2248
2011-06-29 19:00:00,384.8266
2011-06-29 20:00:00,298.31317
2011-06-29 21:00:00,236.26141
2011-06-29 22:00:00,189.79082
2011-06-29 23:00:00,116.13553
2011-06-30 00:00:00,47.82728
2011-06-30 01:00:00,19.95444
2011-06-30 02:00:00,12.790218
2011-06-30 03:00:00,9.060957
2011-06-30 04:00:00,9.887897
2011-06-30 05:00:00,26.229588
2011-06-30 06:00:00,108.090294
2011-06-30 07:00:00,312.632
2011-06-30 08:00:00,443.06897
2011-06-30 09:00:00,209.21832
2011-06-30 10:00:00,132.07588
2011-06-30 11:00:00,162.79468
2011-06-30 12:00:00,199.28955
2011-06-30 13:00:00,194.39807
2011-06-30 14:00:00,171.35393
2011-06-30 15:00:00,186.68713
2011-06-30 16:00:00,293.59146
2011-06-30 17:00:00,547.70746
2011-06-30 18:00:00,526.42505
2011-06-30 19:00:00,391.78516
2011-06-30 20:00:00,313.1877
2011-06-30 21:00:00,236.62543
2011-06-30 22:00:00,190.97417
2011-06-30 23:00:00,124.28674
2011-07-20 00:00:00,38.818016
2011-07-20 01:00:00,23.033865
2011-07-20 02:00:00,16.31366
2011-07-20 03:00:00,10.420794
2011-07-20 04:00:00,7.7698083
2011-07-20 05:00:00,25.374752
2011-07-20 06:00:00,115.02903
2011-07-20 07:00:00,310.2071
2011-07-20 08:00:00,421.26593
2011-07-20 09:00:00,196.27013
2011-07-20 10:00:00,116.3923
2011-07-20 11:00:00,134.1948
2011-07-20 12:00:00,149.20657
2011-07-20 13:00:00,162.80876
2011-07-20 14:00:00,155.55257
2011-07-20 15:00:00,158.29189
2011-07-20 16:00:00,239.057
2011-07-20 17:00:00,519.25134
2011-07-20 18:00:00,502.97043
2011-07-20 19:00:00,370.1228
2011-07-20 20:00:00,280.34595
2011-07-20 21:00:00,231.58054
2011-07-20 22:00:00,164.46495
2011-07-20 23:00:00,85.70415
2011-07-21 00:00:00,54.81483
2011-07-21 01:00:00,21.51208
2011-07-21 02:00:00,14.0583
2011-07-21 03:00:00,10.870312
2011-07-21 04:00:00,14.893204
2011-07-21 05:00:00,36.196888
2011-07-21 06:00:00,120.346535
2011-07-21 07:00:00,306.6489
2011-07-21 08:00:00,421.9067
2011-07-21 09:00:00,188.25351
2011-07-21 10:00:00,124.79198
2011-07-21 11:00:00,146.87672
2011-07-21 12:00:00,171.72156
2011-07-21 13:00:00,167.62761
2011-07-21 14:00:00,164.23657
2011-07-21 15:00:00,152.96716
2011-07-21 16:00:00,237.81113
2011-07-21 17:00:00,464.91513
2011-07-21 18:00:00,452.13354
2011-07-21 19:00:00,314.5164
2011-07-21 20:00:00,264.92218
2011-07-21 21:00:00,208.41136
2011-07-21 22:00:00,167.85312
2011-07-21 23:00:00,111.43179
2011-07-22 00:00:00,64.84051
2011-07-22 01:00:00,27.16137
2011-07-22 02:00:00,26.014168
2011-07-22 03:00:00,17.080282
2011-07-22 04:00:00,18.046843
2011-07-22 05:00:00,30.746078
2011-07-22 06:00:00,116.04545
2011-07-22 07:00:00,280.0299
2011-07-22 08:00:00,391.6141
2011-07-22 09:00:00,200.54495
2011-07-22 10:00:00,141.124
2011-07-22 11:00:00,155.87363
2011-07-22 12:00:00,183.83286
2011-07-22 13:00:00,181.70271
2011-07-22 14:00:00,173.62312
2011-07-22 15:00:00,186.8417
2011-07-22 16:00:00,277.3357
2011-07-22 17:00:00,459.70905
2011-07-22 18:00:00,447.847
2011-07-22 19:00:00,333.65143
2011-07-22 20:00:00,252.53331
2011-07-22 21:00:00,224.36365
2011-07-22 22:00:00,198.49048
2011-07-22 23:00:00,144.14113
2011-07-23 00:00:00,107.37834
2011-07-23 01:00:00,92.01571
2011-07-23 02:00:00,66.77645
2011-07-23 03:00:00,41.05318
2011-07-23 04:00:00,20.30145
2011-07-23 05:00:00,27.194311
2011-07-23 06:00:00,43.27826
2011-07-23 07:00:00,92.26617
2011-07-23 08:00:00,148.40157
2011-07-23 09:00:00,206.20865
2011-07-23 10:00:00,286.02
2011-07-23 11:00:00,315.8317
2011-07-23 12:00:00,343.47946
2011-07-23 13:00:00,326.3685
2011-07-23 14:00:00,318.10455
2011-07-23 15:00:00,306.93582
2011-07-23 16:00:00,304.92062
2011-07-23 17:00:00,302.32324
2011-07-23 18:00:00,304.57504
2011-07-23 19:00:00,307.0404
2011-07-23 20:00:00,273.68066
2011-07-23 21:00:00,229.33264
2011-07-23 22:00:00,207.75444
2011-07-23 23:00:00,160.31204
2011-07-24 00:00:00,123.25437
2011-07-24 01:00:00,94.93704
2011-07-24 02:00:00,81.27564
2011-07-24 03:00:00,44.73666
2011-07-24 04:00:00,23.31401
2011-07-24 05:00:00,27.714376
2011-07-24 06:00:00,31.530079
2011-07-24 07:00:00,76.503426
2011-07-24 08:00:00,120.71832
2011-07-24 09:00:00,177.54045
2011-07-24 10:00:00,288.5457
2011-07-24 11:00:00,328.3617
2011-07-24 12:00:00,343.2645
2011-07-24 13:00:00,369.33704
2011-07-24 14:00:00,340.92563
2011-07-24 15:00:00,314.6019
2011-07-24 16:00:00,311.48706
2011-07-24 17:00:00,308.1239
2011-07-24 18:00:00,304.50226
2011-07-24 19:00:00,298.0518
2011-07-24 20:00:00,273.13297
2011-07-24 21:00:00,193.69456
2011-07-24 22:00:00,138.81686
2011-07-24 23:00:00,99.99095
2011-07-25 00:00:00,36.789692
2011-07-25 01:00:00,27.507496
2011-07-25 02:00:00,16.884954
2011-07-25 03:00:00,11.371869
2011-07-25 04:00:00,15.964519
2011-07-25 05:00:00,37.31705
2011-07-25 06:00:00,114.8052
2011-07-25 07:00:00,298.33234
2011-07-25 08:00:00,391.52002
2011-07-25 09:00:00,185.02771
2011-07-25 10:00:00,112.1096
2011-07-25 11:00:00,135.88768
2011-07-25 12:00:00,164.2065
2011-07-25 13:00:00,147.69171
2011-07-25 14:00:00,128.46674
2011-07-25 15:00:00,113.16495
2011-07-25 16:00:00,183.56802
2011-07-25 17:00:00,443.01443
2011-07-25 18:00:00,472.92987
2011-07-25 19:00:00,372.50427
2011-07-25 20:00:00,278.40167
2011-07-25 21:00:00,179.41562
2011-07-25 22:00:00,136.50833
2011-07-25 23:00:00,82.264755
2011-07-26 00:00:00,36.285194
2011-07-26 01:00:00,16.198006
2011-07-26 02:00:00,18.559944
2011-07-26 03:00:00,17.379501
2011-07-26 04:00:00,14.787427
2011-07-26 05:00:00,36.151833
2011-07-26 06:00:00,106.74379
2011-07-26 07:00:00,319.8006
2011-07-26 08:00:00,440.6512
2011-07-26 09:00:00,201.97766
2011-07-26 10:00:00,128.12762
2011-07-26 11:00:00,140.70148
2011-07-26 12:00:00,171.26173
2011-07-26 13:00:00,175.12445
2011-07-26 14:00:00,161.48956
2011-07-26 15:00:00,171.19221
2011-07-26 16:00:00,269.68686
2011-07-26 17:00:00,555.6497
2011-07-26 18:00:00,538.20886
2011-07-26 19:00:00,385.87973
2011-07-26 20:00:00,298.35663
2011-07-26 21:00:00,244.31082
2011-07-26 22:00:00,171.60185
2011-07-26 23:00:00,102.57433
2011-07-27 00:00:00,44.26983
2011-07-27 01:00:00,22.142344
2011-07-27 02:00:00,10.044808
2011-07-27 03:00:00,10.160627
2011-07-27 04:00:00,12.105835
2011-07-27 05:00:00,31.546852
2011-07-27 06:00:00,111.48796
2011-07-27 07:00:00,317.69604
2011-07-27 08:00:00,437.49286
2011-07-27 09:00:00,204.73164
2011-07-27 10:00:00,114.30545
2011-07-27 11:00:00,138.22342
2011-07-27 12:00:00,186.57124
2011-07-27 13:00:00,181.31061
2011-07-27 14:00:00,167.44572
2011-07-27 15:00:00,173.98547
2011-07-27 16:00:00,283.10956
2011-07-27 17:00:00,567.2203
2011-07-27 18:00:00,573.2987
2011-07-27 19:00:00,427.1824
2011-07-27 20:00:00,309.32135
2011-07-27 21:00:00,235.21698
2011-07-27 22:00:00,176.51935
2011-07-27 23:00:00,107.644104
2011-07-28 00:00:00,51.211628
2011-07-28 01:00:00,18.080034
2011-07-28 02:00:00,13.285477
2011-07-28 03:00:00,6.78271
2011-07-28 04:00:00,7.827956
2011-07-28 05:00:00,25.758926
2011-07-28 06:00:00,105.04775
2011-07-28 07:00:00,315.8176
2011-07-28 08:00:00,432.50317
2011-07-28 09:00:00,205.49498
2011-07-28 10:00:00,132.02998
2011-07-28 11:00:00,138.86913
2011-07-28 12:00:00,173.6253
2011-07-28 13:00:00,168.50052
2011-07-28 14:00:00,164.38747
2011-07-28 15:00:00,159.32349
2011-07-28 16:00:00,261.8692
2011-07-28 17:00:00,530.53687
2011-07-28 18:00:00,480.03293
2011-07-28 19:00:00,375.27643
2011-07-28 20:00:00,287.99475
2011-07-28 21:00:00,210.18639
2011-07-28 22:00:00,126.30678
2011-07-28 23:00:00,118.395805
2011-07-29 00:00:00,61.36597
2011-07-29 01:00:00,30.749529
2011-07-29 02:00:00,21.746386
2011-07-29 03:00:00,15.00478
2011-07-29 04:00:00,17.617878
2011-07-29 05:00:00,38.392532
2011-07-29 06:00:00,116.98173
2011-07-29 07:00:00,287.4469
2011-07-29 08:00:00,407.3077
2011-07-29 09:00:00,202.6381
2011-07-29 10:00:00,150.29967
2011-07-29 11:00:00,173.58946
2011-07-29 12:00:00,170.82433
2011-07-29 13:00:00,169.54451
2011-07-29 14:00:00,166.69484
2011-07-29 15:00:00,173.20352
2011-07-29 16:00:00,256.93237
2011-07-29 17:00:00,437.90442
2011-07-29 18:00:00,415.8383
2011-07-29 19:00:00,315.5595
2011-07-29 20:00:00,252.68768
2011-07-29 21:00:00,231.46286
2011-07-29 22:00:00,209.50136
2011-07-29 23:00:00,146.79959
2011-07-30 00:00:00,120.98464
2011-07-30 01:00:00,88.01548
2011-07-30 02:00:00,72.109436
2011-07-30 03:00:00,39.38218
2011-07-30 04:00:00,15.993729
2011-07-30 05:00:00,18.019646
2011-07-30 06:00:00,25.503218
2011-07-30 07:00:00,80.13093
2011-07-30 08:00:00,145.79718
2011-07-30 09:00:00,213.25403
2011-07-30 10:00:00,304.00452
2011-07-30 11:00:00,355.0998
2011-07-30 12:00:00,396.42212
2011-07-30 13:00:00,384.82468
2011-07-30 14:00:00,364.45425
2011-07-30 15:00:00,373.2588
2011-07-30 16:00:00,372.75055
2011-07-30 17:00:00,372.272
2011-07-30 18:00:00,368.12735
2011-07-30 19:00:00,344.80063
2011-07-30 20:00:00,279.48642
2011-07-30 21:00:00,239.15927
2011-07-30 22:00:00,207.82182
2011-07-30 23:00:00,152.16493
2011-07-31 00:00:00,120.86317
2011-07-31 01:00:00,89.27924
2011-07-31 02:00:00,74.58153
2011-07-31 03:00:00,31.78944
2011-07-31 04:00:00,11.830608
2011-07-31 05:00:00,13.091805
2011-07-31 06:00:00,18.2463
2011-07-31 07:00:00,70.280716
2011-07-31 08:00:00,122.22324
2011-07-31 09:00:00,197.861
2011-07-31 10:00:00,294.68286
2011-07-31 11:00:00,319.84695
2011-07-31 12:00:00,349.277
2011-07-31 13:00:00,365.94696
2011-07-31 14:00:00,362.21747
2011-07-31 15:00:00,328.4411
2011-07-31 16:00:00,323.50757
2011-07-31 17:00:00,326.15884
2011-07-31 18:00:00,327.28632
2011-07-31 19:00:00,301.97162
2011-07-31 20:00:00,251.71371
2011-07-31 21:00:00,193.8243
2011-07-31 22:00:00,98.91991
2011-07-31 23:00:00,90.00497
2011-08-20 00:00:00,86.812454
2011-08-20 01:00:00,69.80026
2011-08-20 02:00:00,57.39367
2011-08-20 03:00:00,22.338036
2011-08-20 04:00:00,7.292804
2011-08-20 05:00:00,8.955454
2011-08-20 06:00:00,16.947582
2011-08-20 07:00:00,48.335186
2011-08-20 08:00:00,126.79745
2011-08-20 09:00:00,209.96733
2011-08-20 10:00:00,299.1563
2011-08-20 11:00:00,345.45886
2011-08-20 12:00:00,383.65765
2011-08-20 13:00:00,382.69583
2011-08-20 14:00:00,389.99426
2011-08-20 15:00:00,389.1299
2011-08-20 16:00:00,387.36353
2011-08-20 17:00:00,389.14667
2011-08-20 18:00:00,322.78845
2011-08-20 19:00:00,301.78235
2011-08-20 20:00:00,246.08226
2011-08-20 21:00:00,187.2974
2011-08-20 22:00:00,155.07278
2011-08-20 23:00:00,128.69888
2011-08-21 00:00:00,105.4182
2011-08-21 01:00:00,83.210846
2011-08-21 02:00:00,69.98823
2011-08-21 03:00:00,22.565983
2011-08-21 04:00:00,7.7528505
2011-08-21 05:00:00,7.7672386
2011-08-21 06:00:00,8.288967
2011-08-21 07:00:00,31.61082
2011-08-21 08:00:00,79.39114
2011-08-21 09:00:00,171.55605
2011-08-21 10:00:00,219.72324
2011-08-21 11:00:00,309.5606
2011-08-21 12:00:00,354.434
2011-08-21 13:00:00,366.97498
2011-08-21 14:00:00,247.16805
2011-08-21 15:00:00,229.56764
2011-08-21 16:00:00,270.38385
2011-08-21 17:00:00,240.78386
2011-08-21 18:00:00,202.21819
2011-08-21 19:00:00,243.44943
2011-08-21 20:00:00,163.4986
2011-08-21 21:00:00,128.79074
2011-08-21 22:00:00,104.50172
2011-08-21 23:00:00,78.46902
2011-08-22 00:00:00,35.73085
2011-08-22 01:00:00,13.812342
2011-08-22 02:00:00,10.6415825
2011-08-22 03:00:00,8.732312
2011-08-22 04:00:00,7.2973084
2011-08-22 05:00:00,22.560888
2011-08-22 06:00:00,99.957954
2011-08-22 07:00:00,291.68924
2011-08-22 08:00:00,389.62482
2011-08-22 09:00:00,197.6598
2011-08-22 10:00:00,123.78265
2011-08-22 11:00:00,143.32263
2011-08-22 12:00:00,186.9636
2011-08-22 13:00:00,173.49257
2011-08-22 14:00:00,176.04347
2011-08-22 15:00:00,178.48361
2011-08-22 16:00:00,290.5292
2011-08-22 17:00:00,554.1372
2011-08-22 18:00:00,539.83246
2011-08-22 19:00:00,376.849
2011-08-22 20:00:00,283.99512
2011-08-22 21:00:00,205.0391
2011-08-22 22:00:00,126.05091
2011-08-22 23:00:00,74.16714
2011-08-23 00:00:00,36.108055
2011-08-23 01:00:00,13.91145
2011-08-23 02:00:00,6.863727
2011-08-23 03:00:00,6.510334
2011-08-23 04:00:00,7.469403
2011-08-23 05:00:00,26.029503
2011-08-23 06:00:00,104.73094
2011-08-23 07:00:00,319.54968
2011-08-23 08:00:00,433.5019
2011-08-23 09:00:00,208.3255
2011-08-23 10:00:00,126.13894
2011-08-23 11:00:00,146.0526
2011-08-23 12:00:00,191.61488
2011-08-23 13:00:00,205.3227
2011-08-23 14:00:00,191.48808
2011-08-23 15:00:00,195.6113
2011-08-23 16:00:00,308.15283
2011-08-23 17:00:00,585.3587
2011-08-23 18:00:00,567.5242
2011-08-23 19:00:00,364.66028
2011-08-23 20:00:00,272.05743
2011-08-23 21:00:00,202.74277
2011-08-23 22:00:00,159.72467
2011-08-23 23:00:00,89.84191
2011-08-24 00:00:00,40.529118
2011-08-24 01:00:00,14.33083
2011-08-24 02:00:00,7.759799
2011-08-24 03:00:00,7.02351
2011-08-24 04:00:00,6.7019157
2011-08-24 05:00:00,19.560307
2011-08-24 06:00:00,93.85512
2011-08-24 07:00:00,307.596
2011-08-24 08:00:00,426.62186
2011-08-24 09:00:00,191.28552
2011-08-24 10:00:00,122.620316
2011-08-24 11:00:00,143.51466
2011-08-24 12:00:00,171.47472
2011-08-24 13:00:00,175.25308
2011-08-24 14:00:00,167.40169
2011-08-24 15:00:00,166.78471
2011-08-24 16:00:00,255.88135
2011-08-24 17:00:00,517.0661
2011-08-24 18:00:00,474.48312
2011-08-24 19:00:00,340.84427
2011-08-24 20:00:00,254.8315
2011-08-24 21:00:00,190.16063
2011-08-24 22:00:00,131.67047
2011-08-24 23:00:00,54.013065
2011-08-25 00:00:00,28.926706
2011-08-25 01:00:00,9.733815
2011-08-25 02:00:00,6.0839534
2011-08-25 03:00:00,5.802545
2011-08-25 04:00:00,5.5653358
2011-08-25 05:00:00,12.006445
2011-08-25 06:00:00,88.04598
2011-08-25 07:00:00,291.14145
2011-08-25 08:00:00,405.51965
2011-08-25 09:00:00,193.675
2011-08-25 10:00:00,115.72326
2011-08-25 11:00:00,112.69556
2011-08-25 12:00:00,114.55256
2011-08-25 13:00:00,116.09107
2011-08-25 14:00:00,115.76371
2011-08-25 15:00:00,121.84496
2011-08-25 16:00:00,170.92198
2011-08-25 17:00:00,319.81262
2011-08-25 18:00:00,315.51797
2011-08-25 19:00:00,248.13606
2011-08-25 20:00:00,179.19954
2011-08-25 21:00:00,155.60242
2011-08-25 22:00:00,91.157104
2011-08-25 23:00:00,62.500927
2011-08-26 00:00:00,41.05187
2011-08-26 01:00:00,16.404566
2011-08-26 02:00:00,12.428496
2011-08-26 03:00:00,7.091989
2011-08-26 04:00:00,7.4259386
2011-08-26 05:00:00,20.93813
2011-08-26 06:00:00,90.45269
2011-08-26 07:00:00,248.19014
2011-08-26 08:00:00,391.55246
2011-08-26 09:00:00,221.37785
2011-08-26 10:00:00,153.51318
2011-08-26 11:00:00,178.79445
2011-08-26 12:00:00,211.96907
2011-08-26 13:00:00,216.814
2011-08-26 14:00:00,187.58434
2011-08-26 15:00:00,212.73659
2011-08-26 16:00:00,297.40594
2011-08-26 17:00:00,343.591
2011-08-26 18:00:00,363.7726
2011-08-26 19:00:00,248.51836
2011-08-26 20:00:00,202.91202
2011-08-26 21:00:00,165.8679
2011-08-26 22:00:00,140.66403
2011-08-26 23:00:00,119.37389
2011-08-27 00:00:00,104.23856
2011-08-27 01:00:00,84.87214
2011-08-27 02:00:00,66.983635
2011-08-27 03:00:00,29.823921
2011-08-27 04:00:00,12.356743
2011-08-27 05:00:00,8.62363
2011-08-27 06:00:00,11.811773
2011-08-27 07:00:00,52.544914
2011-08-27 08:00:00,109.72185
2011-08-27 09:00:00,146.60161
2011-08-27 10:00:00,205.92117
2011-08-27 11:00:00,218.07036
2011-08-27 12:00:00,225.04257
2011-08-27 13:00:00,247.94077
2011-08-27 14:00:00,184.75449
2011-08-27 15:00:00,190.23567
2011-08-27 16:00:00,175.34102
2011-08-27 17:00:00,96.94037
2011-08-28 07:00:00,13.42689
2011-08-28 08:00:00,47.771828
2011-08-28 09:00:00,136.81192
2011-08-28 10:00:00,255.9018
2011-08-28 11:00:00,328.07172
2011-08-28 12:00:00,386.2645
2011-08-28 13:00:00,396.91046
2011-08-28 14:00:00,370.36813
2011-08-28 15:00:00,366.41113
2011-08-28 16:00:00,375.07718
2011-08-28 17:00:00,378.91846
2011-08-28 18:00:00,340.00986
2011-08-28 19:00:00,291.97144
2011-08-28 20:00:00,222.42088
2011-08-28 21:00:00,171.35602
2011-08-28 22:00:00,112.42252
2011-08-28 23:00:00,65.955284
2011-08-29 00:00:00,32.681793
2011-08-29 01:00:00,11.604615
2011-08-29 02:00:00,7.8161206
2011-08-29 03:00:00,6.9399014
2011-08-29 04:00:00,7.105522
2011-08-29 05:00:00,21.593977
2011-08-29 06:00:00,96.34924
2011-08-29 07:00:00,307.81973
2011-08-29 08:00:00,396.03662
2011-08-29 09:00:00,195.23549
2011-08-29 10:00:00,121.09882
2011-08-29 11:00:00,145.80098
2011-08-29 12:00:00,189.01491
2011-08-29 13:00:00,188.14342
2011-08-29 14:00:00,173.95305
2011-08-29 15:00:00,190.95966
2011-08-29 16:00:00,292.4531
2011-08-29 17:00:00,546.2115
2011-08-29 18:00:00,526.8507
2011-08-29 19:00:00,371.85776
2011-08-29 20:00:00,276.35626
2011-08-29 21:00:00,204.72679
2011-08-29 22:00:00,145.30704
2011-08-29 23:00:00,78.50456
2011-08-30 00:00:00,27.616909
2011-08-30 01:00:00,9.946362
2011-08-30 02:00:00,6.7395506
2011-08-30 03:00:00,6.485144
2011-08-30 04:00:00,7.035804
2011-08-30 05:00:00,24.236864
2011-08-30 06:00:00,101.158035
2011-08-30 07:00:00,309.5417
2011-08-30 08:00:00,437.20392
2011-08-30 09:00:00,202.27948
2011-08-30 10:00:00,130.19655
2011-08-30 11:00:00,151.30923
2011-08-30 12:00:00,187.62123
2011-08-30 13:00:00,192.69019
2011-08-30 14:00:00,180.51193
2011-08-30 15:00:00,190.3889
2011-08-30 16:00:00,292.335
2011-08-30 17:00:00,573.48364
2011-08-30 18:00:00,546.3339
2011-08-30 19:00:00,363.23193
2011-08-30 20:00:00,272.2503
2011-08-30 21:00:00,187.14221
2011-08-30 22:00:00,139.42296
2011-08-30 23:00:00,75.30705
2011-08-31 00:00:00,25.330647
2011-08-31 01:00:00,8.088364
2011-08-31 02:00:00,6.1605883
2011-08-31 03:00:00,6.051285
2011-08-31 04:00:00,6.370436
2011-08-31 05:00:00,19.479433
2011-08-31 06:00:00,93.27574
2011-08-31 07:00:00,299.89307
2011-08-31 08:00:00,414.74197
2011-08-31 09:00:00,195.08357
2011-08-31 10:00:00,117.872055
2011-08-31 11:00:00,145.59848
2011-08-31 12:00:00,181.08638
2011-08-31 13:00:00,188.07887
2011-08-31 14:00:00,170.76746
2011-08-31 15:00:00,180.93167
2011-08-31 16:00:00,280.49515
2011-08-31 17:00:00,546.7315
2011-08-31 18:00:00,526.3615
2011-08-31 19:00:00,347.682
2011-08-31 20:00:00,277.0707
2011-08-31 21:00:00,200.4984
2011-08-31 22:00:00,126.72019
2011-08-31 23:00:00,63.08884
2011-09-20 00:00:00,28.692373
2011-09-20 01:00:00,13.467848
2011-09-20 02:00:00,9.114657
2011-09-20 03:00:00,7.2773476
2011-09-20 04:00:00,9.168157
2011-09-20 05:00:00,28.400908
2011-09-20 06:00:00,106.32394
2011-09-20 07:00:00,279.15573
2011-09-20 08:00:00,305.80972
2011-09-20 09:00:00,163.61024
2011-09-20 10:00:00,105.877884
2011-09-20 11:00:00,103.25702
2011-09-20 12:00:00,86.00571
2011-09-20 13:00:00,73.66663
2011-09-20 14:00:00,89.44804
2011-09-20 15:00:00,144.72478
2011-09-20 16:00:00,188.64926
2011-09-20 17:00:00,344.2831
2011-09-20 18:00:00,338.7401
2011-09-20 19:00:00,233.65685
2011-09-20 20:00:00,134.00688
2011-09-20 21:00:00,99.52655
2011-09-20 22:00:00,85.33638
2011-09-20 23:00:00,56.190453
2011-09-21 00:00:00,18.570826
2011-09-21 01:00:00,7.996725
2011-09-21 02:00:00,6.645558
2011-09-21 03:00:00,6.6457243
2011-09-21 04:00:00,7.3640714
2011-09-21 05:00:00,17.701267
2011-09-21 06:00:00,78.153145
2011-09-21 07:00:00,173.00455
2011-09-21 08:00:00,268.43127
2011-09-21 09:00:00,124.34518
2011-09-21 10:00:00,82.51707
2011-09-21 11:00:00,103.61349
2011-09-21 12:00:00,134.38295
2011-09-21 13:00:00,151.25954
2011-09-21 14:00:00,146.0012
2011-09-21 15:00:00,146.80893
2011-09-21 16:00:00,229.01021
2011-09-21 17:00:00,468.18542
2011-09-21 18:00:00,308.51132
2011-09-21 19:00:00,162.54802
2011-09-21 20:00:00,122.25492
2011-09-21 21:00:00,95.17477
2011-09-21 22:00:00,76.52988
2011-09-21 23:00:00,55.702927
2011-09-22 00:00:00,28.645287
2011-09-22 01:00:00,11.601123
2011-09-22 02:00:00,9.255759
2011-09-22 03:00:00,7.2563815
2011-09-22 04:00:00,7.4763055
2011-09-22 05:00:00,23.206476
2011-09-22 06:00:00,77.32167
2011-09-22 07:00:00,171.63539
2011-09-22 08:00:00,249.60966
2011-09-22 09:00:00,141.88937
2011-09-22 10:00:00,107.170395
2011-09-22 11:00:00,114.348785
2011-09-22 12:00:00,121.04001
2011-09-22 13:00:00,106.89349
2011-09-22 14:00:00,96.89502
2011-09-22 15:00:00,142.88586
2011-09-22 16:00:00,240.88625
2011-09-22 17:00:00,411.957
2011-09-22 18:00:00,282.2736
2011-09-22 19:00:00,206.08415
2011-09-22 20:00:00,123.24477
2011-09-22 21:00:00,125.23278
2011-09-22 22:00:00,81.57473
2011-09-22 23:00:00,64.58478
2011-09-23 00:00:00,42.418774
2011-09-23 01:00:00,14.581581
2011-09-23 02:00:00,11.524347
2011-09-23 03:00:00,7.077148
2011-09-23 04:00:00,7.1675687
2011-09-23 05:00:00,17.943316
2011-09-23 06:00:00,79.86818
2011-09-23 07:00:00,147.39388
2011-09-23 08:00:00,264.74527
2011-09-23 09:00:00,135.25755
2011-09-23 10:00:00,94.88518
2011-09-23 11:00:00,104.456535
2011-09-23 12:00:00,125.51543
2011-09-23 13:00:00,108.14218
2011-09-23 14:00:00,103.16518
2011-09-23 15:00:00,127.39581
2011-09-23 16:00:00,164.30174
2011-09-23 17:00:00,196.63522
2011-09-23 18:00:00,179.13544
2011-09-23 19:00:00,169.18544
2011-09-23 20:00:00,131.90192
2011-09-23 21:00:00,88.007675
2011-09-23 22:00:00,87.444786
2011-09-23 23:00:00,78.64085
2011-09-24 00:00:00,82.40191
2011-09-24 01:00:00,73.82217
2011-09-24 02:00:00,60.398308
2011-09-24 03:00:00,26.194937
2011-09-24 04:00:00,10.798057
2011-09-24 05:00:00,13.255559
2011-09-24 06:00:00,17.691603
2011-09-24 07:00:00,58.98573
2011-09-24 08:00:00,73.22916
2011-09-24 09:00:00,170.43118
2011-09-24 10:00:00,233.64027
2011-09-24 11:00:00,293.70154
2011-09-24 12:00:00,305.54257
2011-09-24 13:00:00,304.8644
2011-09-24 14:00:00,322.668
2011-09-24 15:00:00,332.2223
2011-09-24 16:00:00,324.60593
2011-09-24 17:00:00,322.16846
2011-09-24 18:00:00,279.81384
2011-09-24 19:00:00,195.79434
2011-09-24 20:00:00,159.4676
2011-09-24 21:00:00,145.20494
2011-09-24 22:00:00,127.77656
2011-09-24 23:00:00,112.23374
2011-09-25 00:00:00,85.83531
2011-09-25 01:00:00,74.1964
2011-09-25 02:00:00,58.949017
2011-09-25 03:00:00,24.848734
2011-09-25 04:00:00,10.500446
2011-09-25 05:00:00,9.729862
2011-09-25 06:00:00,13.608282
2011-09-25 07:00:00,20.31936
2011-09-25 08:00:00,87.10936
2011-09-25 09:00:00,141.79712
2011-09-25 10:00:00,219.08818
2011-09-25 11:00:00,298.62262
2011-09-25 12:00:00,300.85522
2011-09-25 13:00:00,314.65002
2011-09-25 14:00:00,260.0441
2011-09-25 15:00:00,271.76953
2011-09-25 16:00:00,316.94827
2011-09-25 17:00:00,293.40497
2011-09-25 18:00:00,278.3027
2011-09-25 19:00:00,188.9184
2011-09-25 20:00:00,157.3014
2011-09-25 21:00:00,113.343475
2011-09-25 22:00:00,107.73896
2011-09-25 23:00:00,71.74791
2011-09-26 00:00:00,21.935675
2011-09-26 01:00:00,11.9685955
2011-09-26 02:00:00,8.312033
2011-09-26 03:00:00,6.271734
2011-09-26 04:00:00,7.7299795
2011-09-26 05:00:00,21.70542
2011-09-26 06:00:00,81.38443
2011-09-26 07:00:00,175.16609
2011-09-26 08:00:00,287.6954
2011-09-26 09:00:00,183.56108
2011-09-26 10:00:00,108.92505
2011-09-26 11:00:00,133.11984
2011-09-26 12:00:00,148.4785
2011-09-26 13:00:00,165.50691
2011-09-26 14:00:00,164.27527
2011-09-26 15:00:00,191.91899
2011-09-26 16:00:00,295.46222
2011-09-26 17:00:00,526.88727
2011-09-26 18:00:00,346.62396
2011-09-26 19:00:00,286.04633
2011-09-26 20:00:00,159.85133
2011-09-26 21:00:00,118.80392
2011-09-26 22:00:00,71.3844
2011-09-26 23:00:00,46.780704
2011-09-27 00:00:00,20.821009
2011-09-27 01:00:00,10.663358
2011-09-27 02:00:00,8.652443
2011-09-27 03:00:00,6.307236
2011-09-27 04:00:00,8.994536
2011-09-27 05:00:00,22.912203
2011-09-27 06:00:00,85.397255
2011-09-27 07:00:00,189.8203
2011-09-27 08:00:00,389.70422
2011-09-27 09:00:00,195.26866
2011-09-27 10:00:00,91.385414
2011-09-27 11:00:00,128.94946
2011-09-27 12:00:00,138.58331
2011-09-27 13:00:00,162.58466
2011-09-27 14:00:00,130.80687
2011-09-27 15:00:00,128.89415
2011-09-27 16:00:00,196.44974
2011-09-27 17:00:00,309.82742
2011-09-27 18:00:00,274.6882
2011-09-27 19:00:00,231.13464
2011-09-27 20:00:00,227.9855
2011-09-27 21:00:00,142.13753
2011-09-27 22:00:00,111.26964
2011-09-27 23:00:00,66.45188
2011-09-28 00:00:00,20.919893
2011-09-28 01:00:00,7.3764405
2011-09-28 02:00:00,6.684207
2011-09-28 03:00:00,6.467276
2011-09-28 04:00:00,6.6503334
2011-09-28 05:00:00,14.260601
2011-09-28 06:00:00,81.10724
2011-09-28 07:00:00,178.86888
2011-09-28 08:00:00,294.5602
2011-09-28 09:00:00,154.29822
2011-09-28 10:00:00,69.058784
2011-09-28 11:00:00,105.862206
2011-09-28 12:00:00,124.54147
2011-09-28 13:00:00,143.16295
2011-09-28 14:00:00,172.27597
2011-09-28 15:00:00,172.85173
2011-09-28 16:00:00,266.17474
2011-09-28 17:00:00,488.58038
2011-09-28 18:00:00,321.65738
2011-09-28 19:00:00,237.25189
2011-09-28 20:00:00,153.88298
2011-09-28 21:00:00,130.87811
2011-09-28 22:00:00,104.80729
2011-09-28 23:00:00,50.98718
2011-09-29 00:00:00,30.384335
2011-09-29 01:00:00,13.0909195
2011-09-29 02:00:00,10.866546
2011-09-29 03:00:00,10.397714
2011-09-29 04:00:00,7.4068165
2011-09-29 05:00:00,21.857967
2011-09-29 06:00:00,91.61361
2011-09-29 07:00:00,247.11261
2011-09-29 08:00:00,408.31094
2011-09-29 09:00:00,198.66632
2011-09-29 10:00:00,131.34906
2011-09-29 11:00:00,150.48352
2011-09-29 12:00:00,189.15724
2011-09-29 13:00:00,187.06026
2011-09-29 14:00:00,175.61336
2011-09-29 15:00:00,188.47264
2011-09-29 16:00:00,297.54172
2011-09-29 17:00:00,526.8658
2011-09-29 18:00:00,514.48694
2011-09-29 19:00:00,348.0404
2011-09-29 20:00:00,275.04028
2011-09-29 21:00:00,192.22752
2011-09-29 22:00:00,136.65196
2011-09-29 23:00:00,86.52786
2011-09-30 00:00:00,43.260174
2011-09-30 01:00:00,24.237383
2011-09-30 02:00:00,13.298275
2011-09-30 03:00:00,7.891755
2011-09-30 04:00:00,8.22028
2011-09-30 05:00:00,22.550354
2011-09-30 06:00:00,88.14669
2011-09-30 07:00:00,222.9976
2011-09-30 08:00:00,396.00598
2011-09-30 09:00:00,217.50508
2011-09-30 10:00:00,157.86989
2011-09-30 11:00:00,192.67378
2011-09-30 12:00:00,231.76581
2011-09-30 13:00:00,231.42064
2011-09-30 14:00:00,216.66907
2011-09-30 15:00:00,226.16396
2011-09-30 16:00:00,330.5149
2011-09-30 17:00:00,529.1858
2011-09-30 18:00:00,448.1041
2011-09-30 19:00:00,279.54446
2011-09-30 20:00:00,207.60161
2011-09-30 21:00:00,166.66281
2011-09-30 22:00:00,131.9956
2011-09-30 23:00:00,103.43585
2011-10-20 00:00:00,26.573324
2011-10-20 01:00:00,12.150748
2011-10-20 02:00:00,5.9995866
2011-10-20 03:00:00,4.597311
2011-10-20 04:00:00,4.823701
2011-10-20 05:00:00,8.326955
2011-10-20 06:00:00,69.386154
2011-10-20 07:00:00,211.49782
2011-10-20 08:00:00,361.7667
2011-10-20 09:00:00,154.42503
2011-10-20 10:00:00,109.613075
2011-10-20 11:00:00,126.09199
2011-10-20 12:00:00,160.01079
2011-10-20 13:00:00,142.00958
2011-10-20 14:00:00,140.82254
2011-10-20 15:00:00,151.129
2011-10-20 16:00:00,229.18657
2011-10-20 17:00:00,461.16403
2011-10-20 18:00:00,401.86426
2011-10-20 19:00:00,279.22842
2011-10-20 20:00:00,205.83144
2011-10-20 21:00:00,145.56113
2011-10-20 22:00:00,112.58104
2011-10-20 23:00:00,76.607216
2011-10-21 00:00:00,36.14911
2011-10-21 01:00:00,16.253334
2011-10-21 02:00:00,7.90673
2011-10-21 03:00:00,6.4163265
2011-10-21 04:00:00,6.552175
2011-10-21 05:00:00,12.884907
2011-10-21 06:00:00,80.57462
2011-10-21 07:00:00,220.03
2011-10-21 08:00:00,413.1814
2011-10-21 09:00:00,220.71486
2011-10-21 10:00:00,143.16975
2011-10-21 11:00:00,174.21082
2011-10-21 12:00:00,206.71075
2011-10-21 13:00:00,196.20877
2011-10-21 14:00:00,201.68942
2011-10-21 15:00:00,209.85509
2011-10-21 16:00:00,298.95343
2011-10-21 17:00:00,445.62628
2011-10-21 18:00:00,378.95844
2011-10-21 19:00:00,234.05066
2011-10-21 20:00:00,182.9107
2011-10-21 21:00:00,147.38345
2011-10-21 22:00:00,131.28542
2011-10-21 23:00:00,92.75399
2011-10-22 00:00:00,76.994995
2011-10-22 01:00:00,58.463924
2011-10-22 02:00:00,39.337227
2011-10-22 03:00:00,19.017199
2011-10-22 04:00:00,7.1001787
2011-10-22 05:00:00,7.1986012
2011-10-22 06:00:00,9.192848
2011-10-22 07:00:00,39.32356
2011-10-22 08:00:00,84.01631
2011-10-22 09:00:00,179.78651
2011-10-22 10:00:00,254.50978
2011-10-22 11:00:00,302.55817
2011-10-22 12:00:00,349.1957
2011-10-22 13:00:00,372.5308
2011-10-22 14:00:00,364.23877
2011-10-22 15:00:00,352.85593
2011-10-22 16:00:00,377.97372
2011-10-22 17:00:00,315.3271
2011-10-22 18:00:00,252.31235
2011-10-22 19:00:00,186.12033
2011-10-22 20:00:00,148.4364
2011-10-22 21:00:00,122.265594
2011-10-22 22:00:00,106.29343
2011-10-22 23:00:00,82.613045
2011-10-23 00:00:00,69.78708
2011-10-23 01:00:00,59.565598
2011-10-23 02:00:00,53.030495
2011-10-23 03:00:00,20.496166
2011-10-23 04:00:00,6.9703255
2011-10-23 05:00:00,7.221672
2011-10-23 06:00:00,8.279028
2011-10-23 07:00:00,34.931686
2011-10-23 08:00:00,67.574974
2011-10-23 09:00:00,132.40407
2011-10-23 10:00:00,223.22957
2011-10-23 11:00:00,268.30545
2011-10-23 12:00:00,344.3046
2011-10-23 13:00:00,352.59683
2011-10-23 14:00:00,335.83514
2011-10-23 15:00:00,331.25418
2011-10-23 16:00:00,336.1445
2011-10-23 17:00:00,312.8658
2011-10-23 18:00:00,264.84882
2011-10-23 19:00:00,165.19185
2011-10-23 20:00:00,135.09006
2011-10-23 21:00:00,109.1635
2011-10-23 22:00:00,85.49418
2011-10-23 23:00:00,54.82086
2011-10-24 00:00:00,18.37409
2011-10-24 01:00:00,9.975316
2011-10-24 02:00:00,6.9098973
2011-10-24 03:00:00,6.669095
2011-10-24 04:00:00,6.713064
2011-10-24 05:00:00,16.147291
2011-10-24 06:00:00,88.54801
2011-10-24 07:00:00,206.55525
2011-10-24 08:00:00,374.86832
2011-10-24 09:00:00,205.71457
2011-10-24 10:00:00,108.23564
2011-10-24 11:00:00,138.39722
2011-10-24 12:00:00,170.85936
2011-10-24 13:00:00,168.02623
2011-10-24 14:00:00,156.098
2011-10-24 15:00:00,184.58661
2011-10-24 16:00:00,272.9945
2011-10-24 17:00:00,523.9613
2011-10-24 18:00:00,499.68277
2011-10-24 19:00:00,232.37337
2011-10-24 20:00:00,193.4148
2011-10-24 21:00:00,134.59589
2011-10-24 22:00:00,109.087715
2011-10-24 23:00:00,64.49353
2011-10-25 00:00:00,26.915201
2011-10-25 01:00:00,9.5759945
2011-10-25 02:00:00,7.1183586
2011-10-25 03:00:00,6.4544516
2011-10-25 04:00:00,6.8817763
2011-10-25 05:00:00,20.614162
2011-10-25 06:00:00,90.55207
2011-10-25 07:00:00,245.34833
2011-10-25 08:00:00,412.99158
2011-10-25 09:00:00,205.82162
2011-10-25 10:00:00,113.581924
2011-10-25 11:00:00,133.89188
2011-10-25 12:00:00,171.23587
2011-10-25 13:00:00,170.15875
2011-10-25 14:00:00,163.86005
2011-10-25 15:00:00,182.94969
2011-10-25 16:00:00,292.3774
2011-10-25 17:00:00,556.6848
2011-10-25 18:00:00,507.49667
2011-10-25 19:00:00,305.89435
2011-10-25 20:00:00,211.90955
2011-10-25 21:00:00,159.31358
2011-10-25 22:00:00,119.375534
2011-10-25 23:00:00,64.34795
2011-10-26 00:00:00,24.430788
2011-10-26 01:00:00,6.398342
2011-10-26 02:00:00,6.301337
2011-10-26 03:00:00,5.971478
2011-10-26 04:00:00,5.395331
2011-10-26 05:00:00,11.256551
2011-10-26 06:00:00,83.47931
2011-10-26 07:00:00,259.06668
2011-10-26 08:00:00,412.162
2011-10-26 09:00:00,204.38565
2011-10-26 10:00:00,105.19562
2011-10-26 11:00:00,127.763016
2011-10-26 12:00:00,181.68625
2011-10-26 13:00:00,167.07074
2011-10-26 14:00:00,96.582344
2011-10-26 15:00:00,110.184166
2011-10-26 16:00:00,219.26216
2011-10-26 17:00:00,422.25522
2011-10-26 18:00:00,400.25104
2011-10-26 19:00:00,213.95439
2011-10-26 20:00:00,158.37744
2011-10-26 21:00:00,148.92764
2011-10-26 22:00:00,107.667046
2011-10-26 23:00:00,69.080826
2011-10-27 00:00:00,24.443434
2011-10-27 01:00:00,7.67396
2011-10-27 02:00:00,6.611717
2011-10-27 03:00:00,6.2932477
2011-10-27 04:00:00,6.7587047
2011-10-27 05:00:00,23.235912
2011-10-27 06:00:00,88.5034
2011-10-27 07:00:00,189.65488
2011-10-27 08:00:00,381.8701
2011-10-27 09:00:00,211.72363
2011-10-27 10:00:00,114.12835
2011-10-27 11:00:00,124.56698
2011-10-27 12:00:00,133.4686
2011-10-27 13:00:00,125.64933
2011-10-27 14:00:00,80.12225
2011-10-27 15:00:00,107.87141
2011-10-27 16:00:00,249.54965
2011-10-27 17:00:00,354.26373
2011-10-27 18:00:00,326.90295
2011-10-27 19:00:00,210.72537
2011-10-27 20:00:00,136.45912
2011-10-27 21:00:00,110.60317
2011-10-27 22:00:00,57.81421
2011-10-27 23:00:00,52.625214
2011-10-28 00:00:00,28.024973
2011-10-28 01:00:00,8.940823
2011-10-28 02:00:00,6.438372
2011-10-28 03:00:00,5.240066
2011-10-28 04:00:00,6.0628605
2011-10-28 05:00:00,8.795779
2011-10-28 06:00:00,70.33698
2011-10-28 07:00:00,190.71115
2011-10-28 08:00:00,363.6762
2011-10-28 09:00:00,204.72354
2011-10-28 10:00:00,127.767494
2011-10-28 11:00:00,138.12901
2011-10-28 12:00:00,177.59111
2011-10-28 13:00:00,179.7576
2011-10-28 14:00:00,158.90422
2011-10-28 15:00:00,173.12994
2011-10-28 16:00:00,229.57747
2011-10-28 17:00:00,370.79752
2011-10-28 18:00:00,325.41318
2011-10-28 19:00:00,225.1659
2011-10-28 20:00:00,142.46013
2011-10-28 21:00:00,103.76862
2011-10-28 22:00:00,61.626465
2011-10-28 23:00:00,27.392258
2011-10-29 00:00:00,50.325096
2011-10-29 01:00:00,34.50983
2011-10-29 02:00:00,21.668718
2011-10-29 03:00:00,4.78213
2011-10-29 04:00:00,4.253014
2011-10-29 05:00:00,7.34027
2011-10-29 06:00:00,6.0328054
2011-10-29 07:00:00,13.879627
2011-10-29 08:00:00,58.41051
2011-10-29 09:00:00,103.296524
2011-10-29 10:00:00,147.66359
2011-10-29 11:00:00,165.88376
2011-10-29 12:00:00,160.67162
2011-10-29 13:00:00,152.68477
2011-10-29 14:00:00,158.0606
2011-10-29 15:00:00,174.60727
2011-10-29 16:00:00,152.38
2011-10-29 17:00:00,108.63774
2011-10-29 18:00:00,93.95541
2011-10-29 19:00:00,80.81779
2011-10-29 20:00:00,65.7593
2011-10-29 21:00:00,57.614025
2011-10-29 22:00:00,61.860313
2011-10-29 23:00:00,59.147095
2011-10-30 00:00:00,57.204414
2011-10-30 01:00:00,41.946877
2011-10-30 02:00:00,29.750914
2011-10-30 03:00:00,5.94957
2011-10-30 04:00:00,5.157572
2011-10-30 05:00:00,5.42554
2011-10-30 06:00:00,5.55993
2011-10-30 07:00:00,15.389824
2011-10-30 08:00:00,40.336044
2011-10-30 09:00:00,105.191536
2011-10-30 10:00:00,194.3682
2011-10-30 11:00:00,245.78249
2011-10-30 12:00:00,288.66354
2011-10-30 13:00:00,298.4024
2011-10-30 14:00:00,312.99738
2011-10-30 15:00:00,311.21222
2011-10-30 16:00:00,310.58743
2011-10-30 17:00:00,240.57228
2011-10-30 18:00:00,187.6409
2011-10-30 19:00:00,246.16357
2011-10-30 20:00:00,102.70754
2011-10-30 21:00:00,78.825615
2011-10-30 22:00:00,57.96841
2011-10-30 23:00:00,46.683994
2011-10-31 00:00:00,16.23559
2011-10-31 01:00:00,6.7003655
2011-10-31 02:00:00,6.2753754
2011-10-31 03:00:00,6.459074
2011-10-31 04:00:00,6.4771504
2011-10-31 05:00:00,16.38761
2011-10-31 06:00:00,76.307076
2011-10-31 07:00:00,222.15747
2011-10-31 08:00:00,375.04257
2011-10-31 09:00:00,187.31207
2011-10-31 10:00:00,112.91209
2011-10-31 11:00:00,124.34062
2011-10-31 12:00:00,162.1977
2011-10-31 13:00:00,162.66042
2011-10-31 14:00:00,143.87675
2011-10-31 15:00:00,163.31398
2011-10-31 16:00:00,230.48741
2011-10-31 17:00:00,484.47348
2011-10-31 18:00:00,393.76395
2011-10-31 19:00:00,278.44962
2011-10-31 20:00:00,185.23082
2011-10-31 21:00:00,118.947845
2011-10-31 22:00:00,82.43136
2011-10-31 23:00:00,46.434273
2011-11-20 00:00:00,77.69268
2011-11-20 01:00:00,58.236893
2011-11-20 02:00:00,49.28926
2011-11-20 03:00:00,20.672707
2011-11-20 04:00:00,6.18064
2011-11-20 05:00:00,7.1110663
2011-11-20 06:00:00,9.058074
2011-11-20 07:00:00,31.912592
2011-11-20 08:00:00,57.433304
2011-11-20 09:00:00,146.05472
2011-11-20 10:00:00,223.35738
2011-11-20 11:00:00,308.1854
2011-11-20 12:00:00,345.6306
2011-11-20 13:00:00,339.3519
2011-11-20 14:00:00,315.24506
2011-11-20 15:00:00,302.93207
2011-11-20 16:00:00,320.2519
2011-11-20 17:00:00,284.8815
2011-11-20 18:00:00,263.43515
2011-11-20 19:00:00,197.95386
2011-11-20 20:00:00,170.19139
2011-11-20 21:00:00,123.98449
2011-11-20 22:00:00,88.41314
2011-11-20 23:00:00,63.11358
2011-11-21 00:00:00,17.557623
2011-11-21 01:00:00,14.212647
2011-11-21 02:00:00,9.453468
2011-11-21 03:00:00,7.0537295
2011-11-21 04:00:00,7.321917
2011-11-21 05:00:00,9.860383
2011-11-21 06:00:00,72.137535
2011-11-21 07:00:00,191.51486
2011-11-21 08:00:00,327.02588
2011-11-21 09:00:00,175.42407
2011-11-21 10:00:00,99.28905
2011-11-21 11:00:00,113.038155
2011-11-21 12:00:00,154.41061
2011-11-21 13:00:00,150.27348
2011-11-21 14:00:00,119.04505
2011-11-21 15:00:00,87.97244
2011-11-21 16:00:00,135.47298
2011-11-21 17:00:00,191.88188
2011-11-21 18:00:00,255.69295
2011-11-21 19:00:00,169.74774
2011-11-21 20:00:00,132.36252
2011-11-21 21:00:00,123.53676
2011-11-21 22:00:00,87.085205
2011-11-21 23:00:00,53.17919
2011-11-22 00:00:00,19.91922
2011-11-22 01:00:00,10.346267
2011-11-22 02:00:00,7.235717
2011-11-22 03:00:00,6.929858
2011-11-22 04:00:00,7.8210745
2011-11-22 05:00:00,20.84009
2011-11-22 06:00:00,81.80073
2011-11-22 07:00:00,186.26442
2011-11-22 08:00:00,339.9947
2011-11-22 09:00:00,176.78792
2011-11-22 10:00:00,89.763054
2011-11-22 11:00:00,104.37886
2011-11-22 12:00:00,108.680176
2011-11-22 13:00:00,97.89186
2011-11-22 14:00:00,89.34403
2011-11-22 15:00:00,63.08174
2011-11-22 16:00:00,115.16483
2011-11-22 17:00:00,221.07825
2011-11-22 18:00:00,199.30357
2011-11-22 19:00:00,179.6042
2011-11-22 20:00:00,119.87387
2011-11-22 21:00:00,96.287346
2011-11-22 22:00:00,82.85891
2011-11-22 23:00:00,54.24739
2011-11-23 00:00:00,23.005896
2011-11-23 01:00:00,8.461599
2011-11-23 02:00:00,8.15618
2011-11-23 03:00:00,6.662787
2011-11-23 04:00:00,7.537245
2011-11-23 05:00:00,17.872494
2011-11-23 06:00:00,51.619633
2011-11-23 07:00:00,144.37077
2011-11-23 08:00:00,311.65973
2011-11-23 09:00:00,165.88087
2011-11-23 10:00:00,90.60871
2011-11-23 11:00:00,95.56265
2011-11-23 12:00:00,149.84859
2011-11-23 13:00:00,127.0734
2011-11-23 14:00:00,115.34568
2011-11-23 15:00:00,130.61989
2011-11-23 16:00:00,176.59862
2011-11-23 17:00:00,312.1287
2011-11-23 18:00:00,318.5669
2011-11-23 19:00:00,226.711
2011-11-23 20:00:00,152.89104
2011-11-23 21:00:00,108.41987
2011-11-23 22:00:00,75.33421
2011-11-23 23:00:00,46.003624
2011-11-24 00:00:00,40.30971
2011-11-24 01:00:00,20.452093
2011-11-24 02:00:00,8.5147705
2011-11-24 03:00:00,8.742799
2011-11-24 04:00:00,6.6593432
2011-11-24 05:00:00,13.732295
2011-11-24 06:00:00,33.184643
2011-11-24 07:00:00,104.3762
2011-11-24 08:00:00,231.78455
2011-11-24 09:00:00,191.92558
2011-11-24 10:00:00,174.28058
2011-11-24 11:00:00,212.21806
2011-11-24 12:00:00,244.63928
2011-11-24 13:00:00,261.04898
2011-11-24 14:00:00,268.15707
2011-11-24 15:00:00,265.22516
2011-11-24 16:00:00,279.91708
2011-11-24 17:00:00,339.36652
2011-11-24 18:00:00,283.37155
2011-11-24 19:00:00,215.4482
2011-11-24 20:00:00,151.29025
2011-11-24 21:00:00,133.64687
2011-11-24 22:00:00,104.32535
2011-11-24 23:00:00,73.39922
2011-11-25 00:00:00,36.07946
2011-11-25 01:00:00,10.927208
2011-11-25 02:00:00,8.715626
2011-11-25 03:00:00,6.3985324
2011-11-25 04:00:00,6.7810082
2011-11-25 05:00:00,14.405516
2011-11-25 06:00:00,75.776474
2011-11-25 07:00:00,212.333
2011-11-25 08:00:00,378.72818
2011-11-25 09:00:00,208.85373
2011-11-25 10:00:00,128.58057
2011-11-25 11:00:00,144.139
2011-11-25 12:00:00,185.26578
2011-11-25 13:00:00,205.59285
2011-11-25 14:00:00,192.14597
2011-11-25 15:00:00,211.18172
2011-11-25 16:00:00,288.779
2011-11-25 17:00:00,459.76804
2011-11-25 18:00:00,378.75345
2011-11-25 19:00:00,229.40219
2011-11-25 20:00:00,172.33492
2011-11-25 21:00:00,119.88987
2011-11-25 22:00:00,106.29733
2011-11-25 23:00:00,80.98675
2011-11-26 00:00:00,74.57591
2011-11-26 01:00:00,59.16744
2011-11-26 02:00:00,42.94627
2011-11-26 03:00:00,15.855906
2011-11-26 04:00:00,7.353948
2011-11-26 05:00:00,9.725177
2011-11-26 06:00:00,13.595139
2011-11-26 07:00:00,44.67889
2011-11-26 08:00:00,92.30416
2011-11-26 09:00:00,156.47002
2011-11-26 10:00:00,199.84196
2011-11-26 11:00:00,281.81873
2011-11-26 12:00:00,319.259
2011-11-26 13:00:00,338.0773
2011-11-26 14:00:00,342.03906
2011-11-26 15:00:00,361.86484
2011-11-26 16:00:00,321.16867
2011-11-26 17:00:00,273.869
2011-11-26 18:00:00,227.78003
2011-11-26 19:00:00,179.92934
2011-11-26 20:00:00,144.70029
2011-11-26 21:00:00,107.99129
2011-11-26 22:00:00,101.05149
2011-11-26 23:00:00,74.17243
2011-11-27 00:00:00,70.292786
2011-11-27 01:00:00,61.14016
2011-11-27 02:00:00,50.25363
2011-11-27 03:00:00,21.417154
2011-11-27 04:00:00,8.118389
2011-11-27 05:00:00,7.078847
2011-11-27 06:00:00,9.424841
2011-11-27 07:00:00,21.238575
2011-11-27 08:00:00,40.77053
2011-11-27 09:00:00,133.3397
2011-11-27 10:00:00,201.69527
2011-11-27 11:00:00,291.1806
2011-11-27 12:00:00,335.16275
2011-11-27 13:00:00,332.46786
2011-11-27 14:00:00,383.3753
2011-11-27 15:00:00,375.99905
2011-11-27 16:00:00,342.18246
2011-11-27 17:00:00,296.28088
2011-11-27 18:00:00,237.98515
2011-11-27 19:00:00,178.17052
2011-11-27 20:00:00,146.10733
2011-11-27 21:00:00,100.99786
2011-11-27 22:00:00,74.24341
2011-11-27 23:00:00,50.522278
2011-11-28 00:00:00,15.460829
2011-11-28 01:00:00,5.9216213
2011-11-28 03:00:00,6.6133065
2011-11-28 04:00:00,7.793589
2011-11-28 05:00:00,19.450676
2011-11-28 06:00:00,98.93729
2011-11-28 07:00:00,259.30774
2011-11-28 08:00:00,330.36597
2011-11-28 09:00:00,187.3373
2011-11-28 10:00:00,119.78562
2011-11-28 11:00:00,142.43044
2011-11-28 12:00:00,176.83913
2011-11-28 13:00:00,163.15623
2011-11-28 14:00:00,155.9611
2011-11-28 15:00:00,181.67812
2011-11-28 16:00:00,275.54196
2011-11-28 17:00:00,530.4424
2011-11-28 18:00:00,496.79956
2011-11-28 19:00:00,302.9792
2011-11-28 20:00:00,205.57776
2011-11-28 21:00:00,153.04453
2011-11-28 22:00:00,98.79298
2011-11-28 23:00:00,54.460274
2011-11-29 00:00:00,20.290373
2011-11-29 01:00:00,11.260927
2011-11-29 02:00:00,6.5390697
2011-11-29 03:00:00,6.1891403
2011-11-29 04:00:00,5.829639
2011-11-29 05:00:00,18.09443
2011-11-29 06:00:00,67.728935
2011-11-29 07:00:00,255.49203
2011-11-29 08:00:00,359.71103
2011-11-29 09:00:00,173.74406
2011-11-29 10:00:00,90.85842
2011-11-29 11:00:00,96.462975
2011-11-29 12:00:00,85.66061
2011-11-29 13:00:00,101.04521
2011-11-29 14:00:00,85.79296
2011-11-29 15:00:00,77.71478
2011-11-29 16:00:00,130.02802
2011-11-29 17:00:00,207.0514
2011-11-29 18:00:00,226.82433
2011-11-29 19:00:00,163.38129
2011-11-29 20:00:00,115.39235
2011-11-29 21:00:00,87.89614
2011-11-29 22:00:00,52.932217
2011-11-29 23:00:00,29.673424
2011-11-30 00:00:00,21.422543
2011-11-30 01:00:00,7.55761
2011-11-30 02:00:00,6.8200974
2011-11-30 03:00:00,6.1218247
2011-11-30 04:00:00,6.00326
2011-11-30 05:00:00,11.317645
2011-11-30 06:00:00,84.211945
2011-11-30 07:00:00,226.2168
2011-11-30 08:00:00,359.69016
2011-11-30 09:00:00,156.1967
2011-11-30 10:00:00,100.5574
2011-11-30 11:00:00,112.910095
2011-11-30 12:00:00,133.11667
2011-11-30 13:00:00,140.3838
2011-11-30 14:00:00,130.68658
2011-11-30 15:00:00,132.55838
2011-11-30 16:00:00,179.6738
2011-11-30 17:00:00,338.04633
2011-11-30 18:00:00,320.51035
2011-11-30 19:00:00,215.6188
2011-11-30 20:00:00,148.16217
2011-11-30 21:00:00,102.52784
2011-11-30 22:00:00,75.59135
2011-11-30 23:00:00,45.993965
2011-12-20 00:00:00,24.801044
2011-12-20 01:00:00,6.8504558
2011-12-20 02:00:00,5.993565
2011-12-20 03:00:00,5.869683
2011-12-20 04:00:00,6.630683
2011-12-20 05:00:00,15.682277
2011-12-20 06:00:00,89.15823
2011-12-20 07:00:00,255.53854
2011-12-20 08:00:00,442.8384
2011-12-20 09:00:00,211.13106
2011-12-20 10:00:00,113.5295
2011-12-20 11:00:00,132.0369
2011-12-20 12:00:00,156.96872
2011-12-20 13:00:00,151.49544
2011-12-20 14:00:00,133.18048
2011-12-20 15:00:00,131.83923
2011-12-20 16:00:00,204.7653
2011-12-20 17:00:00,403.12384
2011-12-20 18:00:00,373.3141
2011-12-20 19:00:00,259.08533
2011-12-20 20:00:00,174.1034
2011-12-20 21:00:00,135.70557
2011-12-20 22:00:00,96.22524
2011-12-20 23:00:00,63.18265
2011-12-21 00:00:00,25.358576
2011-12-21 01:00:00,11.140117
2011-12-21 02:00:00,6.08487
2011-12-21 03:00:00,5.843798
2011-12-21 04:00:00,6.138147
2011-12-21 05:00:00,19.476538
2011-12-21 06:00:00,83.3795
2011-12-21 07:00:00,232.08145
2011-12-21 08:00:00,321.04147
2011-12-21 09:00:00,180.24228
2011-12-21 10:00:00,79.70722
2011-12-21 11:00:00,80.184845
2011-12-21 12:00:00,92.70794
2011-12-21 13:00:00,57.43617
2011-12-21 14:00:00,76.365166
2011-12-21 15:00:00,80.65731
2011-12-21 16:00:00,77.280846
2011-12-21 17:00:00,119.36654
2011-12-21 18:00:00,116.020775
2011-12-21 19:00:00,109.79209
2011-12-21 20:00:00,87.12038
2011-12-21 21:00:00,100.4313
2011-12-21 22:00:00,73.68719
2011-12-21 23:00:00,47.35641
2011-12-22 00:00:00,32.39506
2011-12-22 01:00:00,7.442984
2011-12-22 02:00:00,7.4630165
2011-12-22 03:00:00,6.165239
2011-12-22 04:00:00,7.254206
2011-12-22 05:00:00,17.255335
2011-12-22 06:00:00,84.423584
2011-12-22 07:00:00,200.07811
2011-12-22 08:00:00,346.9143
2011-12-22 09:00:00,198.38608
2011-12-22 10:00:00,103.58909
2011-12-22 11:00:00,97.48677
2011-12-22 12:00:00,144.7815
2011-12-22 13:00:00,123.72991
2011-12-22 14:00:00,112.594246
2011-12-22 15:00:00,136.12381
2011-12-22 16:00:00,189.50252
2011-12-22 17:00:00,392.56238
2011-12-22 18:00:00,398.77774
2011-12-22 19:00:00,270.10736
2011-12-22 20:00:00,192.06038
2011-12-22 21:00:00,145.05885
2011-12-22 22:00:00,76.92944
2011-12-22 23:00:00,67.033516
2011-12-23 00:00:00,35.51318
2011-12-23 01:00:00,17.010473
2011-12-23 02:00:00,9.288932
2011-12-23 03:00:00,6.4889436
2011-12-23 04:00:00,6.2634664
2011-12-23 05:00:00,14.250584
2011-12-23 06:00:00,71.126976
2011-12-23 07:00:00,203.42659
2011-12-23 08:00:00,334.692
2011-12-23 09:00:00,205.29231
2011-12-23 10:00:00,134.33072
2011-12-23 11:00:00,137.18643
2011-12-23 12:00:00,160.55656
2011-12-23 13:00:00,148.53296
2011-12-23 14:00:00,147.21434
2011-12-23 15:00:00,167.5649
2011-12-23 16:00:00,213.4184
2011-12-23 17:00:00,348.56238
2011-12-23 18:00:00,304.1741
2011-12-23 19:00:00,215.31465
2011-12-23 20:00:00,138.62126
2011-12-23 21:00:00,108.32474
2011-12-23 22:00:00,93.70935
2011-12-23 23:00:00,79.60311
2011-12-24 00:00:00,72.681946
2011-12-24 01:00:00,55.679504
2011-12-24 02:00:00,49.975002
2011-12-24 03:00:00,19.461803
2011-12-24 04:00:00,8.689473
2011-12-24 05:00:00,9.858814
2011-12-24 06:00:00,9.932195
2011-12-24 07:00:00,21.556602
2011-12-24 08:00:00,65.34788
2011-12-24 09:00:00,124.98444
2011-12-24 10:00:00,162.26193
2011-12-24 11:00:00,214.72328
2011-12-24 12:00:00,282.76233
2011-12-24 13:00:00,276.58994
2011-12-24 14:00:00,272.5071
2011-12-24 15:00:00,263.46616
2011-12-24 16:00:00,241.17334
2011-12-24 17:00:00,172.8792
2011-12-24 18:00:00,169.83722
2011-12-24 19:00:00,151.37471
2011-12-24 20:00:00,105.488014
2011-12-24 21:00:00,88.875145
2011-12-24 22:00:00,82.354004
2011-12-24 23:00:00,63.25924
2011-12-25 00:00:00,63.256397
2011-12-25 01:00:00,53.120182
2011-12-25 02:00:00,42.968224
2011-12-25 03:00:00,15.540328
2011-12-25 05:00:00,6.433264
2011-12-25 06:00:00,6.489493
2011-12-25 07:00:00,13.738979
2011-12-25 08:00:00,40.96525
2011-12-25 09:00:00,96.16953
2011-12-25 10:00:00,127.17465
2011-12-25 11:00:00,199.04684
2011-12-25 12:00:00,188.78003
2011-12-25 13:00:00,214.18903
2011-12-25 14:00:00,221.19928
2011-12-25 15:00:00,220.4952
2011-12-25 16:00:00,237.83421
2011-12-25 17:00:00,181.05696
2011-12-25 18:00:00,144.1851
2011-12-25 19:00:00,138.38992
2011-12-25 20:00:00,96.45008
2011-12-25 21:00:00,80.96574
2011-12-25 22:00:00,57.86867
2011-12-25 23:00:00,35.862698
2011-12-26 00:00:00,38.323082
2011-12-26 01:00:00,26.059126
2011-12-26 02:00:00,19.33384
2011-12-26 04:00:00,6.7294936
2011-12-26 05:00:00,21.002728
2011-12-26 06:00:00,24.382019
2011-12-26 07:00:00,91.72083
2011-12-26 08:00:00,174.22647
2011-12-26 09:00:00,157.79303
2011-12-26 10:00:00,164.63785
2011-12-26 11:00:00,173.44255
2011-12-26 12:00:00,210.29144
2011-12-26 13:00:00,222.37262
2011-12-26 14:00:00,222.06032
2011-12-26 15:00:00,226.63968
2011-12-26 16:00:00,218.15155
2011-12-26 17:00:00,229.18579
2011-12-26 18:00:00,224.20222
2011-12-26 19:00:00,176.55121
2011-12-26 20:00:00,135.779
2011-12-26 21:00:00,97.88661
2011-12-26 22:00:00,73.55317
2011-12-26 23:00:00,45.677837
2011-12-27 00:00:00,19.08849
2011-12-27 01:00:00,8.531837
2011-12-27 02:00:00,6.5157533
2011-12-27 03:00:00,6.219634
2011-12-27 04:00:00,6.5796857
2011-12-27 05:00:00,16.95059
2011-12-27 06:00:00,79.041954
2011-12-27 07:00:00,221.007
2011-12-27 08:00:00,384.90186
2011-12-27 09:00:00,206.25433
2011-12-27 10:00:00,107.012405
2011-12-27 11:00:00,109.15183
2011-12-27 12:00:00,105.50681
2011-12-27 13:00:00,107.56372
2011-12-27 14:00:00,69.40951
2011-12-27 15:00:00,79.92431
2011-12-27 16:00:00,134.26361
2011-12-27 17:00:00,260.56555
2011-12-27 18:00:00,208.61609
2011-12-27 19:00:00,186.54698
2011-12-27 20:00:00,130.63246
2011-12-27 21:00:00,116.28034
2011-12-27 22:00:00,93.390144
2011-12-27 23:00:00,54.745285
2011-12-28 00:00:00,24.968588
2011-12-28 01:00:00,10.353941
2011-12-28 02:00:00,6.208119
2011-12-28 03:00:00,5.8993435
2011-12-28 05:00:00,20.05846
2011-12-28 06:00:00,78.30988
2011-12-28 07:00:00,219.96208
2011-12-28 08:00:00,379.45953
2011-12-28 09:00:00,197.65863
2011-12-28 10:00:00,105.33056
2011-12-28 11:00:00,113.98924
2011-12-28 12:00:00,127.46735
2011-12-28 13:00:00,120.83305
2011-12-28 14:00:00,111.03223
2011-12-28 15:00:00,124.91719
2011-12-28 16:00:00,174.0699
2011-12-28 17:00:00,321.0163
2011-12-28 18:00:00,311.37772
2011-12-28 19:00:00,211.14044
2011-12-28 20:00:00,150.76413
2011-12-28 21:00:00,103.840126
2011-12-28 22:00:00,78.49003
2011-12-28 23:00:00,46.564877
2011-12-29 00:00:00,15.595773
2011-12-29 01:00:00,6.7559595
2011-12-29 02:00:00,6.1489415
2011-12-29 03:00:00,5.9290137
2011-12-29 04:00:00,6.254084
2011-12-29 05:00:00,14.008258
2011-12-29 06:00:00,72.34528
2011-12-29 07:00:00,202.18051
2011-12-29 08:00:00,323.0935
2011-12-29 09:00:00,189.2655
2011-12-29 10:00:00,91.011154
2011-12-29 11:00:00,103.277405
2011-12-29 12:00:00,120.95323
2011-12-29 13:00:00,123.079994
2011-12-29 14:00:00,103.85068
2011-12-29 15:00:00,135.39174
2011-12-29 16:00:00,192.03877
2011-12-29 17:00:00,322.5965
2011-12-29 18:00:00,316.5665
2011-12-29 19:00:00,230.02277
2011-12-29 20:00:00,157.80061
2011-12-29 21:00:00,120.257195
2011-12-29 22:00:00,92.05869
2011-12-29 23:00:00,64.92959
2011-12-30 00:00:00,31.14855
2011-12-30 01:00:00,13.335104
2011-12-30 02:00:00,7.5042744
2011-12-30 03:00:00,6.292428
2011-12-30 04:00:00,6.415583
2011-12-30 05:00:00,12.589615
2011-12-30 06:00:00,71.64487
2011-12-30 07:00:00,184.61488
2011-12-30 08:00:00,313.7642
2011-12-30 09:00:00,192.31746
2011-12-30 10:00:00,113.035034
2011-12-30 11:00:00,130.73
2011-12-30 12:00:00,160.65428
2011-12-30 13:00:00,165.1361
2011-12-30 14:00:00,156.93268
2011-12-30 15:00:00,177.87346
2011-12-30 16:00:00,248.76523
2011-12-30 17:00:00,360.45288
2011-12-30 18:00:00,304.30615
2011-12-30 19:00:00,193.31058
2011-12-30 20:00:00,153.93143
2011-12-30 21:00:00,119.00625
2011-12-30 22:00:00,99.57152
2011-12-30 23:00:00,71.41873
2011-12-31 00:00:00,76.701546
2011-12-31 01:00:00,55.28399
2011-12-31 02:00:00,47.569756
2011-12-31 03:00:00,19.068823
2011-12-31 04:00:00,7.9525814
2011-12-31 05:00:00,9.046666
2011-12-31 06:00:00,12.94332
2011-12-31 07:00:00,34.983673
2011-12-31 08:00:00,83.6381
2011-12-31 09:00:00,141.40636
2011-12-31 10:00:00,198.77928
2011-12-31 11:00:00,272.22763
2011-12-31 12:00:00,378.53635
2011-12-31 13:00:00,366.8155
2011-12-31 14:00:00,328.39017
2011-12-31 15:00:00,311.54587
2011-12-31 16:00:00,296.18777
2011-12-31 17:00:00,239.35143
2011-12-31 18:00:00,223.23633
2011-12-31 19:00:00,174.61751
2011-12-31 20:00:00,143.61314
2011-12-31 21:00:00,115.61325
2011-12-31 22:00:00,105.78063
2011-12-31 23:00:00,78.94267
2012-01-20 00:00:00,24.214067
2012-01-20 01:00:00,13.221623
2012-01-20 02:00:00,8.355904
2012-01-20 03:00:00,6.131266
2012-01-20 04:00:00,7.685408
2012-01-20 05:00:00,17.904413
2012-01-20 06:00:00,74.02489
2012-01-20 07:00:00,208.39777
2012-01-20 08:00:00,438.98203
2012-01-20 09:00:00,216.38086
2012-01-20 10:00:00,110.31414
2012-01-20 11:00:00,124.00351
2012-01-20 12:00:00,147.3616
2012-01-20 13:00:00,158.79707
2012-01-20 14:00:00,139.00768
2012-01-20 15:00:00,153.60416
2012-01-20 16:00:00,196.49522
2012-01-20 17:00:00,326.64713
2012-01-20 18:00:00,295.54
2012-01-20 19:00:00,203.15248
2012-01-20 20:00:00,145.25906
2012-01-20 21:00:00,109.87907
2012-01-20 22:00:00,88.30192
2012-01-20 23:00:00,65.731476
2012-01-21 00:00:00,51.838722
2012-01-21 01:00:00,42.625717
2012-01-21 02:00:00,32.72851
2012-01-21 03:00:00,13.414846
2012-01-21 04:00:00,6.2762504
2012-01-21 05:00:00,6.9944496
2012-01-21 06:00:00,7.7590594
2012-01-21 07:00:00,26.628153
2012-01-21 08:00:00,63.924683
2012-01-21 09:00:00,100.120575
2012-01-21 10:00:00,146.37367
2012-01-21 11:00:00,199.16554
2012-01-21 12:00:00,220.79744
2012-01-21 13:00:00,198.15834
2012-01-21 14:00:00,193.40994
2012-01-21 15:00:00,190.76675
2012-01-21 16:00:00,148.03612
2012-01-21 17:00:00,108.1815
2012-01-21 18:00:00,115.65142
2012-01-21 19:00:00,80.76199
2012-01-21 20:00:00,69.69351
2012-01-21 21:00:00,64.49345
2012-01-21 22:00:00,55.28671
2012-01-21 23:00:00,43.091335
2012-01-22 00:00:00,30.852177
2012-01-22 01:00:00,33.92076
2012-01-22 02:00:00,30.2668
2012-01-22 03:00:00,13.701885
2012-01-22 04:00:00,4.752665
2012-01-22 05:00:00,5.62874
2012-01-22 06:00:00,5.537943
2012-01-22 07:00:00,9.548282
2012-01-22 08:00:00,36.41781
2012-01-22 09:00:00,79.601036
2012-01-22 10:00:00,120.27197
2012-01-22 11:00:00,139.28731
2012-01-22 12:00:00,175.60092
2012-01-22 13:00:00,191.0961
2012-01-22 14:00:00,160.31517
2012-01-22 15:00:00,155.35027
2012-01-22 16:00:00,139.24553
2012-01-22 17:00:00,110.05014
2012-01-22 18:00:00,102.003174
2012-01-22 19:00:00,89.87916
2012-01-22 20:00:00,73.797226
2012-01-22 21:00:00,64.30508
2012-01-22 22:00:00,61.14625
2012-01-22 23:00:00,44.5193
2012-01-23 00:00:00,10.917468
2012-01-23 01:00:00,6.2318444
2012-01-23 02:00:00,5.2729816
2012-01-23 03:00:00,5.065491
2012-01-23 04:00:00,5.1440287
2012-01-23 05:00:00,12.094295
2012-01-23 06:00:00,67.2896
2012-01-23 07:00:00,209.53406
2012-01-23 08:00:00,389.36496
2012-01-23 09:00:00,190.32379
2012-01-23 10:00:00,92.31142
2012-01-23 11:00:00,96.69923
2012-01-23 12:00:00,89.53238
2012-01-23 13:00:00,86.027794
2012-01-23 14:00:00,72.80836
2012-01-23 15:00:00,75.61136
2012-01-23 16:00:00,109.21518
2012-01-23 17:00:00,171.99232
2012-01-23 18:00:00,196.81133
2012-01-23 19:00:00,160.75394
2012-01-23 20:00:00,109.00796
2012-01-23 21:00:00,82.74301
2012-01-23 22:00:00,55.555656
2012-01-23 23:00:00,14.7870655
2012-01-24 00:00:00,6.341138
2012-01-24 01:00:00,4.1039114
2012-01-24 02:00:00,3.8323278
2012-01-24 03:00:00,5.0941257
2012-01-24 04:00:00,5.8153696
2012-01-24 05:00:00,15.053564
2012-01-24 06:00:00,65.42126
2012-01-24 07:00:00,210.97864
2012-01-24 08:00:00,434.41547
2012-01-24 09:00:00,202.42421
2012-01-24 10:00:00,90.07477
2012-01-24 11:00:00,99.100685
2012-01-24 12:00:00,107.60431
2012-01-24 13:00:00,99.15435
2012-01-24 14:00:00,56.8817
2012-01-24 15:00:00,132.5767
2012-01-24 16:00:00,192.22278
2012-01-24 17:00:00,434.37354
2012-01-24 18:00:00,413.35825
2012-01-24 19:00:00,328.6484
2012-01-24 20:00:00,161.96614
2012-01-24 21:00:00,136.31464
2012-01-24 22:00:00,79.87839
2012-01-24 23:00:00,47.207848
2012-01-25 00:00:00,11.473981
2012-01-25 01:00:00,7.8720446
2012-01-25 02:00:00,6.381305
2012-01-25 03:00:00,5.0079207
2012-01-25 04:00:00,4.7580504
2012-01-25 05:00:00,10.149173
2012-01-25 06:00:00,78.69296
2012-01-25 07:00:00,218.81488
2012-01-25 08:00:00,432.2972
2012-01-25 09:00:00,196.10397
2012-01-25 10:00:00,84.38171
2012-01-25 11:00:00,94.860275
2012-01-25 12:00:00,133.88773
2012-01-25 13:00:00,131.99596
2012-01-25 14:00:00,112.110085
2012-01-25 15:00:00,132.83623
2012-01-25 16:00:00,190.6941
2012-01-25 17:00:00,393.6638
2012-01-25 18:00:00,350.73868
2012-01-25 19:00:00,269.6119
2012-01-25 20:00:00,174.30785
2012-01-25 21:00:00,125.5119
2012-01-25 22:00:00,95.909355
2012-01-25 23:00:00,53.697273
2012-01-26 00:00:00,18.721245
2012-01-26 01:00:00,8.539972
2012-01-26 02:00:00,6.1997223
2012-01-26 03:00:00,5.504468
2012-01-26 04:00:00,5.6178555
2012-01-26 05:00:00,19.092419
2012-01-26 06:00:00,83.33999
2012-01-26 07:00:00,248.17839
2012-01-26 08:00:00,465.15784
2012-01-26 09:00:00,220.89738
2012-01-26 10:00:00,93.70168
2012-01-26 11:00:00,111.18367
2012-01-26 12:00:00,125.40278
2012-01-26 13:00:00,130.13507
2012-01-26 14:00:00,128.48927
2012-01-26 15:00:00,144.87363
2012-01-26 16:00:00,199.17485
2012-01-26 17:00:00,410.1369
2012-01-26 18:00:00,426.47937
2012-01-26 19:00:00,300.74652
2012-01-26 20:00:00,193.87393
2012-01-26 21:00:00,171.35616
2012-01-26 22:00:00,114.784325
2012-01-26 23:00:00,77.694695
2012-01-27 00:00:00,29.048225
2012-01-27 01:00:00,15.769229
2012-01-27 02:00:00,13.292871
2012-01-27 03:00:00,7.2294297
2012-01-27 04:00:00,6.465922
2012-01-27 05:00:00,21.189543
2012-01-27 06:00:00,71.0087
2012-01-27 07:00:00,187.84778
2012-01-27 08:00:00,455.10495
2012-01-27 09:00:00,258.1009
2012-01-27 10:00:00,139.05264
2012-01-27 11:00:00,161.98871
2012-01-27 12:00:00,221.85458
2012-01-27 13:00:00,241.86536
2012-01-27 14:00:00,230.11922
2012-01-27 15:00:00,224.1057
2012-01-27 16:00:00,269.66022
2012-01-27 17:00:00,418.4316
2012-01-27 18:00:00,373.88904
2012-01-27 19:00:00,247.29825
2012-01-27 20:00:00,166.80966
2012-01-27 21:00:00,121.34369
2012-01-27 22:00:00,99.03392
2012-01-27 23:00:00,71.808014
2012-01-28 00:00:00,54.476933
2012-01-28 01:00:00,44.93839
2012-01-28 02:00:00,34.683933
2012-01-28 03:00:00,17.301426
2012-01-28 04:00:00,6.5910335
2012-01-28 05:00:00,6.845938
2012-01-28 06:00:00,9.476969
2012-01-28 07:00:00,27.663103
2012-01-28 08:00:00,78.75932
2012-01-28 09:00:00,120.02623
2012-01-28 10:00:00,180.09772
2012-01-28 11:00:00,245.55902
2012-01-28 12:00:00,253.56767
2012-01-28 13:00:00,308.32205
2012-01-28 14:00:00,330.4284
2012-01-28 15:00:00,345.65002
2012-01-28 16:00:00,368.53516
2012-01-28 17:00:00,317.76117
2012-01-28 18:00:00,265.52222
2012-01-28 19:00:00,208.19295
2012-01-28 20:00:00,147.2804
2012-01-28 21:00:00,105.19283
2012-01-28 22:00:00,96.31083
2012-01-28 23:00:00,75.54745
2012-01-29 00:00:00,60.71661
2012-01-29 01:00:00,49.204517
2012-01-29 02:00:00,37.607376
2012-01-29 03:00:00,18.586544
2012-01-29 04:00:00,5.7848554
2012-01-29 05:00:00,6.2667265
2012-01-29 06:00:00,6.0741405
2012-01-29 07:00:00,20.972383
2012-01-29 08:00:00,42.384605
2012-01-29 09:00:00,83.753975
2012-01-29 10:00:00,157.89377
2012-01-29 11:00:00,188.42924
2012-01-29 12:00:00,259.3974
2012-01-29 13:00:00,262.31586
2012-01-29 14:00:00,251.00758
2012-01-29 15:00:00,282.79163
2012-01-29 16:00:00,247.98145
2012-01-29 17:00:00,203.26106
2012-01-29 18:00:00,152.71887
2012-01-29 19:00:00,123.97347
2012-01-29 20:00:00,86.333565
2012-01-29 21:00:00,71.679054
2012-01-29 22:00:00,53.340996
2012-01-29 23:00:00,37.010693
2012-01-30 00:00:00,23.348978
2012-01-30 01:00:00,11.104842
2012-01-30 02:00:00,8.198019
2012-01-30 03:00:00,5.332639
2012-01-30 04:00:00,5.6334677
2012-01-30 05:00:00,14.390681
2012-01-30 06:00:00,75.890305
2012-01-30 07:00:00,208.84306
2012-01-30 08:00:00,387.9143
2012-01-30 09:00:00,183.14752
2012-01-30 10:00:00,90.99097
2012-01-30 11:00:00,95.74977
2012-01-30 12:00:00,135.92282
2012-01-30 13:00:00,130.08437
2012-01-30 14:00:00,120.69831
2012-01-30 15:00:00,132.59956
2012-01-30 16:00:00,186.90422
2012-01-30 17:00:00,391.85913
2012-01-30 18:00:00,386.08282
2012-01-30 19:00:00,249.69974
2012-01-30 20:00:00,174.25752
2012-01-30 21:00:00,130.49524
2012-01-30 22:00:00,72.79031
2012-01-30 23:00:00,39.486393
2012-01-31 00:00:00,17.092035
2012-01-31 01:00:00,6.795766
2012-01-31 02:00:00,7.1452045
2012-01-31 03:00:00,5.4662666
2012-01-31 04:00:00,5.6393623
2012-01-31 05:00:00,17.580408
2012-01-31 06:00:00,79.77279
2012-01-31 07:00:00,232.0339
2012-01-31 08:00:00,444.8824
2012-01-31 09:00:00,204.25429
2012-01-31 10:00:00,107.75529
2012-01-31 11:00:00,131.46364
2012-01-31 12:00:00,158.14647
2012-01-31 13:00:00,169.98062
2012-01-31 14:00:00,166.3956
2012-01-31 15:00:00,178.36093
2012-01-31 16:00:00,261.71048
2012-01-31 17:00:00,537.97626
2012-01-31 18:00:00,527.5848
2012-01-31 19:00:00,339.98816
2012-01-31 20:00:00,202.89732
2012-01-31 21:00:00,167.54181
2012-01-31 22:00:00,115.35345
2012-01-31 23:00:00,65.75163
2012-02-20 00:00:00,44.249283
2012-02-20 01:00:00,35.848057
2012-02-20 02:00:00,29.757946
2012-02-20 03:00:00,8.947599
2012-02-20 05:00:00,15.719889
2012-02-20 06:00:00,29.219095
2012-02-20 07:00:00,91.3702
2012-02-20 08:00:00,185.3733
2012-02-20 09:00:00,155.80167
2012-02-20 10:00:00,148.03082
2012-02-20 11:00:00,176.93648
2012-02-20 12:00:00,202.73398
2012-02-20 13:00:00,211.50095
2012-02-20 14:00:00,207.09349
2012-02-20 15:00:00,221.39558
2012-02-20 16:00:00,246.19853
2012-02-20 17:00:00,308.4033
2012-02-20 18:00:00,263.64395
2012-02-20 19:00:00,199.13641
2012-02-20 20:00:00,140.81665
2012-02-20 21:00:00,108.1068
2012-02-20 22:00:00,81.633224
2012-02-20 23:00:00,37.656662
2012-02-21 00:00:00,11.517528
2012-02-21 01:00:00,6.239522
2012-02-21 02:00:00,5.5745454
2012-02-21 04:00:00,5.4711456
2012-02-21 05:00:00,16.852697
2012-02-21 06:00:00,80.79383
2012-02-21 07:00:00,254.03207
2012-02-21 08:00:00,471.79565
2012-02-21 09:00:00,223.43651
2012-02-21 10:00:00,93.33272
2012-02-21 11:00:00,87.192276
2012-02-21 12:00:00,134.33456
2012-02-21 13:00:00,138.17693
2012-02-21 14:00:00,114.19221
2012-02-21 15:00:00,137.22353
2012-02-21 16:00:00,207.15721
2012-02-21 17:00:00,453.357
2012-02-21 18:00:00,443.48157
2012-02-21 19:00:00,289.06488
2012-02-21 20:00:00,187.10051
2012-02-21 21:00:00,138.20009
2012-02-21 22:00:00,91.69239
2012-02-21 23:00:00,49.48124
2012-02-22 00:00:00,20.494238
2012-02-22 01:00:00,6.717275
2012-02-22 02:00:00,5.49514
2012-02-22 03:00:00,5.323893
2012-02-22 04:00:00,5.8252654
2012-02-22 05:00:00,15.503693
2012-02-22 06:00:00,86.99196
2012-02-22 07:00:00,268.73782
2012-02-22 08:00:00,505.2127
2012-02-22 09:00:00,226.88911
2012-02-22 10:00:00,94.68354
2012-02-22 11:00:00,115.13418
2012-02-22 12:00:00,145.20166
2012-02-22 13:00:00,151.4338
2012-02-22 14:00:00,139.32632
2012-02-22 15:00:00,188.88373
2012-02-22 16:00:00,280.0627
2012-02-22 17:00:00,548.7371
2012-02-22 18:00:00,508.5888
2012-02-22 19:00:00,340.18262
2012-02-22 20:00:00,234.7356
2012-02-22 21:00:00,182.03537
2012-02-22 22:00:00,120.160614
2012-02-22 23:00:00,72.44818
2012-02-23 00:00:00,30.181852
2012-02-23 01:00:00,13.082153
2012-02-23 02:00:00,9.702314
2012-02-23 03:00:00,6.1875486
2012-02-23 04:00:00,6.3963866
2012-02-23 05:00:00,24.111298
2012-02-23 06:00:00,95.572014
2012-02-23 07:00:00,250.08826
2012-02-23 08:00:00,492.69116
2012-02-23 09:00:00,203.36638
2012-02-23 10:00:00,124.92987
2012-02-23 11:00:00,161.34546
2012-02-23 12:00:00,212.98584
2012-02-23 13:00:00,213.75214
2012-02-23 14:00:00,188.23993
2012-02-23 15:00:00,217.23833
2012-02-23 16:00:00,310.38068
2012-02-23 17:00:00,593.37317
2012-02-23 18:00:00,567.38586
2012-02-23 19:00:00,363.68622
2012-02-23 20:00:00,247.43643
2012-02-23 21:00:00,182.97345
2012-02-23 22:00:00,131.90233
2012-02-23 23:00:00,84.11121
2012-02-24 00:00:00,42.70867
2012-02-24 01:00:00,24.214989
2012-02-24 02:00:00,7.5245066
2012-02-24 03:00:00,10.847759
2012-02-24 04:00:00,10.279323
2012-02-24 05:00:00,24.915812
2012-02-24 06:00:00,96.3215
2012-02-24 07:00:00,255.75642
2012-02-24 08:00:00,462.87802
2012-02-24 09:00:00,216.70097
2012-02-24 10:00:00,130.05276
2012-02-24 11:00:00,137.05772
2012-02-24 12:00:00,175.49283
2012-02-24 13:00:00,180.34514
2012-02-24 14:00:00,162.69057
2012-02-24 15:00:00,127.804794
2012-02-24 16:00:00,163.90726
2012-02-24 17:00:00,254.59494
2012-02-24 18:00:00,257.34186
2012-02-24 19:00:00,255.71278
2012-02-24 20:00:00,186.32028
2012-02-24 21:00:00,124.88151
2012-02-24 22:00:00,101.544785
2012-02-24 23:00:00,65.96745
2012-02-25 00:00:00,71.94346
2012-02-25 01:00:00,54.727505
2012-02-25 02:00:00,39.141373
2012-02-25 03:00:00,12.423852
2012-02-25 04:00:00,9.721877
2012-02-25 05:00:00,10.623457
2012-02-25 06:00:00,15.091932
2012-02-25 07:00:00,37.484104
2012-02-25 08:00:00,77.84891
2012-02-25 09:00:00,107.991585
2012-02-25 10:00:00,195.28581
2012-02-25 11:00:00,219.24551
2012-02-25 12:00:00,260.75702
2012-02-25 13:00:00,290.19785
2012-02-25 14:00:00,276.53064
2012-02-25 15:00:00,296.77026
2012-02-25 16:00:00,250.1802
2012-02-25 17:00:00,213.70833
2012-02-25 18:00:00,156.02115
2012-02-25 19:00:00,130.83896
2012-02-25 20:00:00,97.44289
2012-02-25 21:00:00,83.40906
2012-02-25 22:00:00,73.279594
2012-02-25 23:00:00,61.13518
2012-02-26 00:00:00,56.58246
2012-02-26 01:00:00,49.748344
2012-02-26 02:00:00,39.478012
2012-02-26 03:00:00,20.728462
2012-02-26 04:00:00,7.723555
2012-02-26 05:00:00,5.9133034
2012-02-26 06:00:00,6.972737
2012-02-26 07:00:00,15.570307
2012-02-26 08:00:00,43.3809
2012-02-26 09:00:00,87.4681
2012-02-26 10:00:00,168.2933
2012-02-26 11:00:00,206.66393
2012-02-26 12:00:00,280.86548
2012-02-26 13:00:00,286.40823
2012-02-26 14:00:00,292.97476
2012-02-26 15:00:00,297.8938
2012-02-26 16:00:00,284.50806
2012-02-26 17:00:00,233.20049
2012-02-26 18:00:00,182.00092
2012-02-26 19:00:00,138.72096
2012-02-26 20:00:00,88.90674
2012-02-26 21:00:00,67.79306
2012-02-26 22:00:00,57.74216
2012-02-26 23:00:00,34.896725
2012-02-27 00:00:00,18.22394
2012-02-27 01:00:00,6.271809
2012-02-27 02:00:00,4.625732
2012-02-27 03:00:00,5.2220955
2012-02-27 04:00:00,5.845574
2012-02-27 05:00:00,17.34439
2012-02-27 06:00:00,69.65285
2012-02-27 07:00:00,234.75363
2012-02-27 08:00:00,461.73376
2012-02-27 09:00:00,203.03964
2012-02-27 10:00:00,101.93413
2012-02-27 11:00:00,128.3282
2012-02-27 12:00:00,162.85506
2012-02-27 13:00:00,161.9575
2012-02-27 14:00:00,157.6662
2012-02-27 15:00:00,196.44331
2012-02-27 16:00:00,275.31885
2012-02-27 17:00:00,537.14746
2012-02-27 18:00:00,528.45374
2012-02-27 19:00:00,344.88467
2012-02-27 20:00:00,231.78874
2012-02-27 21:00:00,165.99648
2012-02-27 22:00:00,104.21373
2012-02-27 23:00:00,52.027897
2012-02-28 00:00:00,25.024315
2012-02-28 01:00:00,8.36074
2012-02-28 02:00:00,5.908989
2012-02-28 03:00:00,6.6990623
2012-02-28 04:00:00,9.827452
2012-02-28 05:00:00,28.15423
2012-02-28 06:00:00,91.295265
2012-02-28 07:00:00,251.32938
2012-02-28 08:00:00,455.54092
2012-02-28 09:00:00,219.48537
2012-02-28 10:00:00,100.791794
2012-02-28 11:00:00,126.43587
2012-02-28 12:00:00,157.74811
2012-02-28 13:00:00,150.34865
2012-02-28 14:00:00,143.49419
2012-02-28 15:00:00,185.35338
2012-02-28 16:00:00,244.42473
2012-02-28 17:00:00,518.4777
2012-02-28 18:00:00,511.72263
2012-02-28 19:00:00,338.99823
2012-02-28 20:00:00,217.43884
2012-02-28 21:00:00,140.26747
2012-02-28 22:00:00,98.705574
2012-02-28 23:00:00,61.35471
2012-02-29 00:00:00,19.691566
2012-02-29 01:00:00,7.176208
2012-02-29 02:00:00,7.891889
2012-02-29 03:00:00,5.37815
2012-02-29 05:00:00,19.347746
2012-02-29 06:00:00,90.566414
2012-02-29 07:00:00,265.4401
2012-02-29 08:00:00,486.6692
2012-02-29 09:00:00,220.49374
2012-02-29 10:00:00,88.44093
2012-02-29 11:00:00,99.6975
2012-02-29 12:00:00,87.54255
2012-02-29 13:00:00,84.42627
2012-02-29 14:00:00,60.56945
2012-02-29 15:00:00,72.74456
2012-02-29 16:00:00,131.14496
2012-02-29 17:00:00,308.00418
2012-02-29 18:00:00,315.1643
2012-02-29 19:00:00,257.10275
2012-02-29 20:00:00,199.26608
2012-02-29 21:00:00,153.01067
2012-02-29 22:00:00,82.68199
2012-02-29 23:00:00,52.279
2012-03-20 00:00:00,30.66147
2012-03-20 01:00:00,12.183386
2012-03-20 02:00:00,9.750018
2012-03-20 03:00:00,6.8133783
2012-03-20 04:00:00,9.2015295
2012-03-20 05:00:00,26.137959
2012-03-20 06:00:00,94.63298
2012-03-20 07:00:00,266.68246
2012-03-20 08:00:00,602.7382
2012-03-20 09:00:00,318.42932
2012-03-20 10:00:00,176.65688
2012-03-20 11:00:00,185.53748
2012-03-20 12:00:00,218.63689
2012-03-20 13:00:00,221.71991
2012-03-20 14:00:00,221.98233
2012-03-20 15:00:00,235.30464
2012-03-20 16:00:00,365.4257
2012-03-20 17:00:00,689.9548
2012-03-20 18:00:00,681.89856
2012-03-20 19:00:00,495.7328
2012-03-20 20:00:00,334.3349
2012-03-20 21:00:00,217.3965
2012-03-20 22:00:00,150.81908
2012-03-20 23:00:00,74.33073
2012-03-21 00:00:00,29.384798
2012-03-21 01:00:00,16.584274
2012-03-21 02:00:00,9.850461
2012-03-21 03:00:00,7.6470942
2012-03-21 04:00:00,8.731089
2012-03-21 05:00:00,32.338604
2012-03-21 06:00:00,90.93061
2012-03-21 07:00:00,303.71176
2012-03-21 08:00:00,572.2653
2012-03-21 09:00:00,307.1141
2012-03-21 10:00:00,168.61768
2012-03-21 11:00:00,176.42293
2012-03-21 12:00:00,191.53607
2012-03-21 13:00:00,146.98961
2012-03-21 14:00:00,145.83315
2012-03-21 15:00:00,152.20863
2012-03-21 16:00:00,293.66135
2012-03-21 17:00:00,665.8294
2012-03-21 18:00:00,669.53674
2012-03-21 19:00:00,513.9145
2012-03-21 20:00:00,320.10065
2012-03-21 21:00:00,209.52357
2012-03-21 22:00:00,159.59055
2012-03-21 23:00:00,95.88415
2012-03-22 00:00:00,38.990295
2012-03-22 01:00:00,21.491066
2012-03-22 02:00:00,13.430328
2012-03-22 03:00:00,9.984683
2012-03-22 04:00:00,9.651367
2012-03-22 05:00:00,28.47437
2012-03-22 06:00:00,103.60856
2012-03-22 07:00:00,312.50235
2012-03-22 08:00:00,586.4585
2012-03-22 09:00:00,301.95062
2012-03-22 10:00:00,185.00497
2012-03-22 11:00:00,181.22845
2012-03-22 12:00:00,212.27446
2012-03-22 13:00:00,224.90292
2012-03-22 14:00:00,209.86023
2012-03-22 15:00:00,248.74776
2012-03-22 16:00:00,380.55527
2012-03-22 17:00:00,740.213
2012-03-22 18:00:00,741.32697
2012-03-22 19:00:00,538.8913
2012-03-22 20:00:00,350.9972
2012-03-22 21:00:00,263.24548
2012-03-22 22:00:00,187.94264
2012-03-22 23:00:00,133.75067
2012-03-23 00:00:00,45.99178
2012-03-23 01:00:00,29.233803
2012-03-23 02:00:00,18.772528
2012-03-23 03:00:00,11.302976
2012-03-23 04:00:00,9.953503
2012-03-23 05:00:00,25.828602
2012-03-23 06:00:00,112.94297
2012-03-23 07:00:00,317.85715
2012-03-23 08:00:00,558.6681
2012-03-23 09:00:00,308.90543
2012-03-23 10:00:00,227.79329
2012-03-23 11:00:00,267.41003
2012-03-23 12:00:00,348.23532
2012-03-23 13:00:00,368.85535
2012-03-23 14:00:00,353.97565
2012-03-23 15:00:00,379.03552
2012-03-23 16:00:00,518.5717
2012-03-23 17:00:00,746.5113
2012-03-23 18:00:00,677.40344
2012-03-23 19:00:00,477.63058
2012-03-23 20:00:00,356.51086
2012-03-23 21:00:00,281.72134
2012-03-23 22:00:00,222.4435
2012-03-23 23:00:00,149.19804
2012-03-24 00:00:00,101.61306
2012-03-24 01:00:00,85.84635
2012-03-24 02:00:00,63.600075
2012-03-24 03:00:00,33.990368
2012-03-24 04:00:00,21.628834
2012-03-24 05:00:00,29.458838
2012-03-24 06:00:00,43.32636
2012-03-24 07:00:00,102.509766
2012-03-24 08:00:00,176.64241
2012-03-24 09:00:00,303.55768
2012-03-24 10:00:00,388.06976
2012-03-24 11:00:00,437.26697
2012-03-24 12:00:00,477.69788
2012-03-24 13:00:00,465.15167
2012-03-24 14:00:00,453.67877
2012-03-24 15:00:00,371.5974
2012-03-24 16:00:00,337.5951
2012-03-24 17:00:00,337.90097
2012-03-24 18:00:00,264.61954
2012-03-24 19:00:00,243.1623
2012-03-24 20:00:00,166.22748
2012-03-24 21:00:00,151.44704
2012-03-24 22:00:00,118.94165
2012-03-24 23:00:00,101.93315
2012-03-25 00:00:00,77.94275
2012-03-25 01:00:00,57.790653
2012-03-25 02:00:00,44.48126
2012-03-25 03:00:00,23.267471
2012-03-25 04:00:00,9.788433
2012-03-25 05:00:00,9.352853
2012-03-25 06:00:00,13.058181
2012-03-25 07:00:00,40.939533
2012-03-25 08:00:00,88.65699
2012-03-25 09:00:00,179.21088
2012-03-25 10:00:00,270.70267
2012-03-25 11:00:00,312.03943
2012-03-25 12:00:00,355.51788
2012-03-25 13:00:00,433.77313
2012-03-25 14:00:00,385.3318
2012-03-25 15:00:00,370.1555
2012-03-25 16:00:00,364.2207
2012-03-25 17:00:00,426.05576
2012-03-25 18:00:00,381.17154
2012-03-25 19:00:00,296.64526
2012-03-25 20:00:00,188.13663
2012-03-25 21:00:00,140.20671
2012-03-25 22:00:00,101.90774
2012-03-25 23:00:00,63.70469
2012-03-26 00:00:00,30.464869
2012-03-26 01:00:00,10.418104
2012-03-26 02:00:00,5.922215
2012-03-26 03:00:00,8.651346
2012-03-26 04:00:00,7.7722077
2012-03-26 05:00:00,25.502794
2012-03-26 06:00:00,107.69061
2012-03-26 07:00:00,344.3662
2012-03-26 08:00:00,605.56793
2012-03-26 09:00:00,271.94757
2012-03-26 10:00:00,189.4438
2012-03-26 11:00:00,205.71228
2012-03-26 12:00:00,239.44173
2012-03-26 13:00:00,231.71901
2012-03-26 14:00:00,217.3327
2012-03-26 15:00:00,231.38924
2012-03-26 16:00:00,308.81244
2012-03-26 17:00:00,623.6311
2012-03-26 18:00:00,582.3439
2012-03-26 19:00:00,425.8232
2012-03-26 20:00:00,259.49802
2012-03-26 21:00:00,162.31366
2012-03-26 22:00:00,106.62678
2012-03-26 23:00:00,62.251026
2012-03-27 00:00:00,27.695353
2012-03-27 01:00:00,7.4806275
2012-03-27 02:00:00,5.9440775
2012-03-27 03:00:00,5.920094
2012-03-27 04:00:00,6.0836616
2012-03-27 05:00:00,20.554514
2012-03-27 06:00:00,91.27418
2012-03-27 07:00:00,315.4397
2012-03-27 08:00:00,548.0147
2012-03-27 09:00:00,254.23022
2012-03-27 10:00:00,146.92142
2012-03-27 11:00:00,166.54068
2012-03-27 12:00:00,184.1027
2012-03-27 13:00:00,187.41386
2012-03-27 14:00:00,200.04941
2012-03-27 15:00:00,211.56813
2012-03-27 16:00:00,284.27325
2012-03-27 17:00:00,628.49194
2012-03-27 18:00:00,629.5847
2012-03-27 19:00:00,453.2687
2012-03-27 20:00:00,302.1074
2012-03-27 21:00:00,181.88744
2012-03-27 22:00:00,134.19595
2012-03-27 23:00:00,78.592964
2012-03-28 00:00:00,28.579967
2012-03-28 01:00:00,9.404358
2012-03-28 02:00:00,5.623723
2012-03-28 03:00:00,9.1577635
2012-03-28 04:00:00,6.415519
2012-03-28 05:00:00,24.270386
2012-03-28 06:00:00,100.71062
2012-03-28 07:00:00,336.09265
2012-03-28 08:00:00,593.6834
2012-03-28 09:00:00,276.68747
2012-03-28 10:00:00,175.96474
2012-03-28 11:00:00,208.24336
2012-03-28 12:00:00,262.2162
2012-03-28 13:00:00,259.34952
2012-03-28 14:00:00,246.13234
2012-03-28 15:00:00,262.82568
2012-03-28 16:00:00,377.64743
2012-03-28 17:00:00,744.34125
2012-03-28 18:00:00,743.9659
2012-03-28 19:00:00,543.0894
2012-03-28 20:00:00,386.73877
2012-03-28 21:00:00,271.32074
2012-03-28 22:00:00,200.17004
2012-03-28 23:00:00,108.76052
2012-03-29 00:00:00,39.96371
2012-03-29 01:00:00,27.780178
2012-03-29 02:00:00,21.932774
2012-03-29 03:00:00,17.847277
2012-03-29 04:00:00,13.209428
2012-03-29 05:00:00,32.76265
2012-03-29 06:00:00,115.584045
2012-03-29 07:00:00,382.0522
2012-03-29 08:00:00,620.5861
2012-03-29 09:00:00,315.98068
2012-03-29 10:00:00,180.47447
2012-03-29 11:00:00,220.15509
2012-03-29 12:00:00,262.8848
2012-03-29 13:00:00,245.73856
2012-03-29 14:00:00,242.7951
2012-03-29 15:00:00,273.3984
2012-03-29 16:00:00,373.70084
2012-03-29 17:00:00,724.5528
2012-03-29 18:00:00,677.3678
2012-03-29 19:00:00,464.60587
2012-03-29 20:00:00,302.2136
2012-03-29 21:00:00,211.57788
2012-03-29 22:00:00,162.77145
2012-03-29 23:00:00,103.73459
2012-03-30 00:00:00,38.92487
2012-03-30 01:00:00,17.012465
2012-03-30 02:00:00,8.81262
2012-03-30 03:00:00,8.337172
2012-03-30 04:00:00,6.931003
2012-03-30 05:00:00,22.206799
2012-03-30 06:00:00,98.55271
2012-03-30 07:00:00,314.14688
2012-03-30 08:00:00,594.9287
2012-03-30 09:00:00,298.768
2012-03-30 10:00:00,193.2392
2012-03-30 11:00:00,210.12274
2012-03-30 12:00:00,238.3121
2012-03-30 13:00:00,238.28285
2012-03-30 14:00:00,220.06642
2012-03-30 15:00:00,243.30803
2012-03-30 16:00:00,326.331
2012-03-30 17:00:00,553.13965
2012-03-30 18:00:00,547.40137
2012-03-30 19:00:00,371.015
2012-03-30 20:00:00,250.96481
2012-03-30 21:00:00,179.96918
2012-03-30 22:00:00,145.58209
2012-03-30 23:00:00,111.20635
2012-03-31 00:00:00,81.87746
2012-03-31 01:00:00,62.66548
2012-03-31 02:00:00,41.276276
2012-03-31 03:00:00,17.548496
2012-03-31 04:00:00,5.963766
2012-03-31 05:00:00,17.699587
2012-03-31 06:00:00,30.440165
2012-03-31 07:00:00,81.3568
2012-03-31 08:00:00,147.65057
2012-03-31 09:00:00,257.5193
2012-03-31 10:00:00,358.84543
2012-03-31 11:00:00,482.58438
2012-03-31 12:00:00,526.12805
2012-03-31 13:00:00,601.94006
2012-03-31 14:00:00,552.38916
2012-03-31 15:00:00,557.40753
2012-03-31 16:00:00,523.51843
2012-03-31 17:00:00,417.22452
2012-03-31 18:00:00,301.39832
2012-03-31 19:00:00,262.6234
2012-03-31 20:00:00,192.17691
2012-03-31 21:00:00,152.62427
2012-03-31 22:00:00,138.0445
2012-03-31 23:00:00,86.51033
2012-04-20 00:00:00,50.44114
2012-04-20 01:00:00,32.708725
2012-04-20 02:00:00,15.654275
2012-04-20 03:00:00,8.222984
2012-04-20 04:00:00,8.877735
2012-04-20 05:00:00,23.38751
2012-04-20 06:00:00,110.8318
2012-04-20 07:00:00,304.23257
2012-04-20 08:00:00,562.7519
2012-04-20 09:00:00,343.54578
2012-04-20 10:00:00,206.30775
2012-04-20 11:00:00,252.74509
2012-04-20 12:00:00,341.4853
2012-04-20 13:00:00,364.9512
2012-04-20 14:00:00,335.03555
2012-04-20 15:00:00,351.02286
2012-04-20 16:00:00,491.67468
2012-04-20 17:00:00,697.1903
2012-04-20 18:00:00,644.45996
2012-04-20 19:00:00,487.18677
2012-04-20 20:00:00,342.34546
2012-04-20 21:00:00,257.32593
2012-04-20 22:00:00,203.60268
2012-04-20 23:00:00,172.5974
2012-04-21 00:00:00,107.46236
2012-04-21 01:00:00,82.295494
2012-04-21 02:00:00,65.40208
2012-04-21 03:00:00,29.08574
2012-04-21 04:00:00,9.426893
2012-04-21 05:00:00,12.953603
2012-04-21 06:00:00,39.504272
2012-04-21 07:00:00,77.54723
2012-04-21 08:00:00,171.16788
2012-04-21 09:00:00,303.1279
2012-04-21 10:00:00,438.8847
2012-04-21 11:00:00,520.05817
2012-04-21 12:00:00,610.2771
2012-04-21 13:00:00,633.0068
2012-04-21 14:00:00,616.8542
2012-04-21 15:00:00,631.7175
2012-04-21 16:00:00,617.2446
2012-04-21 17:00:00,615.7064
2012-04-21 18:00:00,513.221
2012-04-21 19:00:00,317.40353
2012-04-21 20:00:00,168.59116
2012-04-21 21:00:00,142.78598
2012-04-21 22:00:00,132.51357
2012-04-21 23:00:00,108.99323
2012-04-22 00:00:00,103.78867
2012-04-22 01:00:00,73.73607
2012-04-22 02:00:00,51.317806
2012-04-22 03:00:00,29.905098
2012-04-22 04:00:00,11.3123665
2012-04-22 05:00:00,10.420218
2012-04-22 06:00:00,14.010711
2012-04-22 07:00:00,32.630836
2012-04-22 08:00:00,90.74673
2012-04-22 09:00:00,183.2793
2012-04-22 10:00:00,261.91278
2012-04-22 11:00:00,301.78662
2012-04-22 12:00:00,329.49307
2012-04-22 13:00:00,321.37054
2012-04-22 14:00:00,298.5008
2012-04-22 15:00:00,274.88083
2012-04-22 16:00:00,253.84135
2012-04-22 17:00:00,154.84201
2012-04-22 18:00:00,138.00415
2012-04-22 19:00:00,113.4773
2012-04-22 20:00:00,94.806755
2012-04-22 21:00:00,83.67346
2012-04-22 22:00:00,48.968258
2012-04-22 23:00:00,23.423294
2012-04-23 00:00:00,9.266338
2012-04-23 01:00:00,4.831073
2012-04-23 02:00:00,3.7619467
2012-04-23 03:00:00,2.8817625
2012-04-23 04:00:00,3.067214
2012-04-23 05:00:00,6.1139703
2012-04-23 06:00:00,49.32085
2012-04-23 07:00:00,246.29361
2012-04-23 08:00:00,508.24014
2012-04-23 09:00:00,199.15659
2012-04-23 10:00:00,109.40167
2012-04-23 11:00:00,115.87741
2012-04-23 12:00:00,135.43909
2012-04-23 13:00:00,145.0972
2012-04-23 14:00:00,137.53337
2012-04-23 15:00:00,151.87823
2012-04-23 16:00:00,138.80731
2012-04-23 17:00:00,321.6938
2012-04-23 18:00:00,410.34042
2012-04-23 19:00:00,304.76663
2012-04-23 20:00:00,221.67117
2012-04-23 21:00:00,123.742424
2012-04-23 22:00:00,99.17063
2012-04-23 23:00:00,60.574413
2012-04-24 00:00:00,18.155973
2012-04-24 01:00:00,7.8628454
2012-04-24 02:00:00,5.2899866
2012-04-24 03:00:00,4.11078
2012-04-24 04:00:00,5.8431234
2012-04-24 05:00:00,19.99741
2012-04-24 06:00:00,91.21345
2012-04-24 07:00:00,322.3579
2012-04-24 08:00:00,586.8147
2012-04-24 09:00:00,274.2408
2012-04-24 10:00:00,143.6393
2012-04-24 11:00:00,175.15607
2012-04-24 12:00:00,223.85349
2012-04-24 13:00:00,225.82205
2012-04-24 14:00:00,225.93768
2012-04-24 15:00:00,233.56537
2012-04-24 16:00:00,360.4096
2012-04-24 17:00:00,716.07263
2012-04-24 18:00:00,712.8796
2012-04-24 19:00:00,497.638
2012-04-24 20:00:00,304.14722
2012-04-24 21:00:00,225.71246
2012-04-24 22:00:00,148.28719
2012-04-24 23:00:00,98.02538
2012-04-25 00:00:00,21.951927
2012-04-25 01:00:00,8.483105
2012-04-25 02:00:00,5.4052634
2012-04-25 03:00:00,5.428907
2012-04-25 04:00:00,5.793359
2012-04-25 05:00:00,15.838181
2012-04-25 06:00:00,96.34537
2012-04-25 07:00:00,367.51672
2012-04-25 08:00:00,621.53546
2012-04-25 09:00:00,288.88824
2012-04-25 10:00:00,177.14641
2012-04-25 11:00:00,207.19919
2012-04-25 12:00:00,246.00554
2012-04-25 13:00:00,251.93681
2012-04-25 14:00:00,222.9086
2012-04-25 15:00:00,271.9669
2012-04-25 16:00:00,372.99057
2012-04-25 17:00:00,750.4587
2012-04-25 18:00:00,741.3224
2012-04-25 19:00:00,548.0835
2012-04-25 20:00:00,377.0077
2012-04-25 21:00:00,260.5964
2012-04-25 22:00:00,173.16882
2012-04-25 23:00:00,108.187965
2012-04-26 00:00:00,28.670702
2012-04-26 01:00:00,16.837578
2012-04-26 02:00:00,6.706638
2012-04-26 03:00:00,6.409543
2012-04-26 04:00:00,8.380052
2012-04-26 05:00:00,32.358242
2012-04-26 06:00:00,115.57089
2012-04-26 07:00:00,381.7088
2012-04-26 08:00:00,674.5819
2012-04-26 09:00:00,327.37
2012-04-26 10:00:00,163.44687
2012-04-26 11:00:00,166.32588
2012-04-26 12:00:00,206.13446
2012-04-26 13:00:00,193.64912
2012-04-26 14:00:00,180.39029
2012-04-26 15:00:00,149.51323
2012-04-26 16:00:00,263.0687
2012-04-26 17:00:00,580.1974
2012-04-26 18:00:00,589.287
2012-04-26 19:00:00,450.98795
2012-04-26 20:00:00,345.81308
2012-04-26 21:00:00,228.04779
2012-04-26 22:00:00,193.35983
2012-04-26 23:00:00,123.80937
2012-04-27 00:00:00,44.002644
2012-04-27 01:00:00,21.667917
2012-04-27 02:00:00,13.154815
2012-04-27 03:00:00,5.4981804
2012-04-27 04:00:00,10.009896
2012-04-27 05:00:00,23.317299
2012-04-27 06:00:00,104.156296
2012-04-27 07:00:00,324.5804
2012-04-27 08:00:00,605.3724
2012-04-27 09:00:00,304.78525
2012-04-27 10:00:00,205.14616
2012-04-27 11:00:00,233.3888
2012-04-27 12:00:00,289.27417
2012-04-27 13:00:00,292.0995
2012-04-27 14:00:00,284.21835
2012-04-27 15:00:00,340.75485
2012-04-27 16:00:00,480.28146
2012-04-27 17:00:00,703.9037
2012-04-27 18:00:00,614.28125
2012-04-27 19:00:00,425.42215
2012-04-27 20:00:00,273.31897
2012-04-27 21:00:00,190.8176
2012-04-27 22:00:00,165.6188
2012-04-27 23:00:00,122.11766
2012-04-28 00:00:00,90.162865
2012-04-28 01:00:00,55.086052
2012-04-28 02:00:00,49.733894
2012-04-28 03:00:00,17.293446
2012-04-28 04:00:00,8.280648
2012-04-28 05:00:00,13.250734
2012-04-28 06:00:00,21.849373
2012-04-28 07:00:00,54.514244
2012-04-28 08:00:00,139.79837
2012-04-28 09:00:00,237.67639
2012-04-28 10:00:00,326.9565
2012-04-28 11:00:00,396.5123
2012-04-28 12:00:00,466.06805
2012-04-28 13:00:00,487.2263
2012-04-28 14:00:00,509.7643
2012-04-28 15:00:00,527.728
2012-04-28 16:00:00,503.97006
2012-04-28 17:00:00,459.67807
2012-04-28 18:00:00,338.3944
2012-04-28 19:00:00,269.45923
2012-04-28 20:00:00,199.92087
2012-04-28 21:00:00,163.42047
2012-04-28 22:00:00,154.14357
2012-04-28 23:00:00,137.69745
2012-04-29 00:00:00,86.54723
2012-04-29 01:00:00,77.93867
2012-04-29 02:00:00,51.34595
2012-04-29 03:00:00,24.999952
2012-04-29 04:00:00,13.187067
2012-04-29 05:00:00,8.624154
2012-04-29 06:00:00,19.90254
2012-04-29 07:00:00,50.075756
2012-04-29 08:00:00,102.07246
2012-04-29 09:00:00,201.16884
2012-04-29 10:00:00,324.4536
2012-04-29 11:00:00,429.3906
2012-04-29 12:00:00,521.7104
2012-04-29 13:00:00,536.1508
2012-04-29 14:00:00,537.67444
2012-04-29 15:00:00,558.27673
2012-04-29 16:00:00,566.73236
2012-04-29 17:00:00,544.21893
2012-04-29 18:00:00,465.5098
2012-04-29 19:00:00,365.03314
2012-04-29 20:00:00,250.7803
2012-04-29 21:00:00,172.68893
2012-04-29 22:00:00,109.373886
2012-04-29 23:00:00,66.05973
2012-04-30 00:00:00,24.471073
2012-04-30 01:00:00,9.683019
2012-04-30 02:00:00,6.522289
2012-04-30 03:00:00,5.8738265
2012-04-30 04:00:00,5.7047873
2012-04-30 05:00:00,19.146107
2012-04-30 06:00:00,97.731804
2012-04-30 07:00:00,339.5726
2012-04-30 08:00:00,579.7259
2012-04-30 09:00:00,264.5613
2012-04-30 10:00:00,145.55458
2012-04-30 11:00:00,152.44531
2012-04-30 12:00:00,190.25858
2012-04-30 13:00:00,190.47476
2012-04-30 14:00:00,188.65863
2012-04-30 15:00:00,206.42645
2012-04-30 16:00:00,330.9359
2012-04-30 17:00:00,695.0905
2012-04-30 18:00:00,707.90063
2012-04-30 19:00:00,488.95227
2012-04-30 20:00:00,324.08728
2012-04-30 21:00:00,226.4948
2012-04-30 22:00:00,165.57033
2012-04-30 23:00:00,88.04829
2012-05-20 00:00:00,136.64809
2012-05-20 01:00:00,96.79362
2012-05-20 02:00:00,71.02179
2012-05-20 03:00:00,39.468307
2012-05-20 04:00:00,17.274256
2012-05-20 05:00:00,12.565343
2012-05-20 06:00:00,31.482706
2012-05-20 07:00:00,61.015934
2012-05-20 08:00:00,150.62297
2012-05-20 09:00:00,306.37628
2012-05-20 10:00:00,462.85434
2012-05-20 11:00:00,558.12756
2012-05-20 12:00:00,629.25366
2012-05-20 13:00:00,643.7358
2012-05-20 14:00:00,604.173
2012-05-20 15:00:00,601.223
2012-05-20 16:00:00,591.7794
2012-05-20 17:00:00,555.7177
2012-05-20 18:00:00,490.24625
2012-05-20 19:00:00,367.68387
2012-05-20 20:00:00,292.02194
2012-05-20 21:00:00,171.83905
2012-05-20 22:00:00,119.44583
2012-05-20 23:00:00,64.35504
2012-05-21 00:00:00,22.839397
2012-05-21 01:00:00,8.257838
2012-05-21 02:00:00,5.0233173
2012-05-21 03:00:00,5.6008296
2012-05-21 04:00:00,6.0407696
2012-05-21 05:00:00,16.756107
2012-05-21 06:00:00,104.92433
2012-05-21 07:00:00,293.27704
2012-05-21 08:00:00,416.00107
2012-05-21 09:00:00,217.33626
2012-05-21 10:00:00,118.213486
2012-05-21 11:00:00,145.30983
2012-05-21 12:00:00,140.21867
2012-05-21 13:00:00,125.12434
2012-05-21 14:00:00,122.95054
2012-05-21 15:00:00,210.29407
2012-05-21 16:00:00,301.23157
2012-05-21 17:00:00,625.82385
2012-05-21 18:00:00,668.8824
2012-05-21 19:00:00,509.21805
2012-05-21 20:00:00,340.4299
2012-05-21 21:00:00,246.56146
2012-05-21 22:00:00,156.91248
2012-05-21 23:00:00,62.585953
2012-05-22 00:00:00,16.78374
2012-05-22 01:00:00,13.723342
2012-05-22 02:00:00,7.5864587
2012-05-22 03:00:00,7.054598
2012-05-22 04:00:00,7.527097
2012-05-22 05:00:00,28.824657
2012-05-22 06:00:00,134.7553
2012-05-22 07:00:00,359.28503
2012-05-22 08:00:00,527.21094
2012-05-22 09:00:00,303.503
2012-05-22 10:00:00,178.87146
2012-05-22 11:00:00,185.66447
2012-05-22 12:00:00,209.39812
2012-05-22 13:00:00,194.34158
2012-05-22 14:00:00,182.49174
2012-05-22 15:00:00,266.67502
2012-05-22 16:00:00,371.50128
2012-05-22 17:00:00,796.04095
2012-05-22 18:00:00,759.9444
2012-05-22 19:00:00,512.5171
2012-05-22 20:00:00,333.75006
2012-05-22 21:00:00,243.21335
2012-05-22 22:00:00,198.41182
2012-05-22 23:00:00,121.8188
2012-05-23 00:00:00,52.656914
2012-05-23 01:00:00,23.614056
2012-05-23 02:00:00,13.818455
2012-05-23 03:00:00,13.006196
2012-05-23 04:00:00,12.263222
2012-05-23 05:00:00,26.551077
2012-05-23 06:00:00,153.25232
2012-05-23 07:00:00,452.26654
2012-05-23 08:00:00,651.2918
2012-05-23 09:00:00,337.6761
2012-05-23 10:00:00,191.36545
2012-05-23 11:00:00,204.75902
2012-05-23 12:00:00,267.00482
2012-05-23 13:00:00,241.2629
2012-05-23 14:00:00,245.83412
2012-05-23 15:00:00,251.93639
2012-05-23 16:00:00,383.04187
2012-05-23 17:00:00,648.3662
2012-05-23 18:00:00,681.3
2012-05-23 19:00:00,386.06177
2012-05-23 20:00:00,274.23978
2012-05-23 21:00:00,211.96375
2012-05-23 22:00:00,179.73886
2012-05-23 23:00:00,108.21904
2012-05-24 00:00:00,53.440243
2012-05-24 01:00:00,18.727331
2012-05-24 02:00:00,7.999622
2012-05-24 03:00:00,7.92852
2012-05-24 04:00:00,9.3081
2012-05-24 05:00:00,34.712795
2012-05-24 06:00:00,145.64186
2012-05-24 07:00:00,455.56155
2012-05-24 08:00:00,701.94965
2012-05-24 09:00:00,346.05817
2012-05-24 10:00:00,212.08197
2012-05-24 11:00:00,249.10614
2012-05-24 12:00:00,301.60062
2012-05-24 13:00:00,308.71548
2012-05-24 14:00:00,259.24222
2012-05-24 15:00:00,273.57465
2012-05-24 16:00:00,402.7583
2012-05-24 17:00:00,755.8184
2012-05-24 18:00:00,775.3313
2012-05-24 19:00:00,537.1847
2012-05-24 20:00:00,384.28104
2012-05-24 21:00:00,290.92426
2012-05-24 22:00:00,232.81369
2012-05-24 23:00:00,161.23009
2012-05-25 00:00:00,70.23432
2012-05-25 01:00:00,36.707535
2012-05-25 02:00:00,17.98476
2012-05-25 03:00:00,13.821796
2012-05-25 04:00:00,13.158005
2012-05-25 05:00:00,40.66684
2012-05-25 06:00:00,146.13928
2012-05-25 07:00:00,385.23074
2012-05-25 08:00:00,623.943
2012-05-25 09:00:00,337.0705
2012-05-25 10:00:00,247.65529
2012-05-25 11:00:00,270.90692
2012-05-25 12:00:00,340.65665
2012-05-25 13:00:00,341.90176
2012-05-25 14:00:00,316.7196
2012-05-25 15:00:00,329.78162
2012-05-25 16:00:00,460.5815
2012-05-25 17:00:00,633.4702
2012-05-25 18:00:00,635.4973
2012-05-25 19:00:00,458.9808
2012-05-25 20:00:00,369.59424
2012-05-25 21:00:00,293.04547
2012-05-25 22:00:00,266.8967
2012-05-25 23:00:00,188.75851
2012-05-26 00:00:00,131.69658
2012-05-26 01:00:00,100.18108
2012-05-26 02:00:00,72.107315
2012-05-26 03:00:00,33.017418
2012-05-26 04:00:00,16.1411
2012-05-26 05:00:00,10.483251
2012-05-26 06:00:00,42.669147
2012-05-26 07:00:00,82.81695
2012-05-26 08:00:00,203.58267
2012-05-26 09:00:00,288.9991
2012-05-26 10:00:00,424.03012
2012-05-26 11:00:00,503.4385
2012-05-26 12:00:00,544.14484
2012-05-26 13:00:00,562.33905
2012-05-26 14:00:00,518.89966
2012-05-26 15:00:00,489.7271
2012-05-26 16:00:00,547.35754
2012-05-26 17:00:00,561.0451
2012-05-26 18:00:00,532.9974
2012-05-26 19:00:00,399.78656
2012-05-26 20:00:00,358.31497
2012-05-26 21:00:00,296.23102
2012-05-26 22:00:00,222.46414
2012-05-26 23:00:00,178.8739
2012-05-27 00:00:00,160.12541
2012-05-27 01:00:00,119.34424
2012-05-27 02:00:00,84.23802
2012-05-27 03:00:00,43.5559
2012-05-27 04:00:00,12.963093
2012-05-27 05:00:00,11.933099
2012-05-27 06:00:00,24.858793
2012-05-27 07:00:00,48.89993
2012-05-27 08:00:00,121.81831
2012-05-27 09:00:00,214.31447
2012-05-27 10:00:00,370.21405
2012-05-27 11:00:00,473.59732
2012-05-27 12:00:00,478.60336
2012-05-27 13:00:00,537.6025
2012-05-27 14:00:00,462.639
2012-05-27 15:00:00,514.94714
2012-05-27 16:00:00,488.7453
2012-05-27 17:00:00,530.0274
2012-05-27 18:00:00,453.27673
2012-05-27 19:00:00,386.88937
2012-05-27 20:00:00,323.94354
2012-05-27 21:00:00,188.33975
2012-05-27 22:00:00,107.19501
2012-05-27 23:00:00,83.13312
2012-05-28 00:00:00,86.98698
2012-05-28 01:00:00,46.142902
2012-05-28 02:00:00,48.22139
2012-05-28 03:00:00,23.73826
2012-05-28 04:00:00,23.422796
2012-05-28 05:00:00,44.273582
2012-05-28 06:00:00,80.04927
2012-05-28 07:00:00,255.73303
2012-05-28 08:00:00,360.819
2012-05-28 09:00:00,292.20282
2012-05-28 10:00:00,290.5718
2012-05-28 11:00:00,342.68613
2012-05-28 12:00:00,395.33527
2012-05-28 13:00:00,402.5554
2012-05-28 14:00:00,382.83325
2012-05-28 15:00:00,400.85233
2012-05-28 16:00:00,434.0171
2012-05-28 17:00:00,596.5397
2012-05-28 18:00:00,575.8167
2012-05-28 19:00:00,520.43207
2012-05-28 20:00:00,428.6992
2012-05-28 21:00:00,313.2954
2012-05-28 22:00:00,229.75258
2012-05-28 23:00:00,132.22658
2012-05-29 00:00:00,54.778767
2012-05-29 01:00:00,32.0324
2012-05-29 02:00:00,20.939003
2012-05-29 03:00:00,8.074693
2012-05-29 04:00:00,11.833595
2012-05-29 05:00:00,42.398296
2012-05-29 06:00:00,159.95482
2012-05-29 07:00:00,455.23514
2012-05-29 08:00:00,685.03674
2012-05-29 09:00:00,309.49283
2012-05-29 10:00:00,160.47687
2012-05-29 11:00:00,219.338
2012-05-29 12:00:00,268.11942
2012-05-29 13:00:00,262.9612
2012-05-29 14:00:00,249.37726
2012-05-29 15:00:00,265.56845
2012-05-29 16:00:00,382.81778
2012-05-29 17:00:00,751.2036
2012-05-29 18:00:00,750.896
2012-05-29 19:00:00,565.7799
2012-05-29 20:00:00,388.27335
2012-05-29 21:00:00,163.71709
2012-05-29 22:00:00,165.46655
2012-05-29 23:00:00,74.90026
2012-05-30 00:00:00,41.74172
2012-05-30 01:00:00,27.198687
2012-05-30 02:00:00,13.044339
2012-05-30 03:00:00,10.19886
2012-05-30 04:00:00,11.6646805
2012-05-30 05:00:00,45.54474
2012-05-30 06:00:00,170.84366
2012-05-30 07:00:00,491.8307
2012-05-30 08:00:00,697.0835
2012-05-30 09:00:00,338.07874
2012-05-30 10:00:00,174.2588
2012-05-30 11:00:00,242.20186
2012-05-30 12:00:00,299.66284
2012-05-30 13:00:00,296.27142
2012-05-30 14:00:00,278.55603
2012-05-30 15:00:00,291.1112
2012-05-30 16:00:00,420.55615
2012-05-30 17:00:00,785.28467
2012-05-30 18:00:00,806.50714
2012-05-30 19:00:00,600.5477
2012-05-30 20:00:00,386.8401
2012-05-30 21:00:00,333.23166
2012-05-30 22:00:00,255.60944
2012-05-30 23:00:00,174.34146
2012-05-31 00:00:00,58.70784
2012-05-31 01:00:00,29.823584
2012-05-31 02:00:00,21.053312
2012-05-31 03:00:00,15.470811
2012-05-31 04:00:00,13.038779
2012-05-31 05:00:00,35.027096
2012-05-31 06:00:00,169.55682
2012-05-31 07:00:00,481.5565
2012-05-31 08:00:00,691.4027
2012-05-31 09:00:00,340.15512
2012-05-31 10:00:00,239.08127
2012-05-31 11:00:00,274.4459
2012-05-31 12:00:00,325.9455
2012-05-31 13:00:00,325.49542
2012-05-31 14:00:00,296.12036
2012-05-31 15:00:00,320.9244
2012-05-31 16:00:00,449.91995
2012-05-31 17:00:00,828.41754
2012-05-31 18:00:00,825.92065
2012-05-31 19:00:00,615.1058
2012-05-31 20:00:00,444.05838
2012-05-31 21:00:00,333.48434
2012-05-31 22:00:00,277.5157
2012-05-31 23:00:00,200.89244
2012-06-20 00:00:00,51.837402
2012-06-20 01:00:00,24.718657
2012-06-20 02:00:00,8.747117
2012-06-20 03:00:00,6.830474
2012-06-20 04:00:00,7.562626
2012-06-20 05:00:00,35.086624
2012-06-20 06:00:00,144.45345
2012-06-20 07:00:00,411.9642
2012-06-20 08:00:00,684.45306
2012-06-20 09:00:00,339.3268
2012-06-20 10:00:00,199.35936
2012-06-20 11:00:00,210.63173
2012-06-20 12:00:00,253.61667
2012-06-20 13:00:00,241.69489
2012-06-20 14:00:00,228.8604
2012-06-20 15:00:00,245.04237
2012-06-20 16:00:00,362.65936
2012-06-20 17:00:00,705.2181
2012-06-20 18:00:00,705.35657
2012-06-20 19:00:00,541.4945
2012-06-20 20:00:00,426.37094
2012-06-20 21:00:00,339.8727
2012-06-20 22:00:00,290.17432
2012-06-20 23:00:00,173.45004
2012-06-21 00:00:00,57.349552
2012-06-21 01:00:00,25.878883
2012-06-21 02:00:00,18.966166
2012-06-21 03:00:00,13.702167
2012-06-21 04:00:00,18.58508
2012-06-21 05:00:00,45.61238
2012-06-21 06:00:00,167.85756
2012-06-21 07:00:00,452.08908
2012-06-21 08:00:00,660.67725
2012-06-21 09:00:00,313.24225
2012-06-21 10:00:00,182.88641
2012-06-21 11:00:00,204.29156
2012-06-21 12:00:00,249.66183
2012-06-21 13:00:00,236.96602
2012-06-21 14:00:00,229.19359
2012-06-21 15:00:00,235.08252
2012-06-21 16:00:00,359.7667
2012-06-21 17:00:00,725.6579
2012-06-21 18:00:00,735.2353
2012-06-21 19:00:00,517.21063
2012-06-21 20:00:00,417.957
2012-06-21 21:00:00,366.11685
2012-06-21 22:00:00,255.37708
2012-06-21 23:00:00,181.32906
2012-06-22 00:00:00,77.73138
2012-06-22 01:00:00,42.021523
2012-06-22 02:00:00,27.812046
2012-06-22 03:00:00,18.843552
2012-06-22 04:00:00,12.554822
2012-06-22 05:00:00,44.199802
2012-06-22 06:00:00,143.91603
2012-06-22 07:00:00,417.51724
2012-06-22 08:00:00,634.48114
2012-06-22 09:00:00,338.84628
2012-06-22 10:00:00,245.36852
2012-06-22 11:00:00,284.16858
2012-06-22 12:00:00,314.29718
2012-06-22 13:00:00,298.0741
2012-06-22 14:00:00,281.00107
2012-06-22 15:00:00,295.8579
2012-06-22 16:00:00,407.36743
2012-06-22 17:00:00,757.5664
2012-06-22 18:00:00,671.36804
2012-06-22 19:00:00,467.9528
2012-06-22 20:00:00,368.38068
2012-06-22 21:00:00,288.97363
2012-06-22 22:00:00,252.50525
2012-06-22 23:00:00,194.52612
2012-06-23 00:00:00,128.19427
2012-06-23 01:00:00,104.59714
2012-06-23 02:00:00,61.03575
2012-06-23 03:00:00,26.435944
2012-06-23 04:00:00,7.831565
2012-06-23 05:00:00,10.721701
2012-06-23 06:00:00,31.368006
2012-06-23 07:00:00,69.31353
2012-06-23 08:00:00,178.7598
2012-06-23 09:00:00,308.6737
2012-06-23 10:00:00,435.97522
2012-06-23 11:00:00,521.329
2012-06-23 12:00:00,558.24664
2012-06-23 13:00:00,581.1668
2012-06-23 14:00:00,593.1637
2012-06-23 15:00:00,532.8177
2012-06-23 16:00:00,531.6939
2012-06-23 17:00:00,548.8482
2012-06-23 18:00:00,519.866
2012-06-23 19:00:00,427.2667
2012-06-23 20:00:00,349.9469
2012-06-23 21:00:00,321.05127
2012-06-23 22:00:00,293.46295
2012-06-23 23:00:00,217.83783
2012-06-24 00:00:00,158.30164
2012-06-24 01:00:00,130.03758
2012-06-24 02:00:00,96.081924
2012-06-24 03:00:00,43.043583
2012-06-24 04:00:00,19.311138
2012-06-24 05:00:00,12.954677
2012-06-24 06:00:00,23.404293
2012-06-24 07:00:00,51.05493
2012-06-24 08:00:00,138.90746
2012-06-24 09:00:00,283.9291
2012-06-24 10:00:00,402.35675
2012-06-24 11:00:00,497.80396
2012-06-24 12:00:00,522.8316
2012-06-24 13:00:00,534.32794
2012-06-24 14:00:00,477.36777
2012-06-24 15:00:00,457.86652
2012-06-24 16:00:00,452.9736
2012-06-24 17:00:00,506.08902
2012-06-24 18:00:00,469.26767
2012-06-24 19:00:00,388.16263
2012-06-24 20:00:00,285.0056
2012-06-24 21:00:00,235.21329
2012-06-24 22:00:00,194.1721
2012-06-24 23:00:00,114.9791
2012-06-25 00:00:00,37.103233
2012-06-25 01:00:00,12.818008
2012-06-25 02:00:00,6.38679
2012-06-25 03:00:00,5.6406918
2012-06-25 04:00:00,5.7004566
2012-06-25 05:00:00,33.160748
2012-06-25 06:00:00,134.9255
2012-06-25 07:00:00,403.0961
2012-06-25 08:00:00,603.9477
2012-06-25 09:00:00,299.66235
2012-06-25 10:00:00,183.60286
2012-06-25 11:00:00,207.65858
2012-06-25 12:00:00,249.71454
2012-06-25 13:00:00,249.93085
2012-06-25 14:00:00,214.55614
2012-06-25 15:00:00,244.49852
2012-06-25 16:00:00,382.3417
2012-06-25 17:00:00,778.4458
2012-06-25 18:00:00,767.2593
2012-06-25 19:00:00,563.97906
2012-06-25 20:00:00,391.9091
2012-06-25 21:00:00,301.11578
2012-06-25 22:00:00,215.96738
2012-06-25 23:00:00,128.06316
2012-06-26 00:00:00,44.142918
2012-06-26 01:00:00,26.229462
2012-06-26 02:00:00,10.459904
2012-06-26 03:00:00,6.5401382
2012-06-26 04:00:00,7.0634556
2012-06-26 05:00:00,33.505398
2012-06-26 06:00:00,141.53392
2012-06-26 07:00:00,443.40567
2012-06-26 08:00:00,646.50305
2012-06-26 09:00:00,321.29626
2012-06-26 10:00:00,190.95486
2012-06-26 11:00:00,225.48793
2012-06-26 12:00:00,273.33102
2012-06-26 13:00:00,263.89066
2012-06-26 14:00:00,249.9105
2012-06-26 15:00:00,272.78122
2012-06-26 16:00:00,410.87534
2012-06-26 17:00:00,803.01135
2012-06-26 18:00:00,801.1049
2012-06-26 19:00:00,596.2933
2012-06-26 20:00:00,442.34943
2012-06-26 21:00:00,333.21634
2012-06-26 22:00:00,241.59377
2012-06-26 23:00:00,145.03098
2012-06-27 00:00:00,54.95763
2012-06-27 01:00:00,22.50172
2012-06-27 02:00:00,8.80104
2012-06-27 03:00:00,11.538101
2012-06-27 04:00:00,13.677023
2012-06-27 05:00:00,40.725765
2012-06-27 06:00:00,161.94128
2012-06-27 07:00:00,469.29202
2012-06-27 08:00:00,664.7113
2012-06-27 09:00:00,323.66583
2012-06-27 10:00:00,205.33736
2012-06-27 11:00:00,228.02936
2012-06-27 12:00:00,280.56326
2012-06-27 13:00:00,257.59753
2012-06-27 14:00:00,268.6255
2012-06-27 15:00:00,262.54196
2012-06-27 16:00:00,393.25137
2012-06-27 17:00:00,790.7432
2012-06-27 18:00:00,771.379
2012-06-27 19:00:00,589.09894
2012-06-27 20:00:00,466.4356
2012-06-27 21:00:00,361.33572
2012-06-27 22:00:00,288.04434
2012-06-27 23:00:00,174.58276
2012-06-28 00:00:00,65.28816
2012-06-28 01:00:00,27.171556
2012-06-28 02:00:00,19.529894
2012-06-28 03:00:00,15.307727
2012-06-28 04:00:00,13.847959
2012-06-28 05:00:00,46.231308
2012-06-28 06:00:00,163.31374
2012-06-28 07:00:00,472.22104
2012-06-28 08:00:00,671.1886
2012-06-28 09:00:00,340.833
2012-06-28 10:00:00,207.64354
2012-06-28 11:00:00,225.25446
2012-06-28 12:00:00,280.94846
2012-06-28 13:00:00,267.47552
2012-06-28 14:00:00,264.63525
2012-06-28 15:00:00,287.62747
2012-06-28 16:00:00,424.86557
2012-06-28 17:00:00,761.1723
2012-06-28 18:00:00,748.9448
2012-06-28 19:00:00,555.92474
2012-06-28 20:00:00,466.13608
2012-06-28 21:00:00,332.509
2012-06-28 22:00:00,265.60983
2012-06-28 23:00:00,196.53699
2012-06-29 00:00:00,91.25481
2012-06-29 01:00:00,44.994087
2012-06-29 02:00:00,25.783936
2012-06-29 03:00:00,15.778935
2012-06-29 04:00:00,13.9437065
2012-06-29 05:00:00,40.542324
2012-06-29 06:00:00,147.4449
2012-06-29 07:00:00,418.85706
2012-06-29 08:00:00,641.3734
2012-06-29 09:00:00,336.68808
2012-06-29 10:00:00,208.17665
2012-06-29 11:00:00,239.29176
2012-06-29 12:00:00,278.38278
2012-06-29 13:00:00,261.501
2012-06-29 14:00:00,225.18304
2012-06-29 15:00:00,225.42047
2012-06-29 16:00:00,328.40152
2012-06-29 17:00:00,599.85535
2012-06-29 18:00:00,547.67053
2012-06-29 19:00:00,430.5945
2012-06-29 20:00:00,337.35767
2012-06-29 21:00:00,302.60147
2012-06-29 22:00:00,249.03348
2012-06-29 23:00:00,187.15233
2012-06-30 00:00:00,124.702995
2012-06-30 01:00:00,83.111534
2012-06-30 02:00:00,62.58211
2012-06-30 03:00:00,24.60786
2012-06-30 04:00:00,8.137767
2012-06-30 05:00:00,11.977256
2012-06-30 06:00:00,23.138199
2012-06-30 07:00:00,54.48209
2012-06-30 08:00:00,141.63121
2012-06-30 09:00:00,242.81203
2012-06-30 10:00:00,376.34946
2012-06-30 11:00:00,469.98618
2012-06-30 12:00:00,507.30386
2012-06-30 13:00:00,514.71124
2012-06-30 14:00:00,512.1549
2012-06-30 15:00:00,503.4821
2012-06-30 16:00:00,459.40646
2012-06-30 17:00:00,504.19543
2012-06-30 18:00:00,453.6553
2012-06-30 19:00:00,390.5361
2012-06-30 20:00:00,357.8256
2012-06-30 21:00:00,310.3528
2012-06-30 22:00:00,246.50233
2012-06-30 23:00:00,208.69508
2012-07-20 00:00:00,70.29336
2012-07-20 01:00:00,38.162872
2012-07-20 02:00:00,25.130186
2012-07-20 03:00:00,17.949509
2012-07-20 04:00:00,16.922802
2012-07-20 05:00:00,39.46926
2012-07-20 06:00:00,139.26163
2012-07-20 07:00:00,353.22153
2012-07-20 08:00:00,607.61456
2012-07-20 09:00:00,329.31754
2012-07-20 10:00:00,210.20941
2012-07-20 11:00:00,230.53328
2012-07-20 12:00:00,212.46893
2012-07-20 13:00:00,195.58473
2012-07-20 14:00:00,191.08063
2012-07-20 15:00:00,191.77342
2012-07-20 16:00:00,270.2109
2012-07-20 17:00:00,337.99393
2012-07-20 18:00:00,420.8898
2012-07-20 19:00:00,251.19366
2012-07-20 20:00:00,163.28822
2012-07-20 21:00:00,157.37163
2012-07-20 22:00:00,156.38124
2012-07-20 23:00:00,99.60494
2012-07-21 00:00:00,115.521324
2012-07-21 01:00:00,82.18052
2012-07-21 02:00:00,55.04239
2012-07-21 03:00:00,16.505018
2012-07-21 04:00:00,7.780676
2012-07-21 05:00:00,9.048488
2012-07-21 06:00:00,18.46573
2012-07-21 07:00:00,44.987877
2012-07-21 08:00:00,138.32419
2012-07-21 09:00:00,230.62239
2012-07-21 10:00:00,294.61707
2012-07-21 11:00:00,330.88733
2012-07-21 12:00:00,364.25638
2012-07-21 13:00:00,363.41113
2012-07-21 14:00:00,316.62555
2012-07-21 15:00:00,317.56076
2012-07-21 16:00:00,274.85834
2012-07-21 17:00:00,228.83807
2012-07-21 18:00:00,213.1534
2012-07-21 19:00:00,212.02313
2012-07-21 20:00:00,187.90398
2012-07-21 21:00:00,172.99997
2012-07-21 22:00:00,149.98119
2012-07-21 23:00:00,116.46798
2012-07-22 00:00:00,119.855
2012-07-22 01:00:00,90.78111
2012-07-22 02:00:00,66.5121
2012-07-22 03:00:00,24.824703
2012-07-22 04:00:00,7.616514
2012-07-22 05:00:00,6.578221
2012-07-22 06:00:00,15.031874
2012-07-22 07:00:00,28.39031
2012-07-22 08:00:00,102.90765
2012-07-22 09:00:00,253.60672
2012-07-22 10:00:00,337.22272
2012-07-22 11:00:00,372.94434
2012-07-22 12:00:00,426.09583
2012-07-22 13:00:00,445.23956
2012-07-22 14:00:00,388.26727
2012-07-22 15:00:00,391.6782
2012-07-22 16:00:00,378.24545
2012-07-22 17:00:00,374.68387
2012-07-22 18:00:00,360.69238
2012-07-22 19:00:00,328.24387
2012-07-22 20:00:00,249.54782
2012-07-22 21:00:00,191.93904
2012-07-22 22:00:00,125.918655
2012-07-22 23:00:00,83.401024
2012-07-23 00:00:00,31.756542
2012-07-23 01:00:00,10.2376795
2012-07-23 02:00:00,12.168455
2012-07-23 03:00:00,10.015166
2012-07-23 04:00:00,6.3058496
2012-07-23 05:00:00,17.06874
2012-07-23 06:00:00,122.42594
2012-07-23 07:00:00,359.6841
2012-07-23 08:00:00,609.4423
2012-07-23 09:00:00,295.57394
2012-07-23 10:00:00,186.8841
2012-07-23 11:00:00,210.86154
2012-07-23 12:00:00,252.89105
2012-07-23 13:00:00,259.75375
2012-07-23 14:00:00,225.11159
2012-07-23 15:00:00,249.1708
2012-07-23 16:00:00,383.1165
2012-07-23 17:00:00,794.79193
2012-07-23 18:00:00,788.0659
2012-07-23 19:00:00,566.7201
2012-07-23 20:00:00,409.51657
2012-07-23 21:00:00,300.86203
2012-07-23 22:00:00,194.99321
2012-07-23 23:00:00,107.703735
2012-07-24 00:00:00,41.503387
2012-07-24 01:00:00,15.9029455
2012-07-24 02:00:00,5.538125
2012-07-24 03:00:00,5.2897487
2012-07-24 04:00:00,6.0456634
2012-07-24 05:00:00,26.475428
2012-07-24 06:00:00,127.90785
2012-07-24 07:00:00,465.0114
2012-07-24 08:00:00,641.0358
2012-07-24 09:00:00,302.03067
2012-07-24 10:00:00,186.47337
2012-07-24 11:00:00,202.52477
2012-07-24 12:00:00,242.06467
2012-07-24 13:00:00,235.37784
2012-07-24 14:00:00,209.25075
2012-07-24 15:00:00,250.84622
2012-07-24 16:00:00,366.85443
2012-07-24 17:00:00,768.2346
2012-07-24 18:00:00,721.9219
2012-07-24 19:00:00,540.8575
2012-07-24 20:00:00,390.42133
2012-07-24 21:00:00,275.75046
2012-07-24 22:00:00,159.93971
2012-07-24 23:00:00,115.490814
2012-07-25 00:00:00,42.732452
2012-07-25 01:00:00,23.709837
2012-07-25 02:00:00,10.399799
2012-07-25 03:00:00,6.49278
2012-07-25 04:00:00,8.839925
2012-07-25 05:00:00,39.732162
2012-07-25 06:00:00,161.86607
2012-07-25 07:00:00,465.7872
2012-07-25 08:00:00,675.1379
2012-07-25 09:00:00,328.33536
2012-07-25 10:00:00,218.38025
2012-07-25 11:00:00,240.95375
2012-07-25 12:00:00,292.4087
2012-07-25 13:00:00,277.74332
2012-07-25 14:00:00,248.54465
2012-07-25 15:00:00,283.6275
2012-07-25 16:00:00,395.62125
2012-07-25 17:00:00,815.57996
2012-07-25 18:00:00,824.16205
2012-07-25 19:00:00,620.02203
2012-07-25 20:00:00,467.4757
2012-07-25 21:00:00,337.2886
2012-07-25 22:00:00,244.82216
2012-07-25 23:00:00,144.80699
2012-07-26 00:00:00,52.260914
2012-07-26 01:00:00,20.801737
2012-07-26 02:00:00,7.206769
2012-07-26 03:00:00,7.0927744
2012-07-26 04:00:00,8.568207
2012-07-26 05:00:00,38.45192
2012-07-26 06:00:00,148.44316
2012-07-26 07:00:00,464.20645
2012-07-26 08:00:00,667.696
2012-07-26 09:00:00,329.1746
2012-07-26 10:00:00,170.17862
2012-07-26 11:00:00,194.98686
2012-07-26 12:00:00,242.25522
2012-07-26 13:00:00,248.7797
2012-07-26 14:00:00,212.15173
2012-07-26 15:00:00,218.71797
2012-07-26 16:00:00,323.4194
2012-07-26 17:00:00,668.0681
2012-07-26 18:00:00,666.90125
2012-07-26 19:00:00,487.6059
2012-07-26 20:00:00,436.66724
2012-07-26 21:00:00,319.13733
2012-07-26 22:00:00,238.00238
2012-07-26 23:00:00,151.60204
2012-07-27 00:00:00,72.64124
2012-07-27 01:00:00,34.030617
2012-07-27 02:00:00,21.02933
2012-07-27 03:00:00,11.955682
2012-07-27 04:00:00,12.525134
2012-07-27 05:00:00,44.302727
2012-07-27 06:00:00,151.76788
2012-07-27 07:00:00,420.5513
2012-07-27 08:00:00,664.6718
2012-07-27 09:00:00,328.69974
2012-07-27 10:00:00,234.29529
2012-07-27 11:00:00,271.47452
2012-07-27 12:00:00,323.69556
2012-07-27 13:00:00,314.63144
2012-07-27 14:00:00,296.5587
2012-07-27 15:00:00,312.6878
2012-07-27 16:00:00,426.79843
2012-07-27 17:00:00,689.70447
2012-07-27 18:00:00,674.9126
2012-07-27 19:00:00,512.0982
2012-07-27 20:00:00,385.26602
2012-07-27 21:00:00,313.27103
2012-07-27 22:00:00,265.27008
2012-07-27 23:00:00,188.57568
2012-07-28 00:00:00,156.09956
2012-07-28 01:00:00,103.71092
2012-07-28 02:00:00,70.233444
2012-07-28 03:00:00,30.074938
2012-07-28 04:00:00,13.725034
2012-07-28 05:00:00,20.218445
2012-07-28 06:00:00,37.809105
2012-07-28 07:00:00,81.77621
2012-07-28 08:00:00,188.4002
2012-07-28 09:00:00,304.90808
2012-07-28 10:00:00,405.45444
2012-07-28 11:00:00,485.88324
2012-07-28 12:00:00,538.2475
2012-07-28 13:00:00,534.6716
2012-07-28 14:00:00,538.83453
2012-07-28 15:00:00,513.77094
2012-07-28 16:00:00,502.46735
2012-07-28 17:00:00,513.16064
2012-07-28 18:00:00,480.26086
2012-07-28 19:00:00,297.30167
2012-07-28 20:00:00,220.81161
2012-07-28 21:00:00,264.87576
2012-07-28 22:00:00,220.21921
2012-07-28 23:00:00,164.7525
2012-07-29 00:00:00,127.91598
2012-07-29 01:00:00,106.08451
2012-07-29 02:00:00,81.60889
2012-07-29 03:00:00,34.87208
2012-07-29 04:00:00,12.269376
2012-07-29 05:00:00,8.817765
2012-07-29 06:00:00,16.875519
2012-07-29 07:00:00,44.82304
2012-07-29 08:00:00,125.89743
2012-07-29 09:00:00,244.47832
2012-07-29 10:00:00,369.19733
2012-07-29 11:00:00,452.86465
2012-07-29 12:00:00,502.0995
2012-07-29 13:00:00,509.64343
2012-07-29 14:00:00,455.80905
2012-07-29 15:00:00,456.19308
2012-07-29 16:00:00,448.41675
2012-07-29 17:00:00,481.6352
2012-07-29 18:00:00,457.5653
2012-07-29 19:00:00,371.1056
2012-07-29 20:00:00,269.0905
2012-07-29 21:00:00,193.09842
2012-07-29 22:00:00,142.0896
2012-07-29 23:00:00,85.830505
2012-07-30 00:00:00,45.512222
2012-07-30 01:00:00,19.77229
2012-07-30 02:00:00,12.596294
2012-07-30 03:00:00,4.9537764
2012-07-30 04:00:00,5.453441
2012-07-30 05:00:00,21.934422
2012-07-30 06:00:00,107.3898
2012-07-30 07:00:00,430.6483
2012-07-30 08:00:00,620.60944
2012-07-30 09:00:00,297.95248
2012-07-30 10:00:00,172.6242
2012-07-30 11:00:00,211.87381
2012-07-30 12:00:00,256.93997
2012-07-30 13:00:00,255.05186
2012-07-30 14:00:00,223.71022
2012-07-30 15:00:00,245.71523
2012-07-30 16:00:00,372.35114
2012-07-30 17:00:00,725.5647
2012-07-30 18:00:00,727.7274
2012-07-30 19:00:00,584.21985
2012-07-30 20:00:00,348.6192
2012-07-30 21:00:00,255.04465
2012-07-30 22:00:00,145.99136
2012-07-30 23:00:00,87.047
2012-07-31 00:00:00,38.036835
2012-07-31 01:00:00,8.219462
2012-07-31 02:00:00,5.67994
2012-07-31 03:00:00,5.543222
2012-07-31 04:00:00,6.053708
2012-07-31 05:00:00,23.97101
2012-07-31 06:00:00,121.46029
2012-07-31 07:00:00,380.31262
2012-07-31 08:00:00,654.2172
2012-07-31 09:00:00,320.38934
2012-07-31 10:00:00,186.59402
2012-07-31 11:00:00,211.72993
2012-07-31 12:00:00,262.75708
2012-07-31 13:00:00,243.3716
2012-07-31 14:00:00,219.60019
2012-07-31 15:00:00,226.56128
2012-07-31 16:00:00,343.80164
2012-07-31 17:00:00,766.3106
2012-07-31 18:00:00,729.8286
2012-07-31 19:00:00,518.539
2012-07-31 20:00:00,369.87698
2012-07-31 21:00:00,263.57925
2012-07-31 22:00:00,150.14626
2012-07-31 23:00:00,88.881195
2012-08-20 00:00:00,22.066866
2012-08-20 01:00:00,6.1082673
2012-08-20 02:00:00,5.415819
2012-08-20 03:00:00,4.754838
2012-08-20 04:00:00,5.8284535
2012-08-20 05:00:00,16.226492
2012-08-20 06:00:00,138.82611
2012-08-20 07:00:00,433.27667
2012-08-20 08:00:00,657.7246
2012-08-20 09:00:00,304.1113
2012-08-20 10:00:00,176.72409
2012-08-20 11:00:00,207.07181
2012-08-20 12:00:00,267.51666
2012-08-20 13:00:00,272.7582
2012-08-20 14:00:00,254.7902
2012-08-20 15:00:00,278.16653
2012-08-20 16:00:00,415.32425
2012-08-20 17:00:00,799.6456
2012-08-20 18:00:00,571.7624
2012-08-20 19:00:00,407.86063
2012-08-20 20:00:00,199.14282
2012-08-20 21:00:00,150.68785
2012-08-20 22:00:00,88.53285
2012-08-20 23:00:00,42.961037
2012-08-21 00:00:00,22.29998
2012-08-21 01:00:00,6.6468506
2012-08-21 02:00:00,6.103506
2012-08-21 03:00:00,5.324082
2012-08-21 04:00:00,6.022468
2012-08-21 05:00:00,21.381323
2012-08-21 06:00:00,129.37395
2012-08-21 07:00:00,463.06448
2012-08-21 08:00:00,669.3445
2012-08-21 09:00:00,308.4154
2012-08-21 10:00:00,197.16013
2012-08-21 11:00:00,230.78195
2012-08-21 12:00:00,289.2944
2012-08-21 13:00:00,283.89902
2012-08-21 14:00:00,275.11075
2012-08-21 15:00:00,285.10815
2012-08-21 16:00:00,437.39166
2012-08-21 17:00:00,837.9902
2012-08-21 18:00:00,847.53534
2012-08-21 19:00:00,500.26074
2012-08-21 20:00:00,338.873
2012-08-21 21:00:00,255.27235
2012-08-21 22:00:00,160.15477
2012-08-21 23:00:00,58.881977
2012-08-22 00:00:00,32.355774
2012-08-22 01:00:00,15.061496
2012-08-22 02:00:00,8.030413
2012-08-22 03:00:00,6.775932
2012-08-22 04:00:00,6.7588
2012-08-22 05:00:00,33.759968
2012-08-22 06:00:00,156.31769
2012-08-22 07:00:00,457.1331
2012-08-22 08:00:00,689.6969
2012-08-22 09:00:00,334.92996
2012-08-22 10:00:00,202.25249
2012-08-22 11:00:00,225.87149
2012-08-22 12:00:00,273.88446
2012-08-22 13:00:00,278.0815
2012-08-22 14:00:00,252.50298
2012-08-22 15:00:00,275.7506
2012-08-22 16:00:00,396.75824
2012-08-22 17:00:00,817.0438
2012-08-22 18:00:00,800.23126
2012-08-22 19:00:00,509.88336
2012-08-22 20:00:00,392.34454
2012-08-22 21:00:00,276.70752
2012-08-22 22:00:00,201.16597
2012-08-22 23:00:00,79.42335
2012-08-23 00:00:00,43.861443
2012-08-23 01:00:00,8.266088
2012-08-23 02:00:00,6.03934
2012-08-23 03:00:00,6.2356505
2012-08-23 04:00:00,6.5807667
2012-08-23 05:00:00,23.829363
2012-08-23 06:00:00,129.41661
2012-08-23 07:00:00,403.4313
2012-08-23 08:00:00,694.8406
2012-08-23 09:00:00,332.65744
2012-08-23 10:00:00,205.55585
2012-08-23 11:00:00,244.92467
2012-08-23 12:00:00,291.5034
2012-08-23 13:00:00,295.03503
2012-08-23 14:00:00,244.81206
2012-08-23 15:00:00,268.75345
2012-08-23 16:00:00,413.22705
2012-08-23 17:00:00,844.03766
2012-08-23 18:00:00,844.19305
2012-08-23 19:00:00,610.31464
2012-08-23 20:00:00,451.63403
2012-08-23 21:00:00,338.74408
2012-08-23 22:00:00,262.6102
2012-08-23 23:00:00,169.30301
2012-08-24 00:00:00,79.47083
2012-08-24 01:00:00,25.417988
2012-08-24 02:00:00,27.968653
2012-08-24 03:00:00,7.486763
2012-08-24 04:00:00,7.693596
2012-08-24 05:00:00,30.981752
2012-08-24 06:00:00,125.70911
2012-08-24 07:00:00,396.96896
2012-08-24 08:00:00,668.656
2012-08-24 09:00:00,351.2372
2012-08-24 10:00:00,259.832
2012-08-24 11:00:00,292.9215
2012-08-24 12:00:00,348.33734
2012-08-24 13:00:00,337.53082
2012-08-24 14:00:00,307.81683
2012-08-24 15:00:00,341.18298
2012-08-24 16:00:00,474.54715
2012-08-24 17:00:00,780.62616
2012-08-24 18:00:00,675.39703
2012-08-24 19:00:00,512.39526
2012-08-24 20:00:00,376.4235
2012-08-24 21:00:00,301.54294
2012-08-24 22:00:00,260.97018
2012-08-24 23:00:00,206.15869
2012-08-25 00:00:00,154.58209
2012-08-25 01:00:00,118.79206
2012-08-25 02:00:00,82.26881
2012-08-25 03:00:00,44.917225
2012-08-25 04:00:00,26.156738
2012-08-25 05:00:00,16.528076
2012-08-25 06:00:00,28.60698
2012-08-25 07:00:00,63.941124
2012-08-25 08:00:00,170.25278
2012-08-25 09:00:00,289.05746
2012-08-25 10:00:00,404.4295
2012-08-25 11:00:00,483.59625
2012-08-25 12:00:00,573.9338
2012-08-25 13:00:00,589.92523
2012-08-25 14:00:00,476.4953
2012-08-25 15:00:00,396.51593
2012-08-25 16:00:00,414.56992
2012-08-25 17:00:00,380.89484
2012-08-25 18:00:00,386.7982
2012-08-25 19:00:00,298.50787
2012-08-25 20:00:00,175.30693
2012-08-25 21:00:00,141.19234
2012-08-25 22:00:00,105.463104
2012-08-25 23:00:00,101.672264
2012-08-26 00:00:00,99.7131
2012-08-26 01:00:00,84.48329
2012-08-26 02:00:00,53.981606
2012-08-26 03:00:00,20.743715
2012-08-26 04:00:00,6.0009274
2012-08-26 05:00:00,5.772521
2012-08-26 06:00:00,6.418103
2012-08-26 07:00:00,10.762736
2012-08-26 08:00:00,107.50181
2012-08-26 09:00:00,201.62212
2012-08-26 10:00:00,339.47534
2012-08-26 11:00:00,403.2946
2012-08-26 12:00:00,356.93137
2012-08-26 13:00:00,313.44785
2012-08-26 14:00:00,217.17694
2012-08-26 15:00:00,238.33891
2012-08-26 16:00:00,224.72058
2012-08-26 17:00:00,201.02954
2012-08-26 18:00:00,234.27989
2012-08-26 19:00:00,187.77803
2012-08-26 20:00:00,143.36842
2012-08-26 21:00:00,111.012085
2012-08-26 22:00:00,95.394485
2012-08-26 23:00:00,64.0084
2012-08-27 00:00:00,16.818365
2012-08-27 01:00:00,6.0234723
2012-08-27 02:00:00,5.38498
2012-08-27 03:00:00,5.1946006
2012-08-27 04:00:00,5.353633
2012-08-27 05:00:00,13.52167
2012-08-27 06:00:00,94.92085
2012-08-27 07:00:00,346.6028
2012-08-27 08:00:00,525.478
2012-08-27 09:00:00,254.41905
2012-08-27 10:00:00,166.84868
2012-08-27 11:00:00,205.0233
2012-08-27 12:00:00,252.25124
2012-08-27 13:00:00,261.75784
2012-08-27 14:00:00,249.67192
2012-08-27 15:00:00,256.39996
2012-08-27 16:00:00,380.89526
2012-08-27 17:00:00,811.2957
2012-08-27 18:00:00,813.1506
2012-08-27 19:00:00,502.24634
2012-08-27 20:00:00,376.06567
2012-08-27 21:00:00,255.99867
2012-08-27 22:00:00,144.38133
2012-08-27 23:00:00,78.52058
2012-08-28 00:00:00,22.900297
2012-08-28 01:00:00,22.83914
2012-08-28 02:00:00,5.67137
2012-08-28 03:00:00,10.169339
2012-08-28 04:00:00,5.7723656
2012-08-28 05:00:00,19.011238
2012-08-28 06:00:00,144.06758
2012-08-28 07:00:00,378.45322
2012-08-28 08:00:00,577.9407
2012-08-28 09:00:00,299.82758
2012-08-28 10:00:00,193.23273
2012-08-28 11:00:00,212.64352
2012-08-28 12:00:00,270.08093
2012-08-28 13:00:00,274.03125
2012-08-28 14:00:00,252.55
2012-08-28 15:00:00,284.96338
2012-08-28 16:00:00,420.41388
2012-08-28 17:00:00,820.0675
2012-08-28 18:00:00,837.20825
2012-08-28 19:00:00,604.25574
2012-08-28 20:00:00,445.3005
2012-08-28 21:00:00,328.26953
2012-08-28 22:00:00,244.0183
2012-08-28 23:00:00,153.01181
2012-08-29 00:00:00,55.35763
2012-08-29 01:00:00,19.228476
2012-08-29 02:00:00,8.713432
2012-08-29 03:00:00,9.037871
2012-08-29 04:00:00,8.338546
2012-08-29 05:00:00,41.002205
2012-08-29 06:00:00,162.78891
2012-08-29 07:00:00,463.464
2012-08-29 08:00:00,690.2603
2012-08-29 09:00:00,330.55716
2012-08-29 10:00:00,205.48662
2012-08-29 11:00:00,235.51714
2012-08-29 12:00:00,284.2197
2012-08-29 13:00:00,272.9881
2012-08-29 14:00:00,259.79282
2012-08-29 15:00:00,288.92365
2012-08-29 16:00:00,439.5586
2012-08-29 17:00:00,839.59247
2012-08-29 18:00:00,849.9095
2012-08-29 19:00:00,610.2593
2012-08-29 20:00:00,448.41235
2012-08-29 21:00:00,345.52026
2012-08-29 22:00:00,261.92743
2012-08-29 23:00:00,170.14456
2012-08-30 00:00:00,45.39486
2012-08-30 01:00:00,19.291397
2012-08-30 02:00:00,8.684357
2012-08-30 03:00:00,7.4014926
2012-08-30 04:00:00,8.084248
2012-08-30 05:00:00,33.31863
2012-08-30 06:00:00,138.36865
2012-08-30 07:00:00,450.0344
2012-08-30 08:00:00,686.1388
2012-08-30 09:00:00,333.76035
2012-08-30 10:00:00,206.49496
2012-08-30 11:00:00,254.21518
2012-08-30 12:00:00,290.8933
2012-08-30 13:00:00,285.10623
2012-08-30 14:00:00,257.56348
2012-08-30 15:00:00,270.42392
2012-08-30 16:00:00,401.70883
2012-08-30 17:00:00,835.2373
2012-08-30 18:00:00,833.66925
2012-08-30 19:00:00,614.617
2012-08-30 20:00:00,450.92444
2012-08-30 21:00:00,322.66083
2012-08-30 22:00:00,230.69785
2012-08-30 23:00:00,169.44492
2012-08-31 00:00:00,65.69743
2012-08-31 01:00:00,30.979015
2012-08-31 02:00:00,18.842777
2012-08-31 03:00:00,18.677084
2012-08-31 04:00:00,6.5231485
2012-08-31 05:00:00,15.544129
2012-08-31 06:00:00,106.31797
2012-08-31 07:00:00,326.26492
2012-08-31 08:00:00,665.38544
2012-08-31 09:00:00,332.33194
2012-08-31 10:00:00,254.93593
2012-08-31 11:00:00,291.77707
2012-08-31 12:00:00,336.8732
2012-08-31 13:00:00,338.6689
2012-08-31 14:00:00,311.24323
2012-08-31 15:00:00,339.99393
2012-08-31 16:00:00,457.789
2012-08-31 17:00:00,772.6543
2012-08-31 18:00:00,714.89453
2012-08-31 19:00:00,535.30884
2012-08-31 20:00:00,406.39224
2012-08-31 21:00:00,305.81192
2012-08-31 22:00:00,266.32675
2012-08-31 23:00:00,210.51082
2012-09-20 00:00:00,52.513687
2012-09-20 01:00:00,21.414871
2012-09-20 02:00:00,11.78356
2012-09-20 03:00:00,7.574741
2012-09-20 04:00:00,11.4090185
2012-09-20 05:00:00,47.322052
2012-09-20 06:00:00,176.42868
2012-09-20 07:00:00,531.92633
2012-09-20 08:00:00,762.64905
2012-09-20 09:00:00,361.40826
2012-09-20 10:00:00,229.72226
2012-09-20 11:00:00,247.56296
2012-09-20 12:00:00,296.81033
2012-09-20 13:00:00,296.86227
2012-09-20 14:00:00,285.81293
2012-09-20 15:00:00,320.21075
2012-09-20 16:00:00,463.86606
2012-09-20 17:00:00,870.63403
2012-09-20 18:00:00,822.4689
2012-09-20 19:00:00,603.71216
2012-09-20 20:00:00,408.93375
2012-09-20 21:00:00,318.3977
2012-09-20 22:00:00,225.45276
2012-09-20 23:00:00,169.79462
2012-09-21 00:00:00,64.69531
2012-09-21 01:00:00,30.662663
2012-09-21 02:00:00,15.82052
2012-09-21 03:00:00,14.6808405
2012-09-21 04:00:00,10.253738
2012-09-21 05:00:00,42.724907
2012-09-21 06:00:00,169.09445
2012-09-21 07:00:00,451.9072
2012-09-21 08:00:00,699.5799
2012-09-21 09:00:00,353.86304
2012-09-21 10:00:00,275.2882
2012-09-21 11:00:00,313.6803
2012-09-21 12:00:00,363.1252
2012-09-21 13:00:00,373.22635
2012-09-21 14:00:00,359.01743
2012-09-21 15:00:00,385.47803
2012-09-21 16:00:00,536.4527
2012-09-21 17:00:00,800.27905
2012-09-21 18:00:00,746.40674
2012-09-21 19:00:00,535.14703
2012-09-21 20:00:00,366.6982
2012-09-21 21:00:00,258.22153
2012-09-21 22:00:00,233.01341
2012-09-21 23:00:00,168.80807
2012-09-22 00:00:00,137.57907
2012-09-22 01:00:00,85.688896
2012-09-22 02:00:00,67.39693
2012-09-22 03:00:00,25.201733
2012-09-22 04:00:00,9.200026
2012-09-22 05:00:00,17.100689
2012-09-22 06:00:00,27.41494
2012-09-22 07:00:00,82.22661
2012-09-22 08:00:00,199.02026
2012-09-22 09:00:00,327.57288
2012-09-22 10:00:00,456.83105
2012-09-22 11:00:00,550.3949
2012-09-22 12:00:00,626.3916
2012-09-22 13:00:00,628.045
2012-09-22 14:00:00,607.3806
2012-09-22 15:00:00,606.27594
2012-09-22 16:00:00,615.6494
2012-09-22 17:00:00,609.4632
2012-09-22 18:00:00,564.6207
2012-09-22 19:00:00,468.31238
2012-09-22 20:00:00,389.0774
2012-09-22 21:00:00,317.799
2012-09-22 22:00:00,272.05157
2012-09-22 23:00:00,218.28195
2012-09-23 00:00:00,173.5941
2012-09-23 01:00:00,101.994675
2012-09-23 02:00:00,85.938156
2012-09-23 03:00:00,36.946537
2012-09-23 04:00:00,20.5141
2012-09-23 05:00:00,18.61664
2012-09-23 06:00:00,24.612633
2012-09-23 07:00:00,72.59616
2012-09-23 08:00:00,146.20807
2012-09-23 09:00:00,253.60382
2012-09-23 10:00:00,415.145
2012-09-23 11:00:00,510.60773
2012-09-23 12:00:00,565.27374
2012-09-23 13:00:00,625.47656
2012-09-23 14:00:00,588.9059
2012-09-23 15:00:00,601.1784
2012-09-23 16:00:00,605.7403
2012-09-23 17:00:00,577.96735
2012-09-23 18:00:00,512.7706
2012-09-23 19:00:00,353.8997
2012-09-23 20:00:00,255.51718
2012-09-23 21:00:00,190.11041
2012-09-23 22:00:00,145.48528
2012-09-23 23:00:00,111.218666
2012-09-24 00:00:00,37.234608
2012-09-24 01:00:00,14.492862
2012-09-24 02:00:00,9.891968
2012-09-24 03:00:00,8.516133
2012-09-24 04:00:00,7.707464
2012-09-24 05:00:00,35.803474
2012-09-24 06:00:00,158.80772
2012-09-24 07:00:00,469.8567
2012-09-24 08:00:00,714.935
2012-09-24 09:00:00,335.9832
2012-09-24 10:00:00,205.1553
2012-09-24 11:00:00,250.48854
2012-09-24 12:00:00,315.21436
2012-09-24 13:00:00,302.54095
2012-09-24 14:00:00,270.98175
2012-09-24 15:00:00,289.61432
2012-09-24 16:00:00,476.37433
2012-09-24 17:00:00,834.5091
2012-09-24 18:00:00,827.2548
2012-09-24 19:00:00,562.9178
2012-09-24 20:00:00,369.2168
2012-09-24 21:00:00,260.84454
2012-09-24 22:00:00,170.9941
2012-09-24 23:00:00,94.48891
2012-09-25 00:00:00,35.774555
2012-09-25 01:00:00,13.545698
2012-09-25 02:00:00,8.784876
2012-09-25 03:00:00,7.6106625
2012-09-25 04:00:00,8.217949
2012-09-25 05:00:00,42.44143
2012-09-25 06:00:00,161.52222
2012-09-25 07:00:00,492.09024
2012-09-25 08:00:00,746.82117
2012-09-25 09:00:00,346.93033
2012-09-25 10:00:00,205.98831
2012-09-25 11:00:00,242.8842
2012-09-25 12:00:00,299.8861
2012-09-25 13:00:00,299.26062
2012-09-25 14:00:00,294.92267
2012-09-25 15:00:00,321.97778
2012-09-25 16:00:00,487.0886
2012-09-25 17:00:00,853.0976
2012-09-25 18:00:00,847.9274
2012-09-25 19:00:00,581.9886
2012-09-25 20:00:00,418.92624
2012-09-25 21:00:00,305.65497
2012-09-25 22:00:00,228.19728
2012-09-25 23:00:00,145.76741
2012-09-26 00:00:00,48.08077
2012-09-26 01:00:00,28.352127
2012-09-26 02:00:00,19.47842
2012-09-26 03:00:00,18.547802
2012-09-26 04:00:00,6.954128
2012-09-26 05:00:00,44.465908
2012-09-26 06:00:00,167.01445
2012-09-26 07:00:00,501.57928
2012-09-26 08:00:00,709.70557
2012-09-26 09:00:00,367.44077
2012-09-26 10:00:00,192.74692
2012-09-26 11:00:00,257.33484
2012-09-26 12:00:00,300.12344
2012-09-26 13:00:00,301.22098
2012-09-26 14:00:00,276.12552
2012-09-26 15:00:00,299.52036
2012-09-26 16:00:00,460.558
2012-09-26 17:00:00,845.7448
2012-09-26 18:00:00,846.40985
2012-09-26 19:00:00,618.25354
2012-09-26 20:00:00,428.8475
2012-09-26 21:00:00,323.68695
2012-09-26 22:00:00,245.1385
2012-09-26 23:00:00,119.156906
2012-09-27 00:00:00,58.044464
2012-09-27 01:00:00,26.837732
2012-09-27 02:00:00,17.335201
2012-09-27 03:00:00,9.520266
2012-09-27 04:00:00,7.2180567
2012-09-27 05:00:00,30.736181
2012-09-27 06:00:00,143.79192
2012-09-27 07:00:00,467.1075
2012-09-27 08:00:00,736.3624
2012-09-27 09:00:00,343.12015
2012-09-27 10:00:00,233.15178
2012-09-27 11:00:00,253.099
2012-09-27 12:00:00,300.42465
2012-09-27 13:00:00,290.09436
2012-09-27 14:00:00,273.94745
2012-09-27 15:00:00,289.6014
2012-09-27 16:00:00,454.88
2012-09-27 17:00:00,723.36365
2012-09-27 18:00:00,757.102
2012-09-27 19:00:00,579.7306
2012-09-27 20:00:00,431.37375
2012-09-27 21:00:00,228.51517
2012-09-27 22:00:00,168.93407
2012-09-27 23:00:00,134.36133
2012-09-28 00:00:00,49.46818
2012-09-28 01:00:00,14.252777
2012-09-28 02:00:00,11.616627
2012-09-28 03:00:00,15.996419
2012-09-28 04:00:00,8.707907
2012-09-28 05:00:00,28.701487
2012-09-28 06:00:00,112.77212
2012-09-28 07:00:00,244.8669
2012-09-28 08:00:00,648.53503
2012-09-28 09:00:00,330.97183
2012-09-28 10:00:00,226.98497
2012-09-28 11:00:00,261.90213
2012-09-28 12:00:00,381.70065
2012-09-28 13:00:00,384.9001
2012-09-28 14:00:00,356.26712
2012-09-28 15:00:00,375.00278
2012-09-28 16:00:00,536.08527
2012-09-28 17:00:00,794.1096
2012-09-28 18:00:00,754.29987
2012-09-28 19:00:00,513.82886
2012-09-28 20:00:00,380.16562
2012-09-28 21:00:00,302.56787
2012-09-28 22:00:00,262.37048
2012-09-28 23:00:00,208.54587
2012-09-29 00:00:00,158.12694
2012-09-29 01:00:00,109.834694
2012-09-29 02:00:00,85.11917
2012-09-29 03:00:00,47.782276
2012-09-29 04:00:00,26.956516
2012-09-29 05:00:00,32.65914
2012-09-29 06:00:00,46.51801
2012-09-29 07:00:00,87.476555
2012-09-29 08:00:00,199.12138
2012-09-29 09:00:00,306.44077
2012-09-29 10:00:00,432.17603
2012-09-29 11:00:00,534.0691
2012-09-29 12:00:00,646.49854
2012-09-29 13:00:00,652.81934
2012-09-29 14:00:00,639.2473
2012-09-29 15:00:00,619.09796
2012-09-29 16:00:00,641.5942
2012-09-29 17:00:00,612.6696
2012-09-29 18:00:00,503.18976
2012-09-29 19:00:00,372.98563
2012-09-29 20:00:00,293.57407
2012-09-29 21:00:00,255.41893
2012-09-29 22:00:00,205.87363
2012-09-29 23:00:00,195.18784
2012-09-30 00:00:00,134.68748
2012-09-30 01:00:00,109.3223
2012-09-30 02:00:00,68.115425
2012-09-30 03:00:00,34.91879
2012-09-30 04:00:00,14.325269
2012-09-30 05:00:00,8.36006
2012-09-30 06:00:00,19.993023
2012-09-30 07:00:00,43.43292
2012-09-30 08:00:00,127.69159
2012-09-30 09:00:00,260.4072
2012-09-30 10:00:00,399.7751
2012-09-30 11:00:00,523.29974
2012-09-30 12:00:00,599.1151
2012-09-30 13:00:00,608.56573
2012-09-30 14:00:00,577.2179
2012-09-30 15:00:00,601.2996
2012-09-30 16:00:00,620.21063
2012-09-30 17:00:00,580.3775
2012-09-30 18:00:00,396.8368
2012-09-30 19:00:00,264.62085
2012-09-30 20:00:00,194.2728
2012-09-30 21:00:00,132.43343
2012-09-30 22:00:00,84.94388
2012-09-30 23:00:00,76.013145
2012-10-20 00:00:00,133.5719
2012-10-20 01:00:00,96.01633
2012-10-20 02:00:00,63.07538
2012-10-20 03:00:00,28.580359
2012-10-20 04:00:00,9.845556
2012-10-20 05:00:00,16.983646
2012-10-20 06:00:00,33.564655
2012-10-20 07:00:00,84.09813
2012-10-20 08:00:00,204.75606
2012-10-20 09:00:00,332.29626
2012-10-20 10:00:00,446.26443
2012-10-20 11:00:00,540.3126
2012-10-20 12:00:00,613.7542
2012-10-20 13:00:00,625.2786
2012-10-20 14:00:00,602.1783
2012-10-20 15:00:00,576.20087
2012-10-20 16:00:00,608.44324
2012-10-20 17:00:00,599.095
2012-10-20 18:00:00,516.9924
2012-10-20 19:00:00,346.8638
2012-10-20 20:00:00,286.84497
2012-10-20 21:00:00,210.2325
2012-10-20 22:00:00,191.84595
2012-10-20 23:00:00,158.21953
2012-10-21 00:00:00,132.66833
2012-10-21 01:00:00,108.570305
2012-10-21 02:00:00,74.60631
2012-10-21 03:00:00,34.1775
2012-10-21 04:00:00,10.587239
2012-10-21 05:00:00,14.10679
2012-10-21 06:00:00,21.546196
2012-10-21 07:00:00,52.65147
2012-10-21 08:00:00,114.40581
2012-10-21 09:00:00,247.5291
2012-10-21 10:00:00,380.30737
2012-10-21 11:00:00,500.3656
2012-10-21 12:00:00,591.30853
2012-10-21 13:00:00,620.55054
2012-10-21 14:00:00,601.2126
2012-10-21 15:00:00,592.8878
2012-10-21 16:00:00,593.24396
2012-10-21 17:00:00,534.2902
2012-10-21 18:00:00,466.2854
2012-10-21 19:00:00,313.7829
2012-10-21 20:00:00,204.37254
2012-10-21 21:00:00,140.66003
2012-10-21 22:00:00,102.266106
2012-10-21 23:00:00,75.28848
2012-10-22 00:00:00,34.43475
2012-10-22 01:00:00,11.428827
2012-10-22 02:00:00,6.9375978
2012-10-22 03:00:00,9.527647
2012-10-22 04:00:00,7.1950865
2012-10-22 05:00:00,32.27029
2012-10-22 06:00:00,133.63638
2012-10-22 07:00:00,413.01334
2012-10-22 08:00:00,707.9368
2012-10-22 09:00:00,332.94443
2012-10-22 10:00:00,201.73793
2012-10-22 11:00:00,253.32877
2012-10-22 12:00:00,303.04074
2012-10-22 13:00:00,309.41452
2012-10-22 14:00:00,305.26608
2012-10-22 15:00:00,318.39877
2012-10-22 16:00:00,473.6461
2012-10-22 17:00:00,837.9956
2012-10-22 18:00:00,686.4958
2012-10-22 19:00:00,508.5275
2012-10-22 20:00:00,335.18002
2012-10-22 21:00:00,204.08798
2012-10-22 22:00:00,123.70155
2012-10-22 23:00:00,79.80586
2012-10-23 00:00:00,32.898518
2012-10-23 01:00:00,14.7964325
2012-10-23 02:00:00,8.50966
2012-10-23 03:00:00,7.816571
2012-10-23 04:00:00,8.854842
2012-10-23 05:00:00,41.262512
2012-10-23 06:00:00,150.55331
2012-10-23 07:00:00,492.01526
2012-10-23 08:00:00,742.115
2012-10-23 09:00:00,373.50177
2012-10-23 10:00:00,210.74998
2012-10-23 11:00:00,243.97028
2012-10-23 12:00:00,302.77835
2012-10-23 13:00:00,286.0404
2012-10-23 14:00:00,279.6827
2012-10-23 15:00:00,321.27307
2012-10-23 16:00:00,447.40256
2012-10-23 17:00:00,841.80066
2012-10-23 18:00:00,783.6586
2012-10-23 19:00:00,533.86273
2012-10-23 20:00:00,367.1443
2012-10-23 21:00:00,235.599
2012-10-23 22:00:00,183.06305
2012-10-23 23:00:00,111.23835
2012-10-24 00:00:00,41.964165
2012-10-24 01:00:00,15.455265
2012-10-24 02:00:00,8.396777
2012-10-24 03:00:00,11.009169
2012-10-24 04:00:00,11.952965
2012-10-24 05:00:00,38.787205
2012-10-24 06:00:00,162.30383
2012-10-24 07:00:00,435.84308
2012-10-24 08:00:00,689.64734
2012-10-24 09:00:00,362.6553
2012-10-24 10:00:00,191.08572
2012-10-24 11:00:00,243.57935
2012-10-24 12:00:00,311.2428
2012-10-24 13:00:00,292.07568
2012-10-24 14:00:00,296.76984
2012-10-24 15:00:00,312.31424
2012-10-24 16:00:00,487.04327
2012-10-24 17:00:00,820.28973
2012-10-24 18:00:00,800.67163
2012-10-24 19:00:00,543.9929
2012-10-24 20:00:00,390.0565
2012-10-24 21:00:00,301.46442
2012-10-24 22:00:00,226.26852
2012-10-24 23:00:00,137.78954
2012-10-25 00:00:00,69.06913
2012-10-25 01:00:00,27.219288
2012-10-25 02:00:00,7.827132
2012-10-25 03:00:00,8.372817
2012-10-25 04:00:00,8.8152485
2012-10-25 05:00:00,39.45127
2012-10-25 06:00:00,146.56061
2012-10-25 07:00:00,415.90414
2012-10-25 08:00:00,678.5871
2012-10-25 09:00:00,337.79895
2012-10-25 10:00:00,166.85551
2012-10-25 11:00:00,174.32866
2012-10-25 12:00:00,228.20737
2012-10-25 13:00:00,198.26201
2012-10-25 14:00:00,238.77611
2012-10-25 15:00:00,314.3506
2012-10-25 16:00:00,430.29343
2012-10-25 17:00:00,701.7946
2012-10-25 18:00:00,397.76578
2012-10-25 19:00:00,324.10358
2012-10-25 20:00:00,264.27255
2012-10-25 21:00:00,214.53568
2012-10-25 22:00:00,164.56708
2012-10-25 23:00:00,108.96701
2012-10-26 00:00:00,57.22406
2012-10-26 01:00:00,26.520023
2012-10-26 02:00:00,13.693414
2012-10-26 03:00:00,10.334943
2012-10-26 04:00:00,10.578616
2012-10-26 05:00:00,33.78438
2012-10-26 06:00:00,127.65782
2012-10-26 07:00:00,362.35745
2012-10-26 08:00:00,583.07104
2012-10-26 09:00:00,325.21426
2012-10-26 10:00:00,208.24597
2012-10-26 11:00:00,251.36652
2012-10-26 12:00:00,317.87936
2012-10-26 13:00:00,318.08984
2012-10-26 14:00:00,323.5529
2012-10-26 15:00:00,358.44797
2012-10-26 16:00:00,438.13382
2012-10-26 17:00:00,483.04843
2012-10-26 18:00:00,414.1137
2012-10-26 19:00:00,228.51347
2012-10-26 20:00:00,190.19946
2012-10-26 21:00:00,209.06317
2012-10-26 22:00:00,154.188
2012-10-26 23:00:00,124.81879
2012-10-27 00:00:00,130.02632
2012-10-27 01:00:00,100.10536
2012-10-27 02:00:00,66.741196
2012-10-27 03:00:00,33.255676
2012-10-27 04:00:00,16.917952
2012-10-27 05:00:00,29.42592
2012-10-27 06:00:00,45.73834
2012-10-27 07:00:00,93.68543
2012-10-27 08:00:00,194.03305
2012-10-27 09:00:00,286.86902
2012-10-27 10:00:00,379.58127
2012-10-27 11:00:00,522.6504
2012-10-27 12:00:00,632.3349
2012-10-27 13:00:00,638.5414
2012-10-27 14:00:00,600.64655
2012-10-27 15:00:00,560.6684
2012-10-27 16:00:00,545.07477
2012-10-27 17:00:00,492.6549
2012-10-27 18:00:00,430.25476
2012-10-27 19:00:00,309.1177
2012-10-27 20:00:00,235.14232
2012-10-27 21:00:00,204.1389
2012-10-27 22:00:00,179.8859
2012-10-27 23:00:00,133.33241
2012-10-28 00:00:00,121.28168
2012-10-28 01:00:00,97.3918
2012-10-28 02:00:00,71.24501
2012-10-28 03:00:00,41.77416
2012-10-28 04:00:00,22.889547
2012-10-28 05:00:00,22.457241
2012-10-28 06:00:00,35.51833
2012-10-28 07:00:00,75.32824
2012-10-28 08:00:00,155.23386
2012-10-28 09:00:00,254.87141
2012-10-28 10:00:00,351.3399
2012-10-28 11:00:00,453.11963
2012-10-28 12:00:00,476.5995
2012-10-28 13:00:00,486.2932
2012-10-28 14:00:00,478.50952
2012-10-28 15:00:00,439.3178
2012-10-28 16:00:00,375.05542
2012-10-28 17:00:00,239.26561
2012-10-28 18:00:00,128.95927
2012-10-28 19:00:00,113.911736
2012-10-28 20:00:00,100.050865
2012-10-28 21:00:00,96.72994
2012-10-28 22:00:00,67.43874
2012-10-28 23:00:00,42.710526
2012-10-29 00:00:00,35.208252
2012-10-30 13:00:00,98.39364
2012-10-30 14:00:00,83.230965
2012-10-30 15:00:00,102.18822
2012-10-30 16:00:00,190.08908
2012-10-30 17:00:00,338.0118
2012-10-30 18:00:00,372.66
2012-10-30 19:00:00,472.52957
2012-10-30 20:00:00,185.51659
2012-10-30 21:00:00,161.66618
2012-10-30 22:00:00,117.69436
2012-10-30 23:00:00,78.2959
2012-10-31 00:00:00,41.494423
2012-10-31 01:00:00,18.034206
2012-10-31 02:00:00,9.042703
2012-10-31 03:00:00,7.8992233
2012-10-31 04:00:00,7.0382137
2012-10-31 05:00:00,33.604107
2012-10-31 06:00:00,129.78719
2012-10-31 07:00:00,355.01355
2012-10-31 08:00:00,673.22736
2012-10-31 09:00:00,322.17157
2012-10-31 10:00:00,147.70259
2012-10-31 11:00:00,170.08723
2012-10-31 12:00:00,220.32483
2012-10-31 13:00:00,231.8565
2012-10-31 14:00:00,212.57222
2012-10-31 15:00:00,234.63951
2012-10-31 16:00:00,342.58923
2012-10-31 17:00:00,630.7334
2012-10-31 18:00:00,606.9375
2012-10-31 19:00:00,434.92804
2012-10-31 20:00:00,304.50522
2012-10-31 21:00:00,228.79623
2012-10-31 22:00:00,170.13428
2012-10-31 23:00:00,117.300545
2012-11-20 00:00:00,26.244347
2012-11-20 01:00:00,13.372399
2012-11-20 02:00:00,6.3744764
2012-11-20 03:00:00,7.012174
2012-11-20 04:00:00,9.239117
2012-11-20 05:00:00,37.129707
2012-11-20 06:00:00,137.68916
2012-11-20 07:00:00,401.2801
2012-11-20 08:00:00,695.937
2012-11-20 09:00:00,332.2663
2012-11-20 10:00:00,175.01534
2012-11-20 11:00:00,201.98943
2012-11-20 12:00:00,222.89598
2012-11-20 13:00:00,227.65933
2012-11-20 14:00:00,226.8139
2012-11-20 15:00:00,255.74898
2012-11-20 16:00:00,355.81613
2012-11-20 17:00:00,598.5685
2012-11-20 18:00:00,586.5051
2012-11-20 19:00:00,410.8363
2012-11-20 20:00:00,270.04858
2012-11-20 21:00:00,203.69736
2012-11-20 22:00:00,154.43279
2012-11-20 23:00:00,83.84619
2012-11-21 00:00:00,35.92194
2012-11-21 01:00:00,16.01674
2012-11-21 02:00:00,10.495771
2012-11-21 03:00:00,8.230249
2012-11-21 04:00:00,8.92978
2012-11-21 05:00:00,33.464134
2012-11-21 06:00:00,128.77394
2012-11-21 07:00:00,378.61987
2012-11-21 08:00:00,679.2841
2012-11-21 09:00:00,322.31198
2012-11-21 10:00:00,176.45721
2012-11-21 11:00:00,188.83607
2012-11-21 12:00:00,235.84818
2012-11-21 13:00:00,237.70451
2012-11-21 14:00:00,232.5809
2012-11-21 15:00:00,252.6554
2012-11-21 16:00:00,356.15305
2012-11-21 17:00:00,611.14777
2012-11-21 18:00:00,602.6314
2012-11-21 19:00:00,395.8668
2012-11-21 20:00:00,264.122
2012-11-21 21:00:00,205.08368
2012-11-21 22:00:00,146.12025
2012-11-21 23:00:00,104.40656
2012-11-22 00:00:00,68.918915
2012-11-22 01:00:00,39.100853
2012-11-22 02:00:00,22.918722
2012-11-22 03:00:00,10.460311
2012-11-22 04:00:00,13.884877
2012-11-22 05:00:00,24.612392
2012-11-22 06:00:00,56.97729
2012-11-22 07:00:00,197.69455
2012-11-22 08:00:00,391.6336
2012-11-22 09:00:00,293.2096
2012-11-22 10:00:00,284.65552
2012-11-22 11:00:00,331.68713
2012-11-22 12:00:00,379.1148
2012-11-22 13:00:00,403.40863
2012-11-22 14:00:00,411.23404
2012-11-22 15:00:00,421.61234
2012-11-22 16:00:00,415.03888
2012-11-22 17:00:00,456.70834
2012-11-22 18:00:00,377.75586
2012-11-22 19:00:00,296.99524
2012-11-22 20:00:00,237.3803
2012-11-22 21:00:00,192.97174
2012-11-22 22:00:00,148.18262
2012-11-22 23:00:00,111.954094
2012-11-23 00:00:00,44.005024
2012-11-23 01:00:00,25.566673
2012-11-23 02:00:00,11.000291
2012-11-23 03:00:00,6.9856324
2012-11-23 04:00:00,7.998819
2012-11-23 05:00:00,26.503561
2012-11-23 06:00:00,114.56755
2012-11-23 07:00:00,329.1953
2012-11-23 08:00:00,586.4853
2012-11-23 09:00:00,327.75607
2012-11-23 10:00:00,191.45322
2012-11-23 11:00:00,223.30615
2012-11-23 12:00:00,290.46713
2012-11-23 13:00:00,299.76816
2012-11-23 14:00:00,326.9463
2012-11-23 15:00:00,327.19653
2012-11-23 16:00:00,423.3682
2012-11-23 17:00:00,635.57275
2012-11-23 18:00:00,526.32904
2012-11-23 19:00:00,373.023
2012-11-23 20:00:00,248.05417
2012-11-23 21:00:00,210.55347
2012-11-23 22:00:00,162.76735
2012-11-23 23:00:00,126.62316
2012-11-24 00:00:00,116.38905
2012-11-24 01:00:00,71.49869
2012-11-24 02:00:00,52.457275
2012-11-24 03:00:00,24.992086
2012-11-24 04:00:00,12.640057
2012-11-24 05:00:00,16.569618
2012-11-24 06:00:00,24.90713
2012-11-24 07:00:00,67.16362
2012-11-24 08:00:00,140.2259
2012-11-24 09:00:00,221.28323
2012-11-24 10:00:00,295.00082
2012-11-24 11:00:00,357.65665
2012-11-24 12:00:00,401.0729
2012-11-24 13:00:00,455.05783
2012-11-24 14:00:00,432.331
2012-11-24 15:00:00,420.83582
2012-11-24 16:00:00,399.36847
2012-11-24 17:00:00,285.2262
2012-11-24 18:00:00,258.50577
2012-11-24 19:00:00,214.17603
2012-11-24 20:00:00,162.47557
2012-11-24 21:00:00,130.71378
2012-11-24 22:00:00,116.828964
2012-11-24 23:00:00,94.36256
2012-11-25 00:00:00,95.86898
2012-11-25 01:00:00,85.47694
2012-11-25 02:00:00,57.845066
2012-11-25 03:00:00,20.825592
2012-11-25 04:00:00,7.5802603
2012-11-25 05:00:00,8.499405
2012-11-25 06:00:00,11.28342
2012-11-25 07:00:00,46.438866
2012-11-25 08:00:00,106.29105
2012-11-25 09:00:00,180.76332
2012-11-25 10:00:00,275.78644
2012-11-25 11:00:00,335.2778
2012-11-25 12:00:00,382.2377
2012-11-25 13:00:00,363.93756
2012-11-25 14:00:00,356.1969
2012-11-25 15:00:00,347.60287
2012-11-25 16:00:00,336.35623
2012-11-25 17:00:00,264.7329
2012-11-25 18:00:00,207.05658
2012-11-25 19:00:00,170.9477
2012-11-25 20:00:00,128.40182
2012-11-25 21:00:00,91.583885
2012-11-25 22:00:00,74.608734
2012-11-25 23:00:00,59.476845
2012-11-26 00:00:00,17.477858
2012-11-26 01:00:00,7.5473633
2012-11-26 02:00:00,6.1256504
2012-11-26 03:00:00,5.946607
2012-11-26 04:00:00,6.454015
2012-11-26 05:00:00,26.266678
2012-11-26 06:00:00,119.13352
2012-11-26 07:00:00,386.94672
2012-11-26 08:00:00,643.7427
2012-11-26 09:00:00,292.43054
2012-11-26 10:00:00,153.60481
2012-11-26 11:00:00,189.97147
2012-11-26 12:00:00,232.28041
2012-11-26 13:00:00,230.89117
2012-11-26 14:00:00,207.41647
2012-11-26 15:00:00,244.69424
2012-11-26 16:00:00,332.25403
2012-11-26 17:00:00,616.77423
2012-11-26 18:00:00,549.3586
2012-11-26 19:00:00,376.48605
2012-11-26 20:00:00,250.09744
2012-11-26 21:00:00,180.83238
2012-11-26 22:00:00,119.07665
2012-11-26 23:00:00,70.22495
2012-11-27 00:00:00,28.912233
2012-11-27 01:00:00,9.806901
2012-11-27 02:00:00,6.4214635
2012-11-27 03:00:00,6.3391767
2012-11-27 04:00:00,5.3695784
2012-11-27 05:00:00,10.531851
2012-11-27 06:00:00,103.300156
2012-11-27 07:00:00,353.51855
2012-11-27 08:00:00,621.0153
2012-11-27 09:00:00,292.37292
2012-11-27 10:00:00,118.484604
2012-11-27 11:00:00,87.7961
2012-11-27 12:00:00,118.95676
2012-11-27 13:00:00,114.168945
2012-11-27 14:00:00,104.93032
2012-11-27 15:00:00,146.8451
2012-11-27 16:00:00,251.02364
2012-11-27 17:00:00,474.0667
2012-11-27 18:00:00,341.0437
2012-11-27 19:00:00,303.96313
2012-11-27 20:00:00,195.48172
2012-11-27 21:00:00,113.02609
2012-11-27 22:00:00,107.83661
2012-11-27 23:00:00,42.617107
2012-11-28 00:00:00,19.89908
2012-11-28 01:00:00,9.782216
2012-11-28 02:00:00,6.696491
2012-11-28 03:00:00,6.960476
2012-11-28 04:00:00,8.073869
2012-11-28 05:00:00,32.28207
2012-11-28 06:00:00,133.31389
2012-11-28 07:00:00,396.1521
2012-11-28 08:00:00,659.50916
2012-11-28 09:00:00,309.38116
2012-11-28 10:00:00,149.41022
2012-11-28 11:00:00,165.36998
2012-11-28 12:00:00,207.3176
2012-11-28 13:00:00,205.01964
2012-11-28 14:00:00,192.3208
2012-11-28 15:00:00,212.83337
2012-11-28 16:00:00,295.6982
2012-11-28 17:00:00,580.43304
2012-11-28 18:00:00,538.18085
2012-11-28 19:00:00,379.7265
2012-11-28 20:00:00,254.60944
2012-11-28 21:00:00,192.16838
2012-11-28 22:00:00,130.30005
2012-11-28 23:00:00,79.97975
2012-11-29 00:00:00,39.602837
2012-11-29 01:00:00,13.486367
2012-11-29 02:00:00,7.0005784
2012-11-29 04:00:00,7.5084324
2012-11-29 05:00:00,30.133577
2012-11-29 06:00:00,128.05444
2012-11-29 07:00:00,383.50296
2012-11-29 08:00:00,650.46814
2012-11-29 09:00:00,315.26566
2012-11-29 10:00:00,161.31326
2012-11-29 11:00:00,186.28407
2012-11-29 12:00:00,212.77159
2012-11-29 13:00:00,223.99725
2012-11-29 14:00:00,195.29164
2012-11-29 15:00:00,224.1205
2012-11-29 16:00:00,299.84518
2012-11-29 17:00:00,574.4454
2012-11-29 18:00:00,530.94324
2012-11-29 19:00:00,355.92245
2012-11-29 20:00:00,252.51993
2012-11-29 21:00:00,182.84998
2012-11-29 22:00:00,142.09798
2012-11-29 23:00:00,114.94198
2012-11-30 00:00:00,44.21828
2012-11-30 01:00:00,22.358135
2012-11-30 02:00:00,8.036551
2012-11-30 03:00:00,6.631652
2012-11-30 04:00:00,6.888896
2012-11-30 05:00:00,26.562363
2012-11-30 06:00:00,106.522484
2012-11-30 07:00:00,321.63766
2012-11-30 08:00:00,608.7612
2012-11-30 09:00:00,316.3712
2012-11-30 10:00:00,178.78665
2012-11-30 11:00:00,216.18314
2012-11-30 12:00:00,255.2894
2012-11-30 13:00:00,260.0575
2012-11-30 14:00:00,239.69948
2012-11-30 15:00:00,270.0116
2012-11-30 16:00:00,360.33453
2012-11-30 17:00:00,533.16724
2012-11-30 18:00:00,453.18887
2012-11-30 19:00:00,295.5119
2012-11-30 20:00:00,210.63966
2012-11-30 21:00:00,165.08786
2012-11-30 22:00:00,144.04088
2012-11-30 23:00:00,124.6578
2012-12-20 00:00:00,37.27969
2012-12-20 01:00:00,12.037538
2012-12-20 02:00:00,7.033312
2012-12-20 03:00:00,7.043706
2012-12-20 04:00:00,7.5955076
2012-12-20 05:00:00,31.884607
2012-12-20 06:00:00,129.01495
2012-12-20 07:00:00,393.83792
2012-12-20 08:00:00,691.6952
2012-12-20 09:00:00,324.5412
2012-12-20 10:00:00,168.40201
2012-12-20 11:00:00,189.05685
2012-12-20 12:00:00,220.8852
2012-12-20 13:00:00,216.66568
2012-12-20 14:00:00,199.96274
2012-12-20 15:00:00,226.42761
2012-12-20 16:00:00,320.362
2012-12-20 17:00:00,553.5567
2012-12-20 18:00:00,517.25934
2012-12-20 19:00:00,344.7687
2012-12-20 20:00:00,245.8895
2012-12-20 21:00:00,186.54988
2012-12-20 22:00:00,135.55519
2012-12-20 23:00:00,88.37095
2012-12-21 00:00:00,60.083843
2012-12-21 01:00:00,40.209316
2012-12-21 02:00:00,23.943508
2012-12-21 03:00:00,18.000927
2012-12-21 04:00:00,5.565742
2012-12-21 05:00:00,17.701439
2012-12-21 06:00:00,112.20502
2012-12-21 07:00:00,333.8344
2012-12-21 08:00:00,605.0476
2012-12-21 09:00:00,282.1144
2012-12-21 10:00:00,174.0142
2012-12-21 11:00:00,193.1661
2012-12-21 12:00:00,261.37183
2012-12-21 13:00:00,256.63345
2012-12-21 14:00:00,250.30092
2012-12-21 15:00:00,278.2015
2012-12-21 16:00:00,378.81796
2012-12-21 17:00:00,516.04047
2012-12-21 18:00:00,437.64606
2012-12-21 19:00:00,293.3146
2012-12-21 20:00:00,198.4041
2012-12-21 21:00:00,151.27043
2012-12-21 22:00:00,119.06804
2012-12-21 23:00:00,94.257774
2012-12-22 00:00:00,79.16879
2012-12-22 01:00:00,69.449905
2012-12-22 02:00:00,42.224667
2012-12-22 03:00:00,16.376217
2012-12-22 04:00:00,6.7959313
2012-12-22 05:00:00,10.462365
2012-12-22 06:00:00,21.907204
2012-12-22 07:00:00,58.640293
2012-12-22 08:00:00,124.26157
2012-12-22 09:00:00,202.83945
2012-12-22 10:00:00,283.2921
2012-12-22 11:00:00,364.83188
2012-12-22 12:00:00,402.28192
2012-12-22 13:00:00,435.3618
2012-12-22 14:00:00,427.12463
2012-12-22 15:00:00,419.4064
2012-12-22 16:00:00,404.97098
2012-12-22 17:00:00,319.92584
2012-12-22 18:00:00,249.18124
2012-12-22 19:00:00,187.92789
2012-12-22 20:00:00,143.30357
2012-12-22 21:00:00,131.24574
2012-12-22 22:00:00,113.28148
2012-12-22 23:00:00,84.37819
2012-12-23 00:00:00,90.05398
2012-12-23 01:00:00,77.81467
2012-12-23 02:00:00,52.577553
2012-12-23 03:00:00,24.16634
2012-12-23 04:00:00,7.879824
2012-12-23 05:00:00,7.5252
2012-12-23 06:00:00,13.066454
2012-12-23 07:00:00,40.93036
2012-12-23 08:00:00,96.85485
2012-12-23 09:00:00,171.19804
2012-12-23 10:00:00,254.71107
2012-12-23 11:00:00,313.90994
2012-12-23 12:00:00,392.99048
2012-12-23 13:00:00,417.54242
2012-12-23 14:00:00,412.65625
2012-12-23 15:00:00,412.7029
2012-12-23 16:00:00,404.54187
2012-12-23 17:00:00,283.25745
2012-12-23 18:00:00,196.83673
2012-12-23 19:00:00,158.49475
2012-12-23 20:00:00,122.36491
2012-12-23 21:00:00,89.83916
2012-12-23 22:00:00,70.67492
2012-12-23 23:00:00,50.794342
2012-12-24 00:00:00,21.291851
2012-12-24 01:00:00,8.604216
2012-12-24 02:00:00,6.0835996
2012-12-24 03:00:00,5.9746943
2012-12-24 05:00:00,29.36562
2012-12-24 06:00:00,109.519165
2012-12-24 07:00:00,347.55264
2012-12-24 08:00:00,611.8206
2012-12-24 09:00:00,268.89282
2012-12-24 10:00:00,152.53352
2012-12-24 11:00:00,163.40755
2012-12-24 12:00:00,201.593
2012-12-24 13:00:00,180.88145
2012-12-24 14:00:00,161.87144
2012-12-24 15:00:00,166.29503
2012-12-24 16:00:00,256.8756
2012-12-24 17:00:00,389.18594
2012-12-24 18:00:00,380.16055
2012-12-24 19:00:00,276.86533
2012-12-24 20:00:00,188.46362
2012-12-24 21:00:00,148.94969
2012-12-24 22:00:00,99.63825
2012-12-24 23:00:00,66.30035
2012-12-25 00:00:00,64.07092
2012-12-25 01:00:00,46.965084
2012-12-25 02:00:00,30.538904
2012-12-25 04:00:00,16.69486
2012-12-25 05:00:00,29.863976
2012-12-25 06:00:00,50.91874
2012-12-25 07:00:00,166.0428
2012-12-25 08:00:00,327.29337
2012-12-25 09:00:00,275.67853
2012-12-25 10:00:00,273.75507
2012-12-25 11:00:00,292.47733
2012-12-25 12:00:00,312.59006
2012-12-25 13:00:00,336.4027
2012-12-25 14:00:00,326.02563
2012-12-25 15:00:00,324.82672
2012-12-25 16:00:00,353.2839
2012-12-25 17:00:00,365.30725
2012-12-25 18:00:00,337.91724
2012-12-25 19:00:00,275.8381
2012-12-25 20:00:00,194.09412
2012-12-25 21:00:00,143.49922
2012-12-25 22:00:00,105.72637
2012-12-25 23:00:00,66.00194
2012-12-26 00:00:00,40.1158
2012-12-26 01:00:00,20.298422
2012-12-26 02:00:00,12.682181
2012-12-26 03:00:00,7.8041816
2012-12-26 04:00:00,10.140691
2012-12-26 05:00:00,31.362165
2012-12-26 06:00:00,124.6733
2012-12-26 07:00:00,294.9494
2012-12-26 08:00:00,510.14343
2012-12-26 09:00:00,230.4345
2012-12-26 10:00:00,132.79135
2012-12-26 11:00:00,134.13925
2012-12-26 12:00:00,168.60612
2012-12-26 13:00:00,160.92021
2012-12-26 14:00:00,149.38002
2012-12-26 15:00:00,183.45741
2012-12-26 16:00:00,262.1897
2012-12-26 17:00:00,357.8482
2012-12-26 18:00:00,329.25568
2012-12-26 19:00:00,280.4014
2012-12-26 20:00:00,162.13272
2012-12-26 21:00:00,135.37851
2012-12-26 22:00:00,85.342026
2012-12-26 23:00:00,57.902725
2012-12-27 00:00:00,35.728203
2012-12-27 01:00:00,16.836552
2012-12-27 02:00:00,11.046455
2012-12-27 03:00:00,10.925436
2012-12-27 04:00:00,13.5780115
2012-12-27 05:00:00,29.521402
2012-12-27 06:00:00,99.83609
2012-12-27 07:00:00,353.42438
2012-12-27 08:00:00,623.2751
2012-12-27 09:00:00,273.22644
2012-12-27 10:00:00,162.14725
2012-12-27 11:00:00,175.66211
2012-12-27 12:00:00,198.69128
2012-12-27 13:00:00,192.5814
2012-12-27 14:00:00,187.68831
2012-12-27 15:00:00,206.88896
2012-12-27 16:00:00,319.88947
2012-12-27 17:00:00,530.62964
2012-12-27 18:00:00,498.311
2012-12-27 19:00:00,339.69275
2012-12-27 20:00:00,234.11487
2012-12-27 21:00:00,173.95895
2012-12-27 22:00:00,128.60013
2012-12-27 23:00:00,89.62139
2012-12-28 00:00:00,43.333958
2012-12-28 01:00:00,26.953526
2012-12-28 02:00:00,16.395184
2012-12-28 03:00:00,10.700424
2012-12-28 04:00:00,10.958992
2012-12-28 05:00:00,30.157373
2012-12-28 06:00:00,118.71583
2012-12-28 07:00:00,295.55008
2012-12-28 08:00:00,579.9458
2012-12-28 09:00:00,288.06934
2012-12-28 10:00:00,186.87627
2012-12-28 11:00:00,200.29642
2012-12-28 12:00:00,248.09167
2012-12-28 13:00:00,245.67226
2012-12-28 14:00:00,225.13924
2012-12-28 15:00:00,265.1059
2012-12-28 16:00:00,363.50732
2012-12-28 17:00:00,500.58853
2012-12-28 18:00:00,425.76572
2012-12-28 19:00:00,295.25143
2012-12-28 20:00:00,189.1853
2012-12-28 21:00:00,150.24811
2012-12-28 22:00:00,130.79457
2012-12-28 23:00:00,107.71052
2012-12-29 00:00:00,89.293106
2012-12-29 01:00:00,75.85106
2012-12-29 02:00:00,49.68839
2012-12-29 03:00:00,17.443789
2012-12-29 04:00:00,8.473341
2012-12-29 05:00:00,10.47754
2012-12-29 06:00:00,18.639885
2012-12-29 07:00:00,54.731503
2012-12-29 08:00:00,147.77423
2012-12-29 09:00:00,213.34924
2012-12-29 10:00:00,282.82834
2012-12-29 11:00:00,317.6745
2012-12-29 12:00:00,340.4848
2012-12-29 13:00:00,325.82178
2012-12-29 14:00:00,347.30484
2012-12-29 15:00:00,324.05887
2012-12-29 16:00:00,339.0214
2012-12-29 17:00:00,264.02362
2012-12-29 18:00:00,235.24983
2012-12-29 19:00:00,200.70323
2012-12-29 20:00:00,149.35434
2012-12-29 21:00:00,123.04061
2012-12-29 22:00:00,106.445076
2012-12-29 23:00:00,103.03496
2012-12-30 00:00:00,91.624504
2012-12-30 01:00:00,81.67474
2012-12-30 02:00:00,59.925407
2012-12-30 03:00:00,23.59505
2012-12-30 04:00:00,11.532207
2012-12-30 05:00:00,7.8775315
2012-12-30 06:00:00,11.545511
2012-12-30 07:00:00,39.916386
2012-12-30 08:00:00,94.63967
2012-12-30 09:00:00,167.55553
2012-12-30 10:00:00,253.9422
2012-12-30 11:00:00,316.45926
2012-12-30 12:00:00,372.45508
2012-12-30 13:00:00,368.55795
2012-12-30 14:00:00,370.398
2012-12-30 15:00:00,362.6213
2012-12-30 16:00:00,347.34982
2012-12-30 17:00:00,262.2547
2012-12-30 18:00:00,197.49454
2012-12-30 19:00:00,173.23944
2012-12-30 20:00:00,114.385155
2012-12-30 21:00:00,76.71808
2012-12-30 22:00:00,55.05546
2012-12-30 23:00:00,35.549572
2012-12-31 00:00:00,25.9361
2012-12-31 01:00:00,13.229384
2012-12-31 02:00:00,8.47511
2012-12-31 03:00:00,7.78574
2012-12-31 04:00:00,8.065066
2012-12-31 05:00:00,32.098114
2012-12-31 06:00:00,115.801636
2012-12-31 07:00:00,338.3917
2012-12-31 08:00:00,563.44226
2012-12-31 09:00:00,251.73563
2012-12-31 10:00:00,139.71436
2012-12-31 11:00:00,159.35985
2012-12-31 12:00:00,191.00038
2012-12-31 13:00:00,186.93027
2012-12-31 14:00:00,184.2482
2012-12-31 15:00:00,199.69533
2012-12-31 16:00:00,315.06714
2012-12-31 17:00:00,523.0707
2012-12-31 18:00:00,508.822
2012-12-31 19:00:00,340.23932
2012-12-31 20:00:00,211.39546
2012-12-31 21:00:00,150.67845
2012-12-31 22:00:00,91.92614
2012-12-31 23:00:00,49.870358
