datetime,count
2011-01-20 00:00:00,83.31842
2011-01-20 01:00:00,81.20767
2011-01-20 02:00:00,81.208664
2011-01-20 03:00:00,89.03386
2011-01-20 04:00:00,89.03497
2011-01-20 05:00:00,79.6632
2011-01-20 06:00:00,82.600464
2011-01-20 07:00:00,84.20422
2011-01-20 08:00:00,89.55384
2011-01-20 09:00:00,64.693306
2011-01-20 10:00:00,62.615723
2011-01-20 11:00:00,65.67026
2011-01-20 12:00:00,92.10496
2011-01-20 13:00:00,65.15325
2011-01-20 14:00:00,68.36185
2011-01-20 15:00:00,72.64398
2011-01-20 16:00:00,64.579285
2011-01-20 17:00:00,65.77924
2011-01-20 18:00:00,88.206894
2011-01-20 19:00:00,82.960625
2011-01-20 20:00:00,86.92529
2011-01-20 21:00:00,82.37107
2011-01-20 22:00:00,87.31913
2011-01-20 23:00:00,78.40334
2011-01-21 00:00:00,77.67919
2011-01-21 01:00:00,77.68025
2011-01-21 02:00:00,78.350075
2011-01-21 03:00:00,58.311024
2011-01-21 04:00:00,53.08947
2011-01-21 05:00:00,83.896965
2011-01-21 06:00:00,84.24977
2011-01-21 07:00:00,51.06847
2011-01-21 08:00:00,63.180832
2011-01-21 09:00:00,58.5049
2011-01-21 10:00:00,63.75591
2011-01-21 11:00:00,64.397255
2011-01-21 12:00:00,109.58029
2011-01-21 13:00:00,110.868835
2011-01-21 14:00:00,81.91558
2011-01-21 15:00:00,71.701775
2011-01-21 16:00:00,83.22556
2011-01-21 17:00:00,69.9822
2011-01-21 18:00:00,53.385273
2011-01-21 19:00:00,55.346283
2011-01-21 20:00:00,45.674377
2011-01-21 21:00:00,46.20523
2011-01-21 22:00:00,64.85373
2011-01-21 23:00:00,54.25669
2011-01-22 00:00:00,47.574932
2011-01-22 01:00:00,31.95537
2011-01-22 02:00:00,45.128826
2011-01-22 03:00:00,46.259987
2011-01-22 04:00:00,45.41001
2011-01-22 06:00:00,45.661785
2011-01-22 07:00:00,47.713
2011-01-22 08:00:00,37.24363
2011-01-22 09:00:00,45.14615
2011-01-22 10:00:00,43.561142
2011-01-22 11:00:00,37.207233
2011-01-22 12:00:00,37.349323
2011-01-22 13:00:00,66.16185
2011-01-22 14:00:00,72.21321
2011-01-22 15:00:00,58.12119
2011-01-22 16:00:00,66.18807
2011-01-22 17:00:00,53.61375
2011-01-22 18:00:00,45.803123
2011-01-22 19:00:00,42.350754
2011-01-22 20:00:00,40.415855
2011-01-22 21:00:00,41.8522
2011-01-22 22:00:00,19.310488
2011-01-22 23:00:00,11.985777
2011-01-23 00:00:00,10.422266
2011-01-23 01:00:00,10.422449
2011-01-23 02:00:00,10.430679
2011-01-23 03:00:00,10.430727
2011-01-23 05:00:00,10.423183
2011-01-23 06:00:00,10.423369
2011-01-23 07:00:00,14.304115
2011-01-23 08:00:00,10.79684
2011-01-23 09:00:00,31.794798
2011-01-23 10:00:00,44.363747
2011-01-23 11:00:00,49.58217
2011-01-23 12:00:00,59.28738
2011-01-23 13:00:00,51.618057
2011-01-23 14:00:00,68.70827
2011-01-23 15:00:00,68.723625
2011-01-23 16:00:00,68.33474
2011-01-23 17:00:00,49.824684
2011-01-23 18:00:00,44.942055
2011-01-23 19:00:00,45.21298
2011-01-23 20:00:00,39.239143
2011-01-23 21:00:00,45.75269
2011-01-23 22:00:00,42.887363
2011-01-23 23:00:00,39.516174
2011-01-24 00:00:00,60.356907
2011-01-24 01:00:00,45.529354
2011-01-24 03:00:00,54.52115
2011-01-24 04:00:00,48.50135
2011-01-24 05:00:00,48.502396
2011-01-24 06:00:00,54.299694
2011-01-24 07:00:00,48.489853
2011-01-24 08:00:00,47.495876
2011-01-24 09:00:00,103.303825
2011-01-24 10:00:00,98.15038
2011-01-24 11:00:00,35.608635
2011-01-24 12:00:00,81.06198
2011-01-24 13:00:00,41.201637
2011-01-24 14:00:00,52.230305
2011-01-24 15:00:00,91.25807
2011-01-24 16:00:00,54.46561
2011-01-24 17:00:00,64.70312
2011-01-24 18:00:00,48.380135
2011-01-24 19:00:00,57.833904
2011-01-24 20:00:00,48.382736
2011-01-24 21:00:00,53.927387
2011-01-24 22:00:00,52.216137
2011-01-24 23:00:00,48.66642
2011-01-25 00:00:00,44.342907
2011-01-25 01:00:00,65.201195
2011-01-25 02:00:00,47.89952
2011-01-25 04:00:00,40.612045
2011-01-25 05:00:00,52.891277
2011-01-25 06:00:00,39.62621
2011-01-25 07:00:00,54.291092
2011-01-25 08:00:00,47.73912
2011-01-25 09:00:00,32.666985
2011-01-25 10:00:00,64.117455
2011-01-25 11:00:00,63.83477
2011-01-25 12:00:00,74.80024
2011-01-25 13:00:00,79.45334
2011-01-25 14:00:00,66.0768
2011-01-25 15:00:00,92.0658
2011-01-25 16:00:00,92.06651
2011-01-25 17:00:00,66.07955
2011-01-25 18:00:00,56.62259
2011-01-25 19:00:00,65.600525
2011-01-25 20:00:00,59.695732
2011-01-25 21:00:00,59.69694
2011-01-25 22:00:00,76.35147
2011-01-25 23:00:00,76.3528
2011-01-26 00:00:00,43.71223
2011-01-26 01:00:00,53.843437
2011-01-26 02:00:00,54.2267
2011-01-26 05:00:00,32.891586
2011-01-26 06:00:00,32.892498
2011-01-26 07:00:00,41.908295
2011-01-26 08:00:00,41.409782
2011-01-26 09:00:00,41.410732
2011-01-26 10:00:00,44.9741
2011-01-26 11:00:00,36.307014
2011-01-26 12:00:00,36.30806
2011-01-26 13:00:00,36.3091
2011-01-26 14:00:00,33.82509
2011-01-26 15:00:00,45.503048
2011-01-26 16:00:00,36.2389
2011-01-26 17:00:00,33.79246
2011-01-27 16:00:00,77.23498
2011-01-27 17:00:00,70.04416
2011-01-27 18:00:00,36.333393
2011-01-27 19:00:00,36.344315
2011-01-27 20:00:00,42.0399
2011-01-27 21:00:00,42.040794
2011-01-27 22:00:00,42.041687
2011-01-27 23:00:00,49.50479
2011-01-28 00:00:00,76.64349
2011-01-28 01:00:00,76.644775
2011-01-28 02:00:00,77.477455
2011-01-28 03:00:00,63.870533
2011-01-28 05:00:00,58.569057
2011-01-28 06:00:00,66.13788
2011-01-28 07:00:00,44.04623
2011-01-28 08:00:00,46.87044
2011-01-28 09:00:00,47.45562
2011-01-28 10:00:00,52.569195
2011-01-28 11:00:00,51.549606
2011-01-28 12:00:00,51.551052
2011-01-28 13:00:00,51.55249
2011-01-28 14:00:00,58.319218
2011-01-28 15:00:00,43.058723
2011-01-28 16:00:00,58.30137
2011-01-28 17:00:00,71.507774
2011-01-28 18:00:00,68.86486
2011-01-28 19:00:00,71.510315
2011-01-28 20:00:00,66.767296
2011-01-28 21:00:00,78.27893
2011-01-28 22:00:00,71.773026
2011-01-28 23:00:00,74.60817
2011-01-29 00:00:00,42.289356
2011-01-29 01:00:00,18.825586
2011-01-29 02:00:00,15.728905
2011-01-29 03:00:00,17.47297
2011-01-29 04:00:00,13.277963
2011-01-29 06:00:00,18.06918
2011-01-29 07:00:00,19.301485
2011-01-29 08:00:00,31.233208
2011-01-29 09:00:00,14.963842
2011-01-29 10:00:00,15.172527
2011-01-29 11:00:00,21.860655
2011-01-29 12:00:00,27.724508
2011-01-29 13:00:00,23.232244
2011-01-29 14:00:00,14.266787
2011-01-29 15:00:00,22.973597
2011-01-29 16:00:00,17.250824
2011-01-29 17:00:00,13.587525
2011-01-29 18:00:00,14.438722
2011-01-29 19:00:00,22.975258
2011-01-29 20:00:00,10.622634
2011-01-29 21:00:00,10.62282
2011-01-29 22:00:00,13.64745
2011-01-29 23:00:00,13.65291
2011-01-30 00:00:00,14.0566635
2011-01-30 01:00:00,10.697886
2011-01-30 02:00:00,10.135509
2011-01-30 03:00:00,12.151238
2011-01-30 04:00:00,12.151438
2011-01-30 05:00:00,10.992605
2011-01-30 07:00:00,10.993194
2011-01-30 08:00:00,10.973103
2011-01-30 09:00:00,10.130704
2011-01-30 10:00:00,10.866671
2011-01-30 11:00:00,10.284838
2011-01-30 12:00:00,39.863567
2011-01-30 13:00:00,17.611696
2011-01-30 14:00:00,22.089527
2011-01-30 15:00:00,33.16628
2011-01-30 16:00:00,33.166878
2011-01-30 17:00:00,28.833279
2011-01-30 18:00:00,14.627604
2011-01-30 19:00:00,15.255469
2011-01-30 20:00:00,14.151416
2011-01-30 21:00:00,15.130093
2011-01-30 22:00:00,18.148663
2011-01-30 23:00:00,18.96566
2011-01-31 00:00:00,49.167946
2011-01-31 01:00:00,62.385483
2011-01-31 02:00:00,57.451077
2011-01-31 03:00:00,57.45215
2011-01-31 04:00:00,41.508507
2011-01-31 05:00:00,44.293053
2011-01-31 06:00:00,42.019886
2011-01-31 07:00:00,39.70962
2011-01-31 08:00:00,41.608494
2011-01-31 09:00:00,37.287964
2011-01-31 10:00:00,41.878815
2011-01-31 11:00:00,41.879505
2011-01-31 12:00:00,40.410004
2011-01-31 13:00:00,40.948177
2011-01-31 14:00:00,41.631172
2011-01-31 15:00:00,42.68117
2011-01-31 16:00:00,44.67044
2011-01-31 17:00:00,41.883766
2011-01-31 18:00:00,44.411495
2011-01-31 19:00:00,56.825035
2011-01-31 20:00:00,50.18831
2011-01-31 21:00:00,43.722797
2011-01-31 22:00:00,38.73172
2011-01-31 23:00:00,28.07336
2011-02-20 00:00:00,40.70679
2011-02-20 01:00:00,27.915144
2011-02-20 02:00:00,28.079113
2011-02-20 03:00:00,56.27255
2011-02-20 04:00:00,56.27273
2011-02-20 06:00:00,53.76329
2011-02-20 07:00:00,41.797775
2011-02-20 08:00:00,26.844429
2011-02-20 09:00:00,52.149277
2011-02-20 10:00:00,47.405987
2011-02-20 11:00:00,68.61641
2011-02-20 12:00:00,74.00715
2011-02-20 13:00:00,85.36445
2011-02-20 14:00:00,70.425446
2011-02-20 15:00:00,98.18438
2011-02-20 16:00:00,98.955246
2011-02-20 17:00:00,60.406483
2011-02-20 18:00:00,69.51522
2011-02-20 19:00:00,69.51561
2011-02-20 20:00:00,80.42217
2011-02-20 21:00:00,71.068985
2011-02-20 22:00:00,49.65643
2011-02-20 23:00:00,37.077465
2011-02-21 00:00:00,70.35492
2011-02-21 01:00:00,70.3548
2011-02-21 02:00:00,70.35465
2011-02-21 03:00:00,68.09801
2011-02-21 04:00:00,67.66776
2011-02-21 05:00:00,88.8307
2011-02-21 06:00:00,97.27292
2011-02-21 07:00:00,99.823715
2011-02-21 08:00:00,79.3954
2011-02-21 09:00:00,77.30105
2011-02-21 10:00:00,80.84092
2011-02-21 11:00:00,104.150604
2011-02-21 12:00:00,72.264435
2011-02-21 13:00:00,42.19201
2011-02-21 14:00:00,90.86322
2011-02-21 15:00:00,54.918495
2011-02-21 16:00:00,49.826492
2011-02-21 17:00:00,52.112236
2011-02-21 18:00:00,40.736935
2011-02-21 19:00:00,40.737038
2011-02-21 20:00:00,39.73917
2011-02-21 21:00:00,45.42859
2011-02-21 22:00:00,38.375168
2011-02-21 23:00:00,38.35085
2011-02-22 06:00:00,82.209045
2011-02-22 07:00:00,82.21064
2011-02-22 08:00:00,86.19054
2011-02-22 09:00:00,83.94005
2011-02-22 10:00:00,61.402035
2011-02-22 11:00:00,60.309128
2011-02-22 12:00:00,70.79997
2011-02-22 13:00:00,117.49776
2011-02-22 14:00:00,113.8299
2011-02-22 15:00:00,59.099483
2011-02-22 16:00:00,87.17159
2011-02-22 17:00:00,76.83916
2011-02-22 18:00:00,63.11065
2011-02-22 19:00:00,61.079506
2011-02-22 20:00:00,53.333817
2011-02-22 21:00:00,60.26663
2011-02-22 22:00:00,49.6913
2011-02-22 23:00:00,49.692287
2011-02-23 00:00:00,53.35253
2011-02-23 01:00:00,63.007133
2011-02-23 02:00:00,52.922123
2011-02-23 03:00:00,58.576233
2011-02-23 05:00:00,44.863663
2011-02-23 06:00:00,44.86477
2011-02-23 07:00:00,59.959957
2011-02-23 08:00:00,88.19306
2011-02-23 09:00:00,54.3886
2011-02-23 10:00:00,48.66121
2011-02-23 11:00:00,47.3185
2011-02-23 12:00:00,66.96576
2011-02-23 13:00:00,101.10629
2011-02-23 14:00:00,93.07822
2011-02-23 15:00:00,105.03282
2011-02-23 16:00:00,97.79641
2011-02-23 17:00:00,105.034134
2011-02-23 18:00:00,116.21127
2011-02-23 19:00:00,98.53029
2011-02-23 20:00:00,85.223915
2011-02-23 21:00:00,52.391037
2011-02-23 22:00:00,52.38031
2011-02-23 23:00:00,87.268486
2011-02-24 00:00:00,82.1425
2011-02-24 01:00:00,83.34613
2011-02-24 02:00:00,50.432762
2011-02-24 03:00:00,50.400414
2011-02-24 05:00:00,50.233833
2011-02-24 06:00:00,49.050686
2011-02-24 07:00:00,55.407684
2011-02-24 08:00:00,65.920074
2011-02-24 09:00:00,82.86463
2011-02-24 10:00:00,84.80203
2011-02-24 11:00:00,76.06278
2011-02-24 12:00:00,70.88525
2011-02-24 13:00:00,80.85181
2011-02-24 14:00:00,71.762695
2011-02-24 15:00:00,80.76414
2011-02-24 16:00:00,99.51199
2011-02-24 17:00:00,86.71336
2011-02-24 18:00:00,78.65424
2011-02-24 19:00:00,84.754906
2011-02-24 20:00:00,85.35105
2011-02-24 21:00:00,78.707565
2011-02-24 22:00:00,74.28074
2011-02-24 23:00:00,92.340355
2011-02-25 00:00:00,107.19486
2011-02-25 01:00:00,79.11726
2011-02-25 02:00:00,79.11894
2011-02-25 03:00:00,71.96833
2011-02-25 05:00:00,71.97183
2011-02-25 06:00:00,58.973846
2011-02-25 07:00:00,40.45294
2011-02-25 08:00:00,74.34681
2011-02-25 09:00:00,84.46753
2011-02-25 10:00:00,56.9021
2011-02-25 11:00:00,82.8021
2011-02-25 12:00:00,106.48602
2011-02-25 13:00:00,106.48581
2011-02-25 14:00:00,119.66385
2011-02-25 15:00:00,152.03615
2011-02-25 16:00:00,50.921375
2011-02-25 17:00:00,56.433792
2011-02-25 18:00:00,48.02481
2011-02-25 19:00:00,62.736977
2011-02-25 20:00:00,62.77885
2011-02-25 21:00:00,74.45809
2011-02-25 22:00:00,78.65897
2011-02-25 23:00:00,82.97611
2011-02-26 00:00:00,33.865147
2011-02-26 01:00:00,42.0341
2011-02-26 02:00:00,25.252584
2011-02-26 03:00:00,21.071295
2011-02-26 04:00:00,15.755443
2011-02-26 05:00:00,19.402157
2011-02-26 06:00:00,14.579418
2011-02-26 07:00:00,15.745264
2011-02-26 08:00:00,23.459345
2011-02-26 09:00:00,29.094824
2011-02-26 10:00:00,52.27312
2011-02-26 11:00:00,52.049927
2011-02-26 12:00:00,55.662907
2011-02-26 13:00:00,49.926064
2011-02-26 14:00:00,48.612206
2011-02-26 15:00:00,56.08264
2011-02-26 16:00:00,56.162476
2011-02-26 17:00:00,64.77557
2011-02-26 18:00:00,50.105034
2011-02-26 19:00:00,46.348434
2011-02-26 20:00:00,49.147385
2011-02-26 21:00:00,34.817333
2011-02-26 22:00:00,30.725355
2011-02-26 23:00:00,31.233408
2011-02-27 00:00:00,14.427282
2011-02-27 01:00:00,14.371955
2011-02-27 02:00:00,15.009564
2011-02-27 03:00:00,21.803423
2011-02-27 04:00:00,11.546411
2011-02-27 06:00:00,14.477179
2011-02-27 07:00:00,11.547023
2011-02-27 08:00:00,34.413517
2011-02-27 09:00:00,30.410313
2011-02-27 10:00:00,28.461021
2011-02-27 11:00:00,53.556587
2011-02-27 12:00:00,78.92238
2011-02-27 13:00:00,93.3764
2011-02-27 14:00:00,152.38269
2011-02-27 15:00:00,162.24033
2011-02-27 16:00:00,163.29434
2011-02-27 17:00:00,74.366325
2011-02-27 18:00:00,52.72511
2011-02-27 19:00:00,66.154785
2011-02-27 20:00:00,78.9269
2011-02-27 21:00:00,37.96447
2011-02-27 22:00:00,52.68138
2011-02-27 23:00:00,35.164543
2011-02-28 00:00:00,112.2251
2011-02-28 01:00:00,76.6282
2011-02-28 03:00:00,80.37475
2011-02-28 05:00:00,116.44687
2011-02-28 06:00:00,36.15614
2011-02-28 07:00:00,56.596153
2011-02-28 08:00:00,83.3638
2011-02-28 09:00:00,94.50139
2011-02-28 10:00:00,116.47678
2011-02-28 11:00:00,86.89668
2011-02-28 12:00:00,86.896736
2011-02-28 13:00:00,37.534145
2011-02-28 14:00:00,49.22634
2011-02-28 15:00:00,49.22736
2011-02-28 16:00:00,43.086033
2011-02-28 17:00:00,46.70794
2011-02-28 18:00:00,32.536507
2011-02-28 19:00:00,71.985176
2011-02-28 20:00:00,71.96568
2011-02-28 21:00:00,78.60729
2011-02-28 22:00:00,86.408554
2011-02-28 23:00:00,81.80976
2011-03-20 00:00:00,49.88784
2011-03-20 01:00:00,46.063965
2011-03-20 02:00:00,50.183712
2011-03-20 03:00:00,37.252518
2011-03-20 04:00:00,29.975746
2011-03-20 05:00:00,27.812305
2011-03-20 06:00:00,26.154009
2011-03-20 07:00:00,24.656778
2011-03-20 08:00:00,34.464905
2011-03-20 09:00:00,51.21664
2011-03-20 10:00:00,72.05806
2011-03-20 11:00:00,87.001945
2011-03-20 12:00:00,97.318825
2011-03-20 13:00:00,90.8921
2011-03-20 14:00:00,112.75857
2011-03-20 15:00:00,122.48938
2011-03-20 16:00:00,129.02957
2011-03-20 17:00:00,82.500984
2011-03-20 18:00:00,65.03444
2011-03-20 19:00:00,69.59076
2011-03-20 20:00:00,60.517147
2011-03-20 21:00:00,42.214146
2011-03-20 22:00:00,45.337112
2011-03-20 23:00:00,42.99224
2011-03-21 00:00:00,99.2303
2011-03-21 01:00:00,108.075005
2011-03-21 02:00:00,117.58646
2011-03-21 03:00:00,117.587006
2011-03-21 05:00:00,95.45741
2011-03-21 06:00:00,118.55381
2011-03-21 07:00:00,92.3932
2011-03-21 08:00:00,92.39369
2011-03-21 09:00:00,107.40661
2011-03-21 10:00:00,133.34866
2011-03-21 11:00:00,132.77325
2011-03-21 12:00:00,131.43784
2011-03-21 13:00:00,187.45735
2011-03-21 14:00:00,131.00055
2011-03-21 15:00:00,137.01924
2011-03-21 16:00:00,136.37852
2011-03-21 17:00:00,135.69128
2011-03-21 18:00:00,136.25482
2011-03-21 19:00:00,174.51808
2011-03-21 20:00:00,125.8433
2011-03-21 21:00:00,30.144005
2011-03-21 22:00:00,49.59611
2011-03-21 23:00:00,70.886444
2011-03-22 00:00:00,51.613495
2011-03-22 01:00:00,61.647793
2011-03-22 02:00:00,44.176144
2011-03-22 03:00:00,107.033714
2011-03-22 04:00:00,109.94811
2011-03-22 05:00:00,101.24947
2011-03-22 06:00:00,94.02976
2011-03-22 07:00:00,119.55797
2011-03-22 08:00:00,87.263565
2011-03-22 09:00:00,81.34078
2011-03-22 10:00:00,157.912
2011-03-22 11:00:00,146.28088
2011-03-22 12:00:00,156.46187
2011-03-22 13:00:00,148.91934
2011-03-22 14:00:00,162.78647
2011-03-22 15:00:00,152.10052
2011-03-22 16:00:00,141.78487
2011-03-22 17:00:00,141.78516
2011-03-22 18:00:00,138.64027
2011-03-22 19:00:00,148.55325
2011-03-22 20:00:00,155.99022
2011-03-22 21:00:00,90.91932
2011-03-22 22:00:00,98.06743
2011-03-22 23:00:00,98.06761
2011-03-23 00:00:00,104.71211
2011-03-23 01:00:00,108.50489
2011-03-23 02:00:00,108.50639
2011-03-23 03:00:00,116.704666
2011-03-23 05:00:00,65.576904
2011-03-23 06:00:00,79.05133
2011-03-23 07:00:00,94.90121
2011-03-23 08:00:00,65.579254
2011-03-23 09:00:00,91.79831
2011-03-23 10:00:00,97.33604
2011-03-23 11:00:00,74.679886
2011-03-23 12:00:00,70.22352
2011-03-23 13:00:00,81.89389
2011-03-23 14:00:00,76.377304
2011-03-23 15:00:00,95.77293
2011-03-23 16:00:00,124.19319
2011-03-23 17:00:00,124.19396
2011-03-23 18:00:00,104.066795
2011-03-23 19:00:00,104.06766
2011-03-23 20:00:00,84.153755
2011-03-23 21:00:00,67.62678
2011-03-23 22:00:00,100.19141
2011-03-23 23:00:00,136.16435
2011-03-24 00:00:00,94.62932
2011-03-24 01:00:00,74.07462
2011-03-24 02:00:00,69.91049
2011-03-24 03:00:00,62.047684
2011-03-24 04:00:00,62.152695
2011-03-24 05:00:00,49.17324
2011-03-24 06:00:00,49.174328
2011-03-24 07:00:00,53.236614
2011-03-24 08:00:00,60.741283
2011-03-24 09:00:00,50.382908
2011-03-24 10:00:00,52.238277
2011-03-24 11:00:00,92.77272
2011-03-24 12:00:00,118.58325
2011-03-24 13:00:00,103.95789
2011-03-24 14:00:00,107.2077
2011-03-24 15:00:00,125.74464
2011-03-24 16:00:00,110.62364
2011-03-24 17:00:00,123.037476
2011-03-24 18:00:00,106.58148
2011-03-24 19:00:00,116.43203
2011-03-24 20:00:00,115.59642
2011-03-24 21:00:00,103.018845
2011-03-24 22:00:00,99.736015
2011-03-24 23:00:00,96.776634
2011-03-25 00:00:00,108.86635
2011-03-25 01:00:00,90.96362
2011-03-25 02:00:00,96.93588
2011-03-25 03:00:00,70.1799
2011-03-25 04:00:00,99.18968
2011-03-25 05:00:00,110.48591
2011-03-25 06:00:00,118.205505
2011-03-25 07:00:00,116.27746
2011-03-25 08:00:00,94.08398
2011-03-25 09:00:00,97.11862
2011-03-25 10:00:00,86.43835
2011-03-25 11:00:00,86.970535
2011-03-25 12:00:00,82.12883
2011-03-25 13:00:00,83.03275
2011-03-25 14:00:00,79.71819
2011-03-25 15:00:00,84.958145
2011-03-25 16:00:00,82.163246
2011-03-25 17:00:00,84.48433
2011-03-25 18:00:00,91.02813
2011-03-25 19:00:00,101.800156
2011-03-25 20:00:00,92.68939
2011-03-25 21:00:00,90.8988
2011-03-25 22:00:00,88.3986
2011-03-25 23:00:00,87.19165
2011-03-26 00:00:00,68.13072
2011-03-26 01:00:00,72.94238
2011-03-26 02:00:00,45.62735
2011-03-26 03:00:00,42.961487
2011-03-26 04:00:00,45.628212
2011-03-26 05:00:00,33.59667
2011-03-26 06:00:00,32.79955
2011-03-26 07:00:00,33.59762
2011-03-26 08:00:00,39.118656
2011-03-26 09:00:00,45.169716
2011-03-26 10:00:00,56.416424
2011-03-26 11:00:00,56.91405
2011-03-26 12:00:00,63.75853
2011-03-26 13:00:00,72.56814
2011-03-26 14:00:00,91.60749
2011-03-26 15:00:00,94.38676
2011-03-26 16:00:00,95.80819
2011-03-26 17:00:00,94.52178
2011-03-26 18:00:00,87.39058
2011-03-26 19:00:00,51.54487
2011-03-26 20:00:00,51.545227
2011-03-26 21:00:00,42.576355
2011-03-26 22:00:00,51.898605
2011-03-26 23:00:00,43.78651
2011-03-27 00:00:00,51.861736
2011-03-27 01:00:00,29.759142
2011-03-27 02:00:00,21.221458
2011-03-27 03:00:00,14.587879
2011-03-27 04:00:00,14.234559
2011-03-27 06:00:00,17.736343
2011-03-27 07:00:00,17.889431
2011-03-27 08:00:00,14.589378
2011-03-27 09:00:00,20.458015
2011-03-27 10:00:00,26.17082
2011-03-27 11:00:00,38.580105
2011-03-27 12:00:00,44.041294
2011-03-27 13:00:00,60.593273
2011-03-27 14:00:00,71.2616
2011-03-27 15:00:00,64.83683
2011-03-27 16:00:00,79.57957
2011-03-27 17:00:00,91.14741
2011-03-27 18:00:00,59.64381
2011-03-27 19:00:00,64.86354
2011-03-27 20:00:00,56.501198
2011-03-27 21:00:00,51.865692
2011-03-27 22:00:00,51.865982
2011-03-27 23:00:00,41.55364
2011-03-28 00:00:00,138.9422
2011-03-28 01:00:00,89.96881
2011-03-28 02:00:00,92.11147
2011-03-28 03:00:00,92.11242
2011-03-28 05:00:00,82.20392
2011-03-28 06:00:00,120.14861
2011-03-28 07:00:00,119.01479
2011-03-28 08:00:00,94.32727
2011-03-28 09:00:00,88.973816
2011-03-28 10:00:00,78.92072
2011-03-28 11:00:00,93.542656
2011-03-28 12:00:00,85.87217
2011-03-28 13:00:00,107.752655
2011-03-28 14:00:00,114.18205
2011-03-28 15:00:00,109.84869
2011-03-28 16:00:00,116.54114
2011-03-28 17:00:00,107.362076
2011-03-28 18:00:00,116.01989
2011-03-28 19:00:00,142.6853
2011-03-28 20:00:00,116.268265
2011-03-28 21:00:00,111.80262
2011-03-28 22:00:00,117.04885
2011-03-28 23:00:00,94.67024
2011-03-29 00:00:00,96.67392
2011-03-29 01:00:00,102.6819
2011-03-29 02:00:00,102.68261
2011-03-29 03:00:00,102.68332
2011-03-29 04:00:00,78.15694
2011-03-29 05:00:00,85.68388
2011-03-29 06:00:00,91.271
2011-03-29 07:00:00,99.87282
2011-03-29 08:00:00,115.247284
2011-03-29 09:00:00,90.54166
2011-03-29 10:00:00,98.53451
2011-03-29 11:00:00,101.406235
2011-03-29 12:00:00,104.013626
2011-03-29 13:00:00,97.70573
2011-03-29 14:00:00,106.22143
2011-03-29 15:00:00,111.51544
2011-03-29 16:00:00,112.05166
2011-03-29 17:00:00,119.67677
2011-03-29 18:00:00,140.76714
2011-03-29 19:00:00,106.289734
2011-03-29 20:00:00,140.76788
2011-03-29 21:00:00,103.616165
2011-03-29 22:00:00,84.78677
2011-03-29 23:00:00,100.50396
2011-03-30 00:00:00,105.94318
2011-03-30 01:00:00,92.30453
2011-03-30 02:00:00,105.94496
2011-03-30 03:00:00,80.83406
2011-03-30 04:00:00,105.94675
2011-03-30 05:00:00,120.61661
2011-03-30 06:00:00,93.191124
2011-03-30 07:00:00,86.509155
2011-03-30 08:00:00,76.34298
2011-03-30 09:00:00,80.956825
2011-03-30 10:00:00,82.38796
2011-03-30 11:00:00,80.636185
2011-03-30 12:00:00,75.848236
2011-03-30 13:00:00,82.754265
2011-03-30 14:00:00,75.73719
2011-03-30 15:00:00,85.64279
2011-03-30 16:00:00,87.7021
2011-03-30 17:00:00,54.318604
2011-03-30 18:00:00,46.133156
2011-03-30 19:00:00,46.133797
2011-03-30 20:00:00,68.73361
2011-03-30 21:00:00,47.58646
2011-03-30 22:00:00,47.439617
2011-03-30 23:00:00,67.081055
2011-03-31 00:00:00,47.282757
2011-03-31 01:00:00,51.796303
2011-03-31 02:00:00,51.79724
2011-03-31 03:00:00,47.28525
2011-03-31 04:00:00,44.8006
2011-03-31 05:00:00,47.28691
2011-03-31 06:00:00,63.805378
2011-03-31 07:00:00,44.80321
2011-03-31 08:00:00,52.630795
2011-03-31 09:00:00,48.385998
2011-03-31 10:00:00,48.38674
2011-03-31 11:00:00,47.74102
2011-03-31 12:00:00,47.741905
2011-03-31 13:00:00,75.21415
2011-03-31 14:00:00,75.21501
2011-03-31 15:00:00,77.68198
2011-03-31 16:00:00,82.698456
2011-03-31 17:00:00,82.69925
2011-03-31 18:00:00,75.24993
2011-03-31 19:00:00,75.2508
2011-03-31 20:00:00,43.68194
2011-03-31 21:00:00,42.16224
2011-03-31 22:00:00,41.00936
2011-03-31 23:00:00,52.53571
2011-04-20 00:00:00,30.63938
2011-04-20 01:00:00,39.264294
2011-04-20 02:00:00,39.264824
2011-04-20 03:00:00,30.669691
2011-04-20 04:00:00,32.46166
2011-04-20 05:00:00,47.881233
2011-04-20 06:00:00,39.266968
2011-04-20 07:00:00,31.948208
2011-04-20 08:00:00,233.37769
2011-04-20 09:00:00,229.36264
2011-04-20 10:00:00,270.26132
2011-04-20 11:00:00,270.26205
2011-04-20 12:00:00,262.22775
2011-04-20 13:00:00,262.22714
2011-04-20 14:00:00,246.1481
2011-04-20 15:00:00,238.96365
2011-04-20 16:00:00,238.96297
2011-04-20 17:00:00,253.29723
2011-04-20 18:00:00,247.8722
2011-04-20 19:00:00,241.87398
2011-04-20 20:00:00,259.99094
2011-04-20 21:00:00,230.69391
2011-04-20 22:00:00,218.6452
2011-04-20 23:00:00,217.11568
2011-04-21 00:00:00,220.61479
2011-04-21 01:00:00,202.01665
2011-04-21 02:00:00,188.97928
2011-04-21 03:00:00,165.7847
2011-04-21 04:00:00,150.43782
2011-04-21 05:00:00,148.43033
2011-04-21 06:00:00,158.68887
2011-04-21 07:00:00,165.97586
2011-04-21 08:00:00,175.47034
2011-04-21 09:00:00,172.56006
2011-04-21 10:00:00,195.83086
2011-04-21 11:00:00,168.17152
2011-04-21 12:00:00,157.4943
2011-04-21 13:00:00,211.40504
2011-04-21 14:00:00,208.12663
2011-04-21 15:00:00,233.29155
2011-04-21 16:00:00,224.4155
2011-04-21 17:00:00,215.44803
2011-04-21 18:00:00,244.23059
2011-04-21 19:00:00,211.07428
2011-04-21 20:00:00,209.41522
2011-04-21 21:00:00,143.4607
2011-04-21 22:00:00,174.03574
2011-04-21 23:00:00,180.4574
2011-04-22 00:00:00,105.92073
2011-04-22 01:00:00,139.8616
2011-04-22 02:00:00,134.60352
2011-04-22 03:00:00,134.60391
2011-04-22 04:00:00,129.33716
2011-04-22 05:00:00,125.476326
2011-04-22 06:00:00,129.29747
2011-04-22 07:00:00,129.29803
2011-04-22 08:00:00,129.02881
2011-04-22 09:00:00,123.36956
2011-04-22 10:00:00,105.87839
2011-04-22 11:00:00,110.105995
2011-04-22 12:00:00,58.058197
2011-04-22 13:00:00,39.615993
2011-04-22 14:00:00,44.50045
2011-04-22 15:00:00,39.617172
2011-04-22 16:00:00,41.252113
2011-04-22 17:00:00,62.760773
2011-04-22 18:00:00,62.761852
2011-04-22 19:00:00,62.76294
2011-04-22 20:00:00,46.982307
2011-04-22 21:00:00,52.61744
2011-04-22 22:00:00,80.87371
2011-04-22 23:00:00,57.636635
2011-04-23 00:00:00,69.06333
2011-04-23 01:00:00,69.03089
2011-04-23 02:00:00,66.510216
2011-04-23 03:00:00,55.266884
2011-04-23 04:00:00,38.168705
2011-04-23 05:00:00,38.13516
2011-04-23 06:00:00,48.66765
2011-04-23 07:00:00,48.668198
2011-04-23 08:00:00,53.781075
2011-04-23 09:00:00,42.100567
2011-04-23 10:00:00,38.84895
2011-04-23 11:00:00,40.359264
2011-04-23 12:00:00,132.03008
2011-04-23 13:00:00,134.69702
2011-04-23 14:00:00,166.92828
2011-04-23 15:00:00,211.51802
2011-04-23 16:00:00,227.91545
2011-04-23 17:00:00,212.54565
2011-04-23 18:00:00,169.39264
2011-04-23 19:00:00,164.42302
2011-04-23 20:00:00,159.10208
2011-04-23 21:00:00,164.42198
2011-04-23 22:00:00,166.61035
2011-04-23 23:00:00,153.97832
2011-04-24 00:00:00,154.26462
2011-04-24 01:00:00,62.135704
2011-04-24 02:00:00,62.135834
2011-04-24 03:00:00,51.92382
2011-04-24 04:00:00,51.92416
2011-04-24 05:00:00,51.9245
2011-04-24 06:00:00,45.72885
2011-04-24 07:00:00,45.729164
2011-04-24 08:00:00,102.5759
2011-04-24 09:00:00,157.0508
2011-04-24 10:00:00,194.43468
2011-04-24 11:00:00,298.26587
2011-04-24 12:00:00,303.24896
2011-04-24 13:00:00,304.40274
2011-04-24 14:00:00,296.62027
2011-04-24 15:00:00,283.36676
2011-04-24 16:00:00,368.42627
2011-04-24 17:00:00,300.59717
2011-04-24 18:00:00,304.1432
2011-04-24 19:00:00,177.3063
2011-04-24 20:00:00,176.60318
2011-04-24 21:00:00,127.91078
2011-04-24 22:00:00,128.40347
2011-04-24 23:00:00,114.08743
2011-04-25 00:00:00,77.598206
2011-04-25 01:00:00,119.96898
2011-04-25 02:00:00,119.970245
2011-04-25 03:00:00,35.481995
2011-04-25 04:00:00,77.799965
2011-04-25 05:00:00,35.945374
2011-04-25 06:00:00,36.30072
2011-04-25 07:00:00,85.28214
2011-04-25 08:00:00,144.30475
2011-04-25 09:00:00,152.62042
2011-04-25 10:00:00,214.32805
2011-04-25 11:00:00,214.32811
2011-04-25 12:00:00,254.72203
2011-04-25 13:00:00,267.85553
2011-04-25 14:00:00,225.74052
2011-04-25 15:00:00,218.75735
2011-04-25 16:00:00,234.1537
2011-04-25 17:00:00,244.97998
2011-04-25 18:00:00,224.20482
2011-04-25 19:00:00,222.98048
2011-04-25 20:00:00,229.64679
2011-04-25 21:00:00,232.52484
2011-04-25 22:00:00,197.42468
2011-04-25 23:00:00,171.16884
2011-04-26 00:00:00,254.01004
2011-04-26 01:00:00,206.9743
2011-04-26 02:00:00,153.48874
2011-04-26 03:00:00,164.96329
2011-04-26 04:00:00,149.28687
2011-04-26 05:00:00,162.59361
2011-04-26 06:00:00,161.25426
2011-04-26 07:00:00,143.20126
2011-04-26 08:00:00,143.20099
2011-04-26 09:00:00,231.31804
2011-04-26 10:00:00,241.42993
2011-04-26 11:00:00,252.70682
2011-04-26 12:00:00,219.74815
2011-04-26 13:00:00,247.59464
2011-04-26 14:00:00,230.91135
2011-04-26 15:00:00,221.51196
2011-04-26 16:00:00,213.72173
2011-04-26 17:00:00,220.33017
2011-04-26 18:00:00,248.89728
2011-04-26 19:00:00,228.53793
2011-04-26 20:00:00,230.91023
2011-04-26 21:00:00,173.2855
2011-04-26 22:00:00,158.53488
2011-04-26 23:00:00,151.48636
2011-04-27 00:00:00,140.50334
2011-04-27 01:00:00,129.72385
2011-04-27 02:00:00,155.86191
2011-04-27 03:00:00,168.66966
2011-04-27 04:00:00,125.21296
2011-04-27 05:00:00,127.01517
2011-04-27 06:00:00,127.015305
2011-04-27 07:00:00,168.66916
2011-04-27 08:00:00,160.17566
2011-04-27 09:00:00,154.19777
2011-04-27 10:00:00,155.37683
2011-04-27 11:00:00,177.3082
2011-04-27 12:00:00,237.88844
2011-04-27 13:00:00,175.61794
2011-04-27 14:00:00,273.89825
2011-04-27 15:00:00,258.87036
2011-04-27 16:00:00,248.50067
2011-04-27 17:00:00,211.82927
2011-04-27 18:00:00,211.8289
2011-04-27 19:00:00,176.33939
2011-04-27 20:00:00,151.63759
2011-04-27 21:00:00,159.18121
2011-04-27 22:00:00,160.20857
2011-04-27 23:00:00,150.5236
2011-04-28 00:00:00,173.82077
2011-04-28 01:00:00,146.04803
2011-04-28 02:00:00,147.2735
2011-04-28 03:00:00,168.3924
2011-04-28 04:00:00,146.1908
2011-04-28 05:00:00,146.04495
2011-04-28 06:00:00,165.42763
2011-04-28 07:00:00,165.9617
2011-04-28 08:00:00,216.39368
2011-04-28 09:00:00,161.0495
2011-04-28 10:00:00,161.97499
2011-04-28 11:00:00,154.9968
2011-04-28 12:00:00,173.83717
2011-04-28 13:00:00,151.271
2011-04-28 14:00:00,151.27037
2011-04-28 15:00:00,252.1298
2011-04-28 16:00:00,173.83414
2011-04-28 17:00:00,235.06137
2011-04-28 18:00:00,234.8013
2011-04-28 19:00:00,224.03745
2011-04-28 20:00:00,256.93356
2011-04-28 21:00:00,229.91899
2011-04-28 22:00:00,195.7169
2011-04-28 23:00:00,181.26347
2011-04-29 00:00:00,187.18166
2011-04-29 01:00:00,181.6116
2011-04-29 02:00:00,168.27881
2011-04-29 03:00:00,134.7646
2011-04-29 04:00:00,157.07268
2011-04-29 05:00:00,153.72528
2011-04-29 06:00:00,176.33026
2011-04-29 07:00:00,171.037
2011-04-29 08:00:00,193.52467
2011-04-29 09:00:00,193.61255
2011-04-29 10:00:00,208.73495
2011-04-29 11:00:00,211.63997
2011-04-29 12:00:00,205.17255
2011-04-29 13:00:00,205.64252
2011-04-29 14:00:00,210.71625
2011-04-29 15:00:00,211.55333
2011-04-29 16:00:00,203.78046
2011-04-29 17:00:00,191.33574
2011-04-29 18:00:00,187.6649
2011-04-29 19:00:00,162.34328
2011-04-29 20:00:00,163.4562
2011-04-29 21:00:00,145.25783
2011-04-29 22:00:00,116.20927
2011-04-29 23:00:00,119.773636
2011-04-30 00:00:00,138.66008
2011-04-30 01:00:00,117.11302
2011-04-30 02:00:00,124.13943
2011-04-30 03:00:00,111.18592
2011-04-30 04:00:00,117.45489
2011-04-30 05:00:00,135.76172
2011-04-30 06:00:00,123.11473
2011-04-30 07:00:00,126.30833
2011-04-30 08:00:00,122.71995
2011-04-30 09:00:00,144.64362
2011-04-30 10:00:00,200.90929
2011-04-30 11:00:00,227.79413
2011-04-30 12:00:00,242.97098
2011-04-30 13:00:00,240.515
2011-04-30 14:00:00,213.26907
2011-04-30 15:00:00,212.01324
2011-04-30 16:00:00,261.9777
2011-04-30 17:00:00,216.57509
2011-04-30 18:00:00,210.01556
2011-04-30 19:00:00,210.01501
2011-04-30 20:00:00,127.84503
2011-04-30 21:00:00,127.844864
2011-04-30 22:00:00,103.36666
2011-04-30 23:00:00,103.36678
2011-05-20 00:00:00,130.9771
2011-05-20 01:00:00,195.80768
2011-05-20 02:00:00,189.59581
2011-05-20 03:00:00,201.2077
2011-05-20 04:00:00,141.55165
2011-05-20 05:00:00,116.541176
2011-05-20 06:00:00,200.4821
2011-05-20 07:00:00,190.9924
2011-05-20 08:00:00,235.267
2011-05-20 09:00:00,237.98248
2011-05-20 10:00:00,276.4282
2011-05-20 11:00:00,294.28024
2011-05-20 12:00:00,301.69104
2011-05-20 13:00:00,298.84497
2011-05-20 14:00:00,241.1284
2011-05-20 15:00:00,298.96793
2011-05-20 16:00:00,282.179
2011-05-20 17:00:00,254.08754
2011-05-20 18:00:00,286.53052
2011-05-20 19:00:00,257.74615
2011-05-20 20:00:00,280.3445
2011-05-20 21:00:00,282.3303
2011-05-20 22:00:00,204.04137
2011-05-20 23:00:00,202.27238
2011-05-21 00:00:00,158.18555
2011-05-21 01:00:00,172.85846
2011-05-21 02:00:00,185.45955
2011-05-21 03:00:00,117.295006
2011-05-21 04:00:00,125.837
2011-05-21 05:00:00,129.32979
2011-05-21 06:00:00,123.60209
2011-05-21 07:00:00,197.19339
2011-05-21 08:00:00,276.99588
2011-05-21 09:00:00,321.24298
2011-05-21 10:00:00,321.5725
2011-05-21 11:00:00,281.32343
2011-05-21 12:00:00,300.7197
2011-05-21 13:00:00,319.04352
2011-05-21 14:00:00,355.59683
2011-05-21 15:00:00,378.63654
2011-05-21 16:00:00,388.4525
2011-05-21 17:00:00,372.3555
2011-05-21 18:00:00,347.0523
2011-05-21 19:00:00,334.86694
2011-05-21 20:00:00,307.30585
2011-05-21 21:00:00,321.32816
2011-05-21 22:00:00,315.67136
2011-05-21 23:00:00,214.2163
2011-05-22 00:00:00,150.95982
2011-05-22 01:00:00,103.10278
2011-05-22 02:00:00,102.77351
2011-05-22 03:00:00,128.2119
2011-05-22 04:00:00,149.84877
2011-05-22 05:00:00,128.21214
2011-05-22 06:00:00,102.742744
2011-05-22 07:00:00,161.067
2011-05-22 08:00:00,238.04474
2011-05-22 09:00:00,337.451
2011-05-22 10:00:00,335.58224
2011-05-22 11:00:00,340.66458
2011-05-22 12:00:00,373.4395
2011-05-22 13:00:00,298.77194
2011-05-22 14:00:00,330.90277
2011-05-22 15:00:00,345.4801
2011-05-22 16:00:00,342.49072
2011-05-22 17:00:00,367.008
2011-05-22 18:00:00,348.69687
2011-05-22 19:00:00,357.13187
2011-05-22 20:00:00,338.78378
2011-05-22 21:00:00,247.50133
2011-05-22 22:00:00,202.93103
2011-05-22 23:00:00,197.63922
2011-05-23 00:00:00,157.11238
2011-05-23 01:00:00,160.27475
2011-05-23 02:00:00,147.47737
2011-05-23 03:00:00,95.596954
2011-05-23 04:00:00,129.22734
2011-05-23 05:00:00,129.22874
2011-05-23 06:00:00,148.31088
2011-05-23 07:00:00,89.77198
2011-05-23 08:00:00,143.98563
2011-05-23 09:00:00,157.05836
2011-05-23 10:00:00,289.6838
2011-05-23 11:00:00,305.44583
2011-05-23 12:00:00,305.4466
2011-05-23 13:00:00,260.94275
2011-05-23 14:00:00,305.73145
2011-05-23 15:00:00,301.99338
2011-05-23 16:00:00,299.64746
2011-05-23 17:00:00,298.0761
2011-05-23 18:00:00,304.81964
2011-05-23 19:00:00,300.45276
2011-05-23 20:00:00,196.52005
2011-05-23 21:00:00,147.9006
2011-05-23 22:00:00,82.345764
2011-05-23 23:00:00,149.78079
2011-05-24 00:00:00,73.49515
2011-05-24 01:00:00,77.34043
2011-05-24 02:00:00,73.49556
2011-05-24 03:00:00,68.54577
2011-05-24 04:00:00,153.84668
2011-05-24 05:00:00,87.501205
2011-05-24 06:00:00,65.71178
2011-05-24 07:00:00,210.5194
2011-05-24 08:00:00,200.31673
2011-05-24 09:00:00,259.28256
2011-05-24 10:00:00,308.18454
2011-05-24 11:00:00,215.01619
2011-05-24 12:00:00,239.75885
2011-05-24 13:00:00,244.20319
2011-05-24 14:00:00,235.14949
2011-05-24 15:00:00,232.0334
2011-05-24 16:00:00,306.73993
2011-05-24 17:00:00,282.66275
2011-05-24 18:00:00,302.1141
2011-05-24 19:00:00,293.44696
2011-05-24 20:00:00,291.5501
2011-05-24 21:00:00,228.6322
2011-05-24 22:00:00,158.33763
2011-05-24 23:00:00,275.82147
2011-05-25 00:00:00,183.28833
2011-05-25 01:00:00,179.34454
2011-05-25 02:00:00,115.83814
2011-05-25 03:00:00,114.86074
2011-05-25 04:00:00,114.41788
2011-05-25 05:00:00,205.94646
2011-05-25 06:00:00,101.77035
2011-05-25 07:00:00,228.01352
2011-05-25 08:00:00,305.5569
2011-05-25 09:00:00,310.84845
2011-05-25 10:00:00,270.75174
2011-05-25 11:00:00,190.46986
2011-05-25 12:00:00,219.0821
2011-05-25 13:00:00,219.08273
2011-05-25 14:00:00,231.32535
2011-05-25 15:00:00,200.16422
2011-05-25 16:00:00,216.54463
2011-05-25 17:00:00,209.69707
2011-05-25 18:00:00,283.95023
2011-05-25 19:00:00,271.98657
2011-05-25 20:00:00,273.34067
2011-05-25 21:00:00,282.68112
2011-05-25 22:00:00,316.5283
2011-05-25 23:00:00,248.17078
2011-05-26 00:00:00,262.16727
2011-05-26 01:00:00,262.16785
2011-05-26 02:00:00,193.0699
2011-05-26 03:00:00,179.25435
2011-05-26 04:00:00,188.02814
2011-05-26 05:00:00,179.25479
2011-05-26 06:00:00,136.3406
2011-05-26 07:00:00,82.08013
2011-05-26 08:00:00,243.40631
2011-05-26 09:00:00,289.81665
2011-05-26 10:00:00,310.06342
2011-05-26 11:00:00,262.24707
2011-05-26 12:00:00,275.56277
2011-05-26 13:00:00,224.8471
2011-05-26 14:00:00,224.84724
2011-05-26 15:00:00,234.98703
2011-05-26 16:00:00,244.49927
2011-05-26 17:00:00,231.09921
2011-05-26 18:00:00,230.45
2011-05-26 19:00:00,218.766
2011-05-26 20:00:00,307.33676
2011-05-26 21:00:00,296.378
2011-05-26 22:00:00,304.8599
2011-05-26 23:00:00,313.0025
2011-05-27 00:00:00,318.4747
2011-05-27 01:00:00,313.03293
2011-05-27 02:00:00,305.651
2011-05-27 03:00:00,301.39645
2011-05-27 04:00:00,295.7178
2011-05-27 05:00:00,312.64343
2011-05-27 06:00:00,292.84503
2011-05-27 07:00:00,260.46942
2011-05-27 08:00:00,302.37988
2011-05-27 09:00:00,320.5965
2011-05-27 10:00:00,231.22853
2011-05-27 11:00:00,237.42705
2011-05-27 12:00:00,229.7617
2011-05-27 13:00:00,274.23148
2011-05-27 14:00:00,234.97827
2011-05-27 15:00:00,280.10797
2011-05-27 16:00:00,225.80704
2011-05-27 17:00:00,273.8263
2011-05-27 18:00:00,306.85266
2011-05-27 19:00:00,185.63876
2011-05-27 20:00:00,216.33177
2011-05-27 21:00:00,187.91743
2011-05-27 22:00:00,209.3558
2011-05-27 23:00:00,172.50421
2011-05-28 00:00:00,134.77576
2011-05-28 01:00:00,119.97355
2011-05-28 02:00:00,62.14367
2011-05-28 03:00:00,123.30276
2011-05-28 04:00:00,129.82713
2011-05-28 05:00:00,123.30305
2011-05-28 06:00:00,143.16356
2011-05-28 07:00:00,139.29387
2011-05-28 08:00:00,200.93188
2011-05-28 09:00:00,307.0872
2011-05-28 10:00:00,357.5814
2011-05-28 11:00:00,357.58292
2011-05-28 12:00:00,355.18924
2011-05-28 13:00:00,357.16577
2011-05-28 14:00:00,316.6057
2011-05-28 15:00:00,390.0023
2011-05-28 16:00:00,395.1964
2011-05-28 17:00:00,386.2688
2011-05-28 18:00:00,358.58002
2011-05-28 19:00:00,355.62863
2011-05-28 20:00:00,357.6549
2011-05-28 21:00:00,339.0008
2011-05-28 22:00:00,297.01306
2011-05-28 23:00:00,187.38673
2011-05-29 00:00:00,194.36388
2011-05-29 01:00:00,129.47173
2011-05-29 02:00:00,144.02957
2011-05-29 03:00:00,144.02971
2011-05-29 04:00:00,133.64853
2011-05-29 05:00:00,71.23808
2011-05-29 06:00:00,119.87851
2011-05-29 07:00:00,125.61547
2011-05-29 08:00:00,122.3244
2011-05-29 09:00:00,76.74367
2011-05-29 10:00:00,288.95154
2011-05-29 11:00:00,296.56393
2011-05-29 12:00:00,337.44678
2011-05-29 13:00:00,350.58707
2011-05-29 14:00:00,321.2005
2011-05-29 15:00:00,320.50873
2011-05-29 16:00:00,321.20386
2011-05-29 17:00:00,321.20554
2011-05-29 18:00:00,354.37787
2011-05-29 19:00:00,351.9803
2011-05-29 20:00:00,323.01227
2011-05-29 21:00:00,297.0634
2011-05-29 22:00:00,176.00856
2011-05-29 23:00:00,172.19762
2011-05-30 00:00:00,83.33271
2011-05-30 01:00:00,89.04677
2011-05-30 02:00:00,83.330376
2011-05-30 03:00:00,83.33066
2011-05-30 04:00:00,88.18111
2011-05-30 05:00:00,91.916046
2011-05-30 06:00:00,101.6718
2011-05-30 07:00:00,115.991486
2011-05-30 08:00:00,178.30136
2011-05-30 09:00:00,303.06613
2011-05-30 10:00:00,361.17404
2011-05-30 11:00:00,393.4742
2011-05-30 12:00:00,368.75378
2011-05-30 13:00:00,393.8718
2011-05-30 14:00:00,398.07587
2011-05-30 15:00:00,371.30725
2011-05-30 16:00:00,372.91446
2011-05-30 17:00:00,392.18765
2011-05-30 18:00:00,385.567
2011-05-30 19:00:00,193.28377
2011-05-30 20:00:00,312.28262
2011-05-30 21:00:00,285.2203
2011-05-30 22:00:00,285.17996
2011-05-30 23:00:00,272.48553
2011-05-31 00:00:00,279.85364
2011-05-31 01:00:00,273.3765
2011-05-31 02:00:00,69.37322
2011-05-31 03:00:00,96.228355
2011-05-31 04:00:00,233.54507
2011-05-31 05:00:00,233.5456
2011-05-31 06:00:00,280.926
2011-05-31 07:00:00,233.0357
2011-05-31 08:00:00,263.00116
2011-05-31 09:00:00,218.22989
2011-05-31 10:00:00,239.90494
2011-05-31 11:00:00,182.02127
2011-05-31 12:00:00,207.17397
2011-05-31 13:00:00,233.9213
2011-05-31 14:00:00,213.0995
2011-05-31 15:00:00,229.20288
2011-05-31 16:00:00,228.28828
2011-05-31 17:00:00,208.1712
2011-05-31 18:00:00,191.03557
2011-05-31 19:00:00,236.42657
2011-05-31 20:00:00,236.42738
2011-05-31 21:00:00,262.76385
2011-05-31 22:00:00,244.40454
2011-05-31 23:00:00,275.97223
2011-06-20 00:00:00,57.603348
2011-06-20 01:00:00,95.92111
2011-06-20 02:00:00,95.92145
2011-06-20 03:00:00,111.61054
2011-06-20 04:00:00,113.53348
2011-06-20 05:00:00,87.464584
2011-06-20 06:00:00,124.201454
2011-06-20 07:00:00,134.74983
2011-06-20 08:00:00,116.39699
2011-06-20 09:00:00,132.33334
2011-06-20 10:00:00,132.33272
2011-06-20 11:00:00,118.955864
2011-06-20 12:00:00,153.75278
2011-06-20 13:00:00,193.57611
2011-06-20 14:00:00,178.6847
2011-06-20 15:00:00,172.74918
2011-06-20 16:00:00,214.32278
2011-06-20 17:00:00,205.92336
2011-06-20 18:00:00,206.13202
2011-06-20 19:00:00,165.91699
2011-06-20 20:00:00,152.08167
2011-06-20 21:00:00,73.4237
2011-06-20 22:00:00,88.16859
2011-06-20 23:00:00,118.92139
2011-06-21 00:00:00,111.90516
2011-06-21 01:00:00,111.90469
2011-06-21 02:00:00,103.04388
2011-06-21 03:00:00,103.04361
2011-06-21 04:00:00,114.21101
2011-06-21 05:00:00,125.44463
2011-06-21 06:00:00,125.44458
2011-06-21 07:00:00,127.27292
2011-06-21 08:00:00,112.92044
2011-06-21 09:00:00,117.84191
2011-06-21 10:00:00,117.034195
2011-06-21 11:00:00,83.30697
2011-06-21 12:00:00,123.133385
2011-06-21 13:00:00,190.45944
2011-06-21 14:00:00,248.48717
2011-06-21 15:00:00,250.27478
2011-06-21 16:00:00,253.2859
2011-06-21 17:00:00,230.87257
2011-06-21 18:00:00,241.51802
2011-06-21 19:00:00,235.51254
2011-06-21 20:00:00,241.40529
2011-06-21 21:00:00,180.5005
2011-06-21 22:00:00,114.808105
2011-06-21 23:00:00,113.68246
2011-06-22 00:00:00,120.76013
2011-06-22 01:00:00,93.974625
2011-06-22 02:00:00,98.82983
2011-06-22 03:00:00,93.97364
2011-06-22 04:00:00,85.66937
2011-06-22 05:00:00,109.72264
2011-06-22 06:00:00,125.18116
2011-06-22 07:00:00,171.9227
2011-06-22 08:00:00,215.45837
2011-06-22 09:00:00,210.53273
2011-06-22 10:00:00,226.41914
2011-06-22 11:00:00,216.51523
2011-06-22 12:00:00,261.02686
2011-06-22 13:00:00,237.40569
2011-06-22 14:00:00,269.22678
2011-06-22 15:00:00,237.36818
2011-06-22 16:00:00,243.72382
2011-06-22 17:00:00,266.8274
2011-06-22 18:00:00,260.25565
2011-06-22 19:00:00,274.85645
2011-06-22 20:00:00,209.04228
2011-06-22 21:00:00,204.33727
2011-06-22 22:00:00,218.96193
2011-06-22 23:00:00,225.73882
2011-06-23 00:00:00,234.08426
2011-06-23 01:00:00,221.31932
2011-06-23 02:00:00,221.31871
2011-06-23 03:00:00,196.51819
2011-06-23 04:00:00,170.84491
2011-06-23 05:00:00,196.51695
2011-06-23 06:00:00,196.51439
2011-06-23 07:00:00,213.89716
2011-06-23 08:00:00,224.28465
2011-06-23 09:00:00,212.71458
2011-06-23 10:00:00,250.88448
2011-06-23 11:00:00,248.7622
2011-06-23 12:00:00,252.38396
2011-06-23 13:00:00,253.56808
2011-06-23 14:00:00,251.9782
2011-06-23 15:00:00,262.10577
2011-06-23 16:00:00,216.99957
2011-06-23 17:00:00,187.88959
2011-06-23 18:00:00,187.40009
2011-06-23 19:00:00,187.88766
2011-06-23 20:00:00,196.35426
2011-06-23 21:00:00,198.61017
2011-06-23 22:00:00,196.35292
2011-06-23 23:00:00,210.92487
2011-06-24 00:00:00,190.08376
2011-06-24 01:00:00,177.26804
2011-06-24 02:00:00,177.26735
2011-06-24 03:00:00,158.93347
2011-06-24 04:00:00,147.9939
2011-06-24 05:00:00,97.31937
2011-06-24 06:00:00,157.7713
2011-06-24 07:00:00,169.25398
2011-06-24 08:00:00,195.00462
2011-06-24 09:00:00,232.73131
2011-06-24 10:00:00,378.211
2011-06-24 11:00:00,386.27094
2011-06-24 12:00:00,388.3599
2011-06-24 13:00:00,386.21143
2011-06-24 14:00:00,389.2414
2011-06-24 15:00:00,381.6004
2011-06-24 16:00:00,396.63757
2011-06-24 17:00:00,420.10712
2011-06-24 18:00:00,414.4106
2011-06-24 19:00:00,401.60904
2011-06-24 20:00:00,337.75424
2011-06-24 21:00:00,289.2232
2011-06-24 22:00:00,221.8142
2011-06-24 23:00:00,296.97324
2011-06-25 00:00:00,256.27368
2011-06-25 01:00:00,246.69572
2011-06-25 02:00:00,249.5618
2011-06-25 03:00:00,159.77666
2011-06-25 04:00:00,159.77545
2011-06-25 05:00:00,140.18102
2011-06-25 06:00:00,162.01068
2011-06-25 07:00:00,188.4682
2011-06-25 08:00:00,284.06088
2011-06-25 09:00:00,348.06232
2011-06-25 10:00:00,343.68045
2011-06-25 11:00:00,355.8743
2011-06-25 12:00:00,385.54095
2011-06-25 13:00:00,385.5416
2011-06-25 14:00:00,390.39227
2011-06-25 15:00:00,356.74423
2011-06-25 16:00:00,414.21744
2011-06-25 17:00:00,385.4662
2011-06-25 18:00:00,348.23557
2011-06-25 19:00:00,340.4622
2011-06-25 20:00:00,289.20425
2011-06-25 21:00:00,236.18626
2011-06-25 22:00:00,260.9722
2011-06-25 23:00:00,265.03036
2011-06-26 00:00:00,201.15276
2011-06-26 01:00:00,211.26727
2011-06-26 02:00:00,103.932434
2011-06-26 03:00:00,123.88325
2011-06-26 04:00:00,109.74818
2011-06-26 05:00:00,101.997025
2011-06-26 06:00:00,101.9968
2011-06-26 07:00:00,108.291275
2011-06-26 08:00:00,142.47366
2011-06-26 09:00:00,212.37903
2011-06-26 10:00:00,332.79184
2011-06-26 11:00:00,340.83978
2011-06-26 12:00:00,365.57343
2011-06-26 13:00:00,353.00583
2011-06-26 14:00:00,361.31702
2011-06-26 15:00:00,353.00662
2011-06-26 16:00:00,374.86234
2011-06-26 17:00:00,350.24866
2011-06-26 18:00:00,354.6799
2011-06-26 19:00:00,338.943
2011-06-26 20:00:00,280.93442
2011-06-26 21:00:00,263.8307
2011-06-26 22:00:00,282.8911
2011-06-26 23:00:00,259.17166
2011-06-27 00:00:00,137.76015
2011-06-27 01:00:00,103.65847
2011-06-27 02:00:00,103.65825
2011-06-27 03:00:00,103.658035
2011-06-27 04:00:00,84.40152
2011-06-27 05:00:00,88.34426
2011-06-27 06:00:00,95.870224
2011-06-27 07:00:00,103.68612
2011-06-27 08:00:00,132.11617
2011-06-27 09:00:00,184.48032
2011-06-27 10:00:00,243.27144
2011-06-27 11:00:00,194.25906
2011-06-27 12:00:00,184.47969
2011-06-27 13:00:00,194.89786
2011-06-27 14:00:00,225.7023
2011-06-27 15:00:00,170.63777
2011-06-27 16:00:00,187.5331
2011-06-27 17:00:00,232.79138
2011-06-27 18:00:00,180.81413
2011-06-27 19:00:00,210.66977
2011-06-27 20:00:00,152.01427
2011-06-27 21:00:00,174.85487
2011-06-27 22:00:00,121.530525
2011-06-27 23:00:00,121.530396
2011-06-28 00:00:00,80.59805
2011-06-28 01:00:00,96.64019
2011-06-28 02:00:00,96.63979
2011-06-28 03:00:00,96.6394
2011-06-28 04:00:00,96.63901
2011-06-28 05:00:00,81.391335
2011-06-28 06:00:00,79.90425
2011-06-28 07:00:00,188.12057
2011-06-28 08:00:00,122.388176
2011-06-28 09:00:00,208.3278
2011-06-28 10:00:00,212.96613
2011-06-28 11:00:00,186.10352
2011-06-28 12:00:00,290.81097
2011-06-28 13:00:00,198.2187
2011-06-28 14:00:00,281.12878
2011-06-28 15:00:00,196.75034
2011-06-28 16:00:00,270.9754
2011-06-28 17:00:00,235.78569
2011-06-28 18:00:00,256.52322
2011-06-28 19:00:00,239.49716
2011-06-28 20:00:00,193.07019
2011-06-28 21:00:00,228.51248
2011-06-28 22:00:00,175.42148
2011-06-28 23:00:00,173.95366
2011-06-29 00:00:00,192.25215
2011-06-29 01:00:00,187.39142
2011-06-29 02:00:00,124.387436
2011-06-29 03:00:00,103.94421
2011-06-29 04:00:00,103.94416
2011-06-29 05:00:00,102.5945
2011-06-29 06:00:00,144.38556
2011-06-29 07:00:00,294.37918
2011-06-29 08:00:00,336.73672
2011-06-29 09:00:00,327.70227
2011-06-29 10:00:00,330.96545
2011-06-29 11:00:00,354.13818
2011-06-29 12:00:00,352.70798
2011-06-29 13:00:00,337.52567
2011-06-29 14:00:00,362.4583
2011-06-29 15:00:00,348.2337
2011-06-29 16:00:00,352.77335
2011-06-29 17:00:00,373.62784
2011-06-29 18:00:00,326.85046
2011-06-29 19:00:00,336.1394
2011-06-29 20:00:00,321.85065
2011-06-29 21:00:00,346.81705
2011-06-29 22:00:00,351.09473
2011-06-29 23:00:00,337.3248
2011-06-30 00:00:00,323.1048
2011-06-30 01:00:00,239.17197
2011-06-30 02:00:00,102.328415
2011-06-30 03:00:00,150.56923
2011-06-30 04:00:00,228.91954
2011-06-30 05:00:00,172.0409
2011-06-30 06:00:00,173.59033
2011-06-30 07:00:00,171.12408
2011-06-30 08:00:00,343.09827
2011-06-30 09:00:00,334.6136
2011-06-30 10:00:00,347.60312
2011-06-30 11:00:00,366.23264
2011-06-30 12:00:00,345.11404
2011-06-30 13:00:00,370.50064
2011-06-30 14:00:00,370.87396
2011-06-30 15:00:00,362.5402
2011-06-30 16:00:00,368.125
2011-06-30 17:00:00,359.95724
2011-06-30 18:00:00,352.75732
2011-06-30 19:00:00,365.47937
2011-06-30 20:00:00,365.48035
2011-06-30 21:00:00,301.7533
2011-06-30 22:00:00,329.13416
2011-06-30 23:00:00,240.49666
2011-07-20 00:00:00,172.48964
2011-07-20 01:00:00,209.10172
2011-07-20 02:00:00,209.10284
2011-07-20 03:00:00,172.32733
2011-07-20 04:00:00,157.44704
2011-07-20 05:00:00,139.2118
2011-07-20 06:00:00,132.81343
2011-07-20 07:00:00,171.99615
2011-07-20 08:00:00,170.77112
2011-07-20 09:00:00,190.94559
2011-07-20 10:00:00,247.65363
2011-07-20 11:00:00,228.43724
2011-07-20 12:00:00,198.83429
2011-07-20 13:00:00,218.80527
2011-07-20 14:00:00,270.60968
2011-07-20 15:00:00,219.9153
2011-07-20 16:00:00,181.30118
2011-07-20 17:00:00,234.5661
2011-07-20 18:00:00,248.83469
2011-07-20 19:00:00,326.98764
2011-07-20 20:00:00,296.95123
2011-07-20 21:00:00,327.36566
2011-07-20 22:00:00,301.04855
2011-07-20 23:00:00,229.49582
2011-07-21 00:00:00,249.35431
2011-07-21 01:00:00,226.03914
2011-07-21 02:00:00,226.03885
2011-07-21 03:00:00,187.08542
2011-07-21 04:00:00,184.90042
2011-07-21 05:00:00,184.90002
2011-07-21 06:00:00,184.89963
2011-07-21 07:00:00,204.58783
2011-07-21 08:00:00,245.30261
2011-07-21 09:00:00,293.8243
2011-07-21 10:00:00,301.44763
2011-07-21 11:00:00,285.9722
2011-07-21 12:00:00,277.02277
2011-07-21 13:00:00,275.29218
2011-07-21 14:00:00,302.3515
2011-07-21 15:00:00,265.09317
2011-07-21 16:00:00,299.9059
2011-07-21 17:00:00,313.35468
2011-07-21 18:00:00,288.14053
2011-07-21 19:00:00,306.37286
2011-07-21 20:00:00,300.87747
2011-07-21 21:00:00,277.26862
2011-07-21 22:00:00,316.05
2011-07-21 23:00:00,322.53784
2011-07-22 00:00:00,274.5631
2011-07-22 01:00:00,226.69943
2011-07-22 02:00:00,254.15714
2011-07-22 03:00:00,266.8088
2011-07-22 04:00:00,232.69522
2011-07-22 05:00:00,184.94336
2011-07-22 06:00:00,223.03847
2011-07-22 07:00:00,322.92087
2011-07-22 08:00:00,274.92004
2011-07-22 09:00:00,250.09756
2011-07-22 10:00:00,173.54282
2011-07-22 11:00:00,210.44911
2011-07-22 12:00:00,224.03116
2011-07-22 13:00:00,226.4406
2011-07-22 14:00:00,327.081
2011-07-22 15:00:00,315.54044
2011-07-22 16:00:00,359.21515
2011-07-22 17:00:00,212.07393
2011-07-22 18:00:00,268.7472
2011-07-22 19:00:00,244.59807
2011-07-22 20:00:00,198.65079
2011-07-22 21:00:00,215.6534
2011-07-22 22:00:00,198.62267
2011-07-22 23:00:00,245.93765
2011-07-23 00:00:00,299.55316
2011-07-23 01:00:00,337.31375
2011-07-23 02:00:00,349.36694
2011-07-23 03:00:00,329.34552
2011-07-23 04:00:00,297.7747
2011-07-23 05:00:00,293.551
2011-07-23 06:00:00,347.53287
2011-07-23 07:00:00,341.95273
2011-07-23 08:00:00,346.00067
2011-07-23 09:00:00,348.6277
2011-07-23 10:00:00,347.8995
2011-07-23 11:00:00,343.54047
2011-07-23 12:00:00,327.64838
2011-07-23 13:00:00,334.64896
2011-07-23 14:00:00,337.29114
2011-07-23 15:00:00,340.94376
2011-07-23 16:00:00,327.29303
2011-07-23 17:00:00,327.29245
2011-07-23 18:00:00,332.219
2011-07-23 19:00:00,304.30786
2011-07-23 20:00:00,314.63718
2011-07-23 21:00:00,314.63675
2011-07-23 22:00:00,324.43765
2011-07-23 23:00:00,309.73822
2011-07-24 00:00:00,302.2599
2011-07-24 01:00:00,308.6728
2011-07-24 02:00:00,292.762
2011-07-24 03:00:00,292.76187
2011-07-24 04:00:00,309.1191
2011-07-24 05:00:00,312.1966
2011-07-24 06:00:00,292.9817
2011-07-24 07:00:00,305.32315
2011-07-24 08:00:00,321.89572
2011-07-24 09:00:00,324.00354
2011-07-24 10:00:00,325.51184
2011-07-24 11:00:00,331.92908
2011-07-24 12:00:00,322.36127
2011-07-24 13:00:00,329.7959
2011-07-24 14:00:00,335.42764
2011-07-24 15:00:00,323.73984
2011-07-24 16:00:00,323.85986
2011-07-24 17:00:00,320.2709
2011-07-24 18:00:00,329.34085
2011-07-24 19:00:00,329.91766
2011-07-24 20:00:00,341.581
2011-07-24 21:00:00,296.48892
2011-07-24 22:00:00,303.7466
2011-07-24 23:00:00,292.2318
2011-07-25 00:00:00,249.44888
2011-07-25 01:00:00,225.98851
2011-07-25 02:00:00,172.78088
2011-07-25 03:00:00,167.9266
2011-07-25 04:00:00,130.77385
2011-07-25 05:00:00,130.77386
2011-07-25 06:00:00,130.77386
2011-07-25 07:00:00,168.00615
2011-07-25 08:00:00,211.88698
2011-07-25 09:00:00,313.0513
2011-07-25 10:00:00,233.67976
2011-07-25 11:00:00,251.19408
2011-07-25 12:00:00,251.19354
2011-07-25 13:00:00,197.5519
2011-07-25 14:00:00,139.14897
2011-07-25 15:00:00,141.70964
2011-07-25 16:00:00,126.851524
2011-07-25 17:00:00,133.65
2011-07-25 18:00:00,188.23721
2011-07-25 19:00:00,207.0832
2011-07-25 20:00:00,114.94568
2011-07-25 21:00:00,134.26036
2011-07-25 22:00:00,134.26134
2011-07-25 23:00:00,103.51041
2011-07-26 00:00:00,75.787415
2011-07-26 01:00:00,75.78712
2011-07-26 02:00:00,114.5209
2011-07-26 03:00:00,118.75784
2011-07-26 04:00:00,111.847244
2011-07-26 05:00:00,105.35926
2011-07-26 06:00:00,167.147
2011-07-26 07:00:00,169.4106
2011-07-26 08:00:00,274.17145
2011-07-26 09:00:00,321.3297
2011-07-26 10:00:00,331.65753
2011-07-26 11:00:00,244.40288
2011-07-26 12:00:00,229.48172
2011-07-26 13:00:00,302.5225
2011-07-26 14:00:00,327.41766
2011-07-26 15:00:00,331.88602
2011-07-26 16:00:00,319.2281
2011-07-26 17:00:00,321.5786
2011-07-26 18:00:00,290.48727
2011-07-26 19:00:00,268.26102
2011-07-26 20:00:00,305.19003
2011-07-26 21:00:00,308.51764
2011-07-26 22:00:00,193.93056
2011-07-26 23:00:00,165.98787
2011-07-27 00:00:00,165.65793
2011-07-27 01:00:00,284.08157
2011-07-27 02:00:00,276.79248
2011-07-27 03:00:00,179.17674
2011-07-27 04:00:00,312.76483
2011-07-27 05:00:00,294.27713
2011-07-27 06:00:00,288.02048
2011-07-27 07:00:00,329.59897
2011-07-27 08:00:00,338.1614
2011-07-27 09:00:00,350.46063
2011-07-27 10:00:00,211.73085
2011-07-27 11:00:00,235.49977
2011-07-27 12:00:00,327.6646
2011-07-27 13:00:00,323.86526
2011-07-27 14:00:00,361.77625
2011-07-27 15:00:00,335.76807
2011-07-27 16:00:00,354.09433
2011-07-27 17:00:00,357.74548
2011-07-27 18:00:00,367.1844
2011-07-27 19:00:00,314.29678
2011-07-27 20:00:00,329.14462
2011-07-27 21:00:00,215.9007
2011-07-27 22:00:00,178.60892
2011-07-27 23:00:00,182.71964
2011-07-28 00:00:00,258.95108
2011-07-28 01:00:00,191.07066
2011-07-28 02:00:00,197.57059
2011-07-28 03:00:00,170.62721
2011-07-28 04:00:00,151.2721
2011-07-28 05:00:00,135.48087
2011-07-28 06:00:00,118.45542
2011-07-28 07:00:00,134.07231
2011-07-28 08:00:00,174.03798
2011-07-28 09:00:00,221.9064
2011-07-28 10:00:00,289.39468
2011-07-28 11:00:00,247.85008
2011-07-28 12:00:00,248.80025
2011-07-28 13:00:00,309.05508
2011-07-28 14:00:00,327.86816
2011-07-28 15:00:00,269.6088
2011-07-28 16:00:00,213.02145
2011-07-28 17:00:00,233.85449
2011-07-28 18:00:00,230.98898
2011-07-28 19:00:00,227.69421
2011-07-28 20:00:00,237.3007
2011-07-28 21:00:00,279.0637
2011-07-28 22:00:00,277.44962
2011-07-28 23:00:00,252.32289
2011-07-29 00:00:00,207.37143
2011-07-29 01:00:00,181.36244
2011-07-29 02:00:00,175.96199
2011-07-29 03:00:00,175.96284
2011-07-29 04:00:00,180.4782
2011-07-29 05:00:00,189.812
2011-07-29 06:00:00,190.02591
2011-07-29 07:00:00,178.13208
2011-07-29 08:00:00,226.12418
2011-07-29 09:00:00,338.3019
2011-07-29 10:00:00,339.55832
2011-07-29 11:00:00,346.3062
2011-07-29 12:00:00,357.44373
2011-07-29 13:00:00,262.6548
2011-07-29 14:00:00,339.34183
2011-07-29 15:00:00,350.15088
2011-07-29 16:00:00,349.8217
2011-07-29 17:00:00,351.68228
2011-07-29 18:00:00,356.19693
2011-07-29 19:00:00,325.68155
2011-07-29 20:00:00,364.168
2011-07-29 21:00:00,236.24373
2011-07-29 22:00:00,332.1706
2011-07-29 23:00:00,178.31825
2011-07-30 00:00:00,349.46774
2011-07-30 01:00:00,344.2948
2011-07-30 02:00:00,339.99823
2011-07-30 03:00:00,266.13977
2011-07-30 04:00:00,178.90193
2011-07-30 05:00:00,185.21559
2011-07-30 06:00:00,188.68784
2011-07-30 07:00:00,311.93027
2011-07-30 08:00:00,317.50394
2011-07-30 09:00:00,342.7533
2011-07-30 10:00:00,348.49
2011-07-30 11:00:00,350.38135
2011-07-30 12:00:00,357.364
2011-07-30 13:00:00,363.50104
2011-07-30 14:00:00,357.99557
2011-07-30 15:00:00,337.49274
2011-07-30 16:00:00,344.6103
2011-07-30 17:00:00,339.72696
2011-07-30 18:00:00,350.67258
2011-07-30 19:00:00,369.84286
2011-07-30 20:00:00,346.5768
2011-07-30 21:00:00,360.3503
2011-07-30 22:00:00,337.54013
2011-07-30 23:00:00,344.16672
2011-07-31 00:00:00,339.55878
2011-07-31 01:00:00,248.89299
2011-07-31 02:00:00,247.33266
2011-07-31 03:00:00,241.74933
2011-07-31 04:00:00,149.38771
2011-07-31 05:00:00,149.44221
2011-07-31 06:00:00,242.42917
2011-07-31 07:00:00,260.7963
2011-07-31 08:00:00,350.4473
2011-07-31 09:00:00,356.30005
2011-07-31 10:00:00,344.32004
2011-07-31 11:00:00,345.106
2011-07-31 12:00:00,339.39667
2011-07-31 13:00:00,338.00162
2011-07-31 14:00:00,341.37943
2011-07-31 15:00:00,330.00458
2011-07-31 16:00:00,329.5307
2011-07-31 17:00:00,335.05206
2011-07-31 18:00:00,331.4721
2011-07-31 19:00:00,349.97278
2011-07-31 20:00:00,349.9725
2011-07-31 21:00:00,325.74268
2011-07-31 22:00:00,263.71695
2011-07-31 23:00:00,247.31386
2011-08-20 00:00:00,72.59575
2011-08-20 01:00:00,52.25014
2011-08-20 02:00:00,58.457108
2011-08-20 03:00:00,58.456867
2011-08-20 04:00:00,72.59625
2011-08-20 05:00:00,55.73056
2011-08-20 06:00:00,78.692345
2011-08-20 07:00:00,52.250454
2011-08-20 08:00:00,124.31746
2011-08-20 09:00:00,166.85886
2011-08-20 10:00:00,232.3559
2011-08-20 11:00:00,231.71371
2011-08-20 12:00:00,300.54297
2011-08-20 13:00:00,336.80447
2011-08-20 14:00:00,339.40375
2011-08-20 15:00:00,340.7754
2011-08-20 16:00:00,337.43958
2011-08-20 17:00:00,339.40402
2011-08-20 18:00:00,327.0765
2011-08-20 19:00:00,299.0503
2011-08-20 20:00:00,297.47583
2011-08-20 21:00:00,219.41563
2011-08-20 22:00:00,202.83543
2011-08-20 23:00:00,168.38284
2011-08-21 00:00:00,195.92165
2011-08-21 01:00:00,215.09686
2011-08-21 02:00:00,198.34702
2011-08-21 03:00:00,147.06781
2011-08-21 04:00:00,190.99286
2011-08-21 05:00:00,99.787346
2011-08-21 06:00:00,90.51575
2011-08-21 07:00:00,196.81177
2011-08-21 08:00:00,226.67743
2011-08-21 09:00:00,233.24532
2011-08-21 10:00:00,249.94003
2011-08-21 11:00:00,337.23386
2011-08-21 12:00:00,334.0568
2011-08-21 13:00:00,352.90897
2011-08-21 14:00:00,231.08409
2011-08-21 15:00:00,174.81085
2011-08-21 16:00:00,202.31749
2011-08-21 17:00:00,198.45062
2011-08-21 18:00:00,234.15437
2011-08-21 19:00:00,215.8353
2011-08-21 20:00:00,224.29375
2011-08-21 21:00:00,224.29272
2011-08-21 22:00:00,212.60509
2011-08-21 23:00:00,178.53851
2011-08-22 00:00:00,170.41904
2011-08-22 01:00:00,149.05193
2011-08-22 02:00:00,187.14908
2011-08-22 03:00:00,197.37941
2011-08-22 04:00:00,151.38776
2011-08-22 05:00:00,177.8034
2011-08-22 06:00:00,179.85382
2011-08-22 07:00:00,182.27074
2011-08-22 08:00:00,182.27013
2011-08-22 09:00:00,328.0657
2011-08-22 10:00:00,346.55627
2011-08-22 11:00:00,352.70294
2011-08-22 12:00:00,329.97195
2011-08-22 13:00:00,379.0314
2011-08-22 14:00:00,359.9318
2011-08-22 15:00:00,400.1133
2011-08-22 16:00:00,359.9364
2011-08-22 17:00:00,403.7649
2011-08-22 18:00:00,408.56042
2011-08-22 19:00:00,398.8438
2011-08-22 20:00:00,342.8498
2011-08-22 21:00:00,319.89856
2011-08-22 22:00:00,359.16675
2011-08-22 23:00:00,355.6673
2011-08-23 00:00:00,291.61523
2011-08-23 01:00:00,297.33133
2011-08-23 02:00:00,264.81363
2011-08-23 03:00:00,255.51419
2011-08-23 04:00:00,220.21939
2011-08-23 05:00:00,211.97296
2011-08-23 06:00:00,202.53593
2011-08-23 07:00:00,279.95483
2011-08-23 08:00:00,236.47948
2011-08-23 09:00:00,266.45712
2011-08-23 10:00:00,226.63431
2011-08-23 11:00:00,261.74872
2011-08-23 12:00:00,227.40002
2011-08-23 13:00:00,367.28302
2011-08-23 14:00:00,358.71323
2011-08-23 15:00:00,357.14264
2011-08-23 16:00:00,348.41025
2011-08-23 17:00:00,357.14462
2011-08-23 18:00:00,331.50638
2011-08-23 19:00:00,363.8373
2011-08-23 20:00:00,309.3326
2011-08-23 21:00:00,167.26373
2011-08-23 22:00:00,168.90541
2011-08-23 23:00:00,199.67157
2011-08-24 00:00:00,158.31165
2011-08-24 01:00:00,174.92052
2011-08-24 02:00:00,233.03981
2011-08-24 03:00:00,233.07892
2011-08-24 04:00:00,96.767494
2011-08-24 05:00:00,96.7668
2011-08-24 06:00:00,84.20863
2011-08-24 07:00:00,168.90259
2011-08-24 08:00:00,157.61707
2011-08-24 09:00:00,160.29907
2011-08-24 10:00:00,191.40802
2011-08-24 11:00:00,278.71262
2011-08-24 12:00:00,279.46725
2011-08-24 13:00:00,314.0409
2011-08-24 14:00:00,314.04156
2011-08-24 15:00:00,306.05597
2011-08-24 16:00:00,290.86868
2011-08-24 17:00:00,289.12662
2011-08-24 18:00:00,284.9343
2011-08-24 19:00:00,284.93408
2011-08-24 20:00:00,210.68777
2011-08-24 21:00:00,177.39388
2011-08-24 22:00:00,158.22061
2011-08-24 23:00:00,126.05026
2011-08-25 00:00:00,189.97403
2011-08-25 01:00:00,135.69861
2011-08-25 02:00:00,134.78122
2011-08-25 03:00:00,212.74431
2011-08-25 04:00:00,197.16832
2011-08-25 05:00:00,177.32649
2011-08-25 06:00:00,178.84796
2011-08-25 07:00:00,216.29182
2011-08-25 08:00:00,171.59651
2011-08-25 09:00:00,162.05807
2011-08-25 10:00:00,213.09036
2011-08-25 11:00:00,177.87267
2011-08-25 12:00:00,177.87321
2011-08-25 13:00:00,151.05228
2011-08-25 14:00:00,174.50015
2011-08-25 15:00:00,205.83646
2011-08-25 16:00:00,190.51103
2011-08-25 17:00:00,190.51152
2011-08-25 18:00:00,172.36803
2011-08-25 19:00:00,190.25754
2011-08-25 20:00:00,178.4355
2011-08-25 21:00:00,108.88215
2011-08-25 22:00:00,86.56686
2011-08-25 23:00:00,86.894356
2011-08-26 00:00:00,86.06606
2011-08-26 01:00:00,71.5515
2011-08-26 02:00:00,107.179955
2011-08-26 03:00:00,95.64015
2011-08-26 04:00:00,96.84925
2011-08-26 05:00:00,96.849396
2011-08-26 06:00:00,96.84953
2011-08-26 07:00:00,51.829536
2011-08-26 08:00:00,220.19229
2011-08-26 09:00:00,170.098
2011-08-26 10:00:00,196.16013
2011-08-26 11:00:00,221.3688
2011-08-26 12:00:00,245.34084
2011-08-26 13:00:00,234.13565
2011-08-26 14:00:00,247.97849
2011-08-26 15:00:00,278.15665
2011-08-26 16:00:00,239.45235
2011-08-26 17:00:00,211.10175
2011-08-26 18:00:00,195.34439
2011-08-26 19:00:00,171.398
2011-08-26 20:00:00,175.73209
2011-08-26 21:00:00,172.12556
2011-08-26 22:00:00,171.39723
2011-08-26 23:00:00,162.6241
2011-08-27 00:00:00,167.16005
2011-08-27 01:00:00,184.54765
2011-08-27 02:00:00,171.95682
2011-08-27 03:00:00,184.50566
2011-08-27 04:00:00,184.51338
2011-08-27 05:00:00,180.221
2011-08-27 06:00:00,180.41066
2011-08-27 07:00:00,184.87773
2011-08-27 08:00:00,173.54196
2011-08-27 09:00:00,181.77599
2011-08-27 10:00:00,232.99991
2011-08-27 11:00:00,111.23006
2011-08-27 12:00:00,174.8599
2011-08-27 13:00:00,169.0761
2011-08-27 14:00:00,81.71074
2011-08-27 15:00:00,81.7099
2011-08-27 16:00:00,82.80453
2011-08-27 17:00:00,102.546906
2011-08-28 07:00:00,112.27596
2011-08-28 08:00:00,119.59058
2011-08-28 09:00:00,201.74516
2011-08-28 10:00:00,228.59093
2011-08-28 11:00:00,211.66013
2011-08-28 12:00:00,334.70068
2011-08-28 13:00:00,371.2755
2011-08-28 14:00:00,340.71625
2011-08-28 15:00:00,345.30338
2011-08-28 16:00:00,336.71616
2011-08-28 17:00:00,370.91226
2011-08-28 18:00:00,366.13116
2011-08-28 19:00:00,315.64462
2011-08-28 20:00:00,315.72876
2011-08-28 21:00:00,129.51863
2011-08-28 22:00:00,125.99166
2011-08-28 23:00:00,68.33705
2011-08-29 00:00:00,101.5072
2011-08-29 01:00:00,190.17169
2011-08-29 02:00:00,184.50826
2011-08-29 03:00:00,190.18805
2011-08-29 04:00:00,210.59903
2011-08-29 05:00:00,117.36311
2011-08-29 06:00:00,117.36278
2011-08-29 07:00:00,180.37093
2011-08-29 08:00:00,177.55978
2011-08-29 09:00:00,297.85013
2011-08-29 10:00:00,362.1066
2011-08-29 11:00:00,319.845
2011-08-29 12:00:00,324.43924
2011-08-29 13:00:00,226.92673
2011-08-29 14:00:00,228.67328
2011-08-29 15:00:00,329.5493
2011-08-29 16:00:00,323.76614
2011-08-29 17:00:00,348.88327
2011-08-29 18:00:00,366.47195
2011-08-29 19:00:00,366.48026
2011-08-29 20:00:00,286.6262
2011-08-29 21:00:00,305.19656
2011-08-29 22:00:00,172.92947
2011-08-29 23:00:00,177.582
2011-08-30 00:00:00,117.47432
2011-08-30 01:00:00,166.40878
2011-08-30 02:00:00,91.84841
2011-08-30 03:00:00,124.11385
2011-08-30 04:00:00,105.05996
2011-08-30 05:00:00,90.43931
2011-08-30 06:00:00,91.846565
2011-08-30 07:00:00,208.86261
2011-08-30 08:00:00,160.9319
2011-08-30 09:00:00,350.36142
2011-08-30 10:00:00,337.5184
2011-08-30 11:00:00,331.5128
2011-08-30 12:00:00,229.28914
2011-08-30 13:00:00,269.82092
2011-08-30 14:00:00,332.9393
2011-08-30 15:00:00,357.58566
2011-08-30 16:00:00,305.6289
2011-08-30 17:00:00,345.87738
2011-08-30 18:00:00,319.90244
2011-08-30 19:00:00,254.3774
2011-08-30 20:00:00,264.15085
2011-08-30 21:00:00,170.15688
2011-08-30 22:00:00,167.5475
2011-08-30 23:00:00,167.69257
2011-08-31 00:00:00,151.53497
2011-08-31 01:00:00,151.6086
2011-08-31 02:00:00,78.77284
2011-08-31 03:00:00,89.54189
2011-08-31 04:00:00,78.77156
2011-08-31 05:00:00,87.85807
2011-08-31 06:00:00,81.62754
2011-08-31 07:00:00,81.565094
2011-08-31 08:00:00,140.8717
2011-08-31 09:00:00,135.3775
2011-08-31 10:00:00,214.27884
2011-08-31 11:00:00,272.40204
2011-08-31 12:00:00,252.12701
2011-08-31 13:00:00,251.67746
2011-08-31 14:00:00,273.7651
2011-08-31 15:00:00,273.76596
2011-08-31 16:00:00,252.49442
2011-08-31 17:00:00,277.5796
2011-08-31 18:00:00,330.78647
2011-08-31 19:00:00,327.76114
2011-08-31 20:00:00,170.07448
2011-08-31 21:00:00,162.50432
2011-08-31 22:00:00,138.28403
2011-08-31 23:00:00,88.81698
2011-09-20 00:00:00,112.46441
2011-09-20 01:00:00,122.38888
2011-09-20 02:00:00,122.389114
2011-09-20 03:00:00,206.18982
2011-09-20 04:00:00,128.22289
2011-09-20 05:00:00,128.22316
2011-09-20 06:00:00,128.22342
2011-09-20 07:00:00,122.39033
2011-09-20 08:00:00,66.87883
2011-09-20 09:00:00,66.14807
2011-09-20 10:00:00,121.30552
2011-09-20 11:00:00,121.30566
2011-09-20 12:00:00,85.62554
2011-09-20 13:00:00,86.77199
2011-09-20 14:00:00,126.30282
2011-09-20 15:00:00,183.27443
2011-09-20 16:00:00,179.84207
2011-09-20 17:00:00,213.64745
2011-09-20 18:00:00,213.64798
2011-09-20 19:00:00,109.69358
2011-09-20 20:00:00,96.048996
2011-09-20 21:00:00,96.04937
2011-09-20 22:00:00,96.04974
2011-09-20 23:00:00,96.05011
2011-09-21 00:00:00,94.889984
2011-09-21 01:00:00,79.15435
2011-09-21 02:00:00,79.154724
2011-09-21 03:00:00,65.03902
2011-09-21 04:00:00,86.82419
2011-09-21 05:00:00,86.46773
2011-09-21 06:00:00,84.22101
2011-09-21 07:00:00,84.22143
2011-09-21 08:00:00,78.74571
2011-09-21 09:00:00,80.02899
2011-09-21 10:00:00,111.11548
2011-09-21 11:00:00,171.1428
2011-09-21 12:00:00,155.99991
2011-09-21 13:00:00,204.66707
2011-09-21 14:00:00,218.79271
2011-09-21 15:00:00,206.96313
2011-09-21 16:00:00,206.96313
2011-09-21 17:00:00,204.66736
2011-09-21 18:00:00,172.1857
2011-09-21 19:00:00,106.510376
2011-09-21 20:00:00,106.5108
2011-09-21 21:00:00,85.98256
2011-09-21 22:00:00,106.51168
2011-09-21 23:00:00,78.88008
2011-09-22 00:00:00,91.33998
2011-09-22 01:00:00,85.87097
2011-09-22 02:00:00,91.34023
2011-09-22 03:00:00,85.87116
2011-09-22 04:00:00,85.87126
2011-09-22 05:00:00,91.340614
2011-09-22 06:00:00,93.44999
2011-09-22 07:00:00,91.011345
2011-09-22 08:00:00,95.86355
2011-09-22 09:00:00,109.357
2011-09-22 10:00:00,135.71725
2011-09-22 11:00:00,127.34059
2011-09-22 12:00:00,213.91438
2011-09-22 13:00:00,198.16139
2011-09-22 14:00:00,213.9766
2011-09-22 15:00:00,236.59698
2011-09-22 16:00:00,202.1855
2011-09-22 17:00:00,199.1403
2011-09-22 18:00:00,175.29855
2011-09-22 19:00:00,111.105774
2011-09-22 20:00:00,103.96688
2011-09-22 21:00:00,111.10587
2011-09-22 22:00:00,97.18102
2011-09-22 23:00:00,112.074524
2011-09-23 00:00:00,82.76371
2011-09-23 01:00:00,95.349396
2011-09-23 02:00:00,76.770905
2011-09-23 03:00:00,95.34941
2011-09-23 04:00:00,95.34941
2011-09-23 05:00:00,89.56718
2011-09-23 06:00:00,82.76503
2011-09-23 07:00:00,88.698296
2011-09-23 08:00:00,88.69833
2011-09-23 09:00:00,81.64057
2011-09-23 10:00:00,81.237236
2011-09-23 11:00:00,81.23735
2011-09-23 12:00:00,80.94961
2011-09-23 13:00:00,85.11698
2011-09-23 14:00:00,85.117035
2011-09-23 15:00:00,80.949875
2011-09-23 16:00:00,89.56741
2011-09-23 17:00:00,95.62786
2011-09-23 18:00:00,95.62785
2011-09-23 19:00:00,88.69867
2011-09-23 20:00:00,86.58285
2011-09-23 21:00:00,79.56964
2011-09-23 22:00:00,78.75993
2011-09-23 23:00:00,81.72967
2011-09-24 00:00:00,82.912926
2011-09-24 01:00:00,78.1685
2011-09-24 02:00:00,78.16834
2011-09-24 03:00:00,83.41146
2011-09-24 04:00:00,74.911766
2011-09-24 05:00:00,74.9116
2011-09-24 06:00:00,74.91143
2011-09-24 07:00:00,83.84312
2011-09-24 08:00:00,90.87179
2011-09-24 09:00:00,82.804985
2011-09-24 10:00:00,82.905846
2011-09-24 11:00:00,151.7668
2011-09-24 12:00:00,151.76653
2011-09-24 13:00:00,167.5258
2011-09-24 14:00:00,222.67305
2011-09-24 15:00:00,222.67282
2011-09-24 16:00:00,176.86426
2011-09-24 17:00:00,218.55498
2011-09-24 18:00:00,181.54245
2011-09-24 19:00:00,86.28396
2011-09-24 20:00:00,141.99661
2011-09-24 21:00:00,151.76396
2011-09-24 22:00:00,86.28327
2011-09-24 23:00:00,82.8536
2011-09-25 00:00:00,85.674934
2011-09-25 01:00:00,83.93146
2011-09-25 02:00:00,79.80896
2011-09-25 03:00:00,79.80874
2011-09-25 04:00:00,79.970055
2011-09-25 05:00:00,84.50781
2011-09-25 06:00:00,84.57088
2011-09-25 07:00:00,79.969315
2011-09-25 08:00:00,88.34638
2011-09-25 09:00:00,138.91763
2011-09-25 10:00:00,138.91725
2011-09-25 11:00:00,204.46169
2011-09-25 12:00:00,205.88774
2011-09-25 13:00:00,226.64499
2011-09-25 14:00:00,205.88712
2011-09-25 15:00:00,205.8868
2011-09-25 16:00:00,260.87332
2011-09-25 17:00:00,226.65787
2011-09-25 18:00:00,226.65767
2011-09-25 19:00:00,170.40839
2011-09-25 20:00:00,150.65373
2011-09-25 21:00:00,93.356224
2011-09-25 22:00:00,81.06673
2011-09-25 23:00:00,92.567924
2011-09-26 00:00:00,78.814896
2011-09-26 01:00:00,80.10847
2011-09-26 02:00:00,80.108795
2011-09-26 03:00:00,78.81624
2011-09-26 04:00:00,56.82476
2011-09-26 05:00:00,63.07647
2011-09-26 06:00:00,56.82525
2011-09-26 07:00:00,78.81804
2011-09-26 08:00:00,78.81849
2011-09-26 09:00:00,94.739395
2011-09-26 10:00:00,94.73961
2011-09-26 11:00:00,214.51045
2011-09-26 12:00:00,210.46596
2011-09-26 13:00:00,247.93402
2011-09-26 14:00:00,232.85515
2011-09-26 15:00:00,320.254
2011-09-26 16:00:00,230.78297
2011-09-26 17:00:00,213.29155
2011-09-26 18:00:00,177.75497
2011-09-26 19:00:00,187.7569
2011-09-26 20:00:00,83.74681
2011-09-26 21:00:00,83.747154
2011-09-26 22:00:00,63.688972
2011-09-26 23:00:00,63.689194
2011-09-27 00:00:00,69.09689
2011-09-27 01:00:00,71.45424
2011-09-27 02:00:00,58.048214
2011-09-27 03:00:00,82.59874
2011-09-27 04:00:00,60.96868
2011-09-27 05:00:00,60.968925
2011-09-27 06:00:00,58.048973
2011-09-27 07:00:00,58.04916
2011-09-27 08:00:00,74.00453
2011-09-27 09:00:00,101.6861
2011-09-27 10:00:00,68.32898
2011-09-27 11:00:00,93.384895
2011-09-27 12:00:00,118.370346
2011-09-27 13:00:00,274.123
2011-09-27 14:00:00,186.48843
2011-09-27 15:00:00,193.03107
2011-09-27 16:00:00,165.885
2011-09-27 17:00:00,121.71211
2011-09-27 18:00:00,116.46081
2011-09-27 19:00:00,86.60595
2011-09-27 20:00:00,162.85593
2011-09-27 21:00:00,153.44038
2011-09-27 22:00:00,91.3008
2011-09-27 23:00:00,91.30102
2011-09-28 00:00:00,91.386734
2011-09-28 01:00:00,91.3868
2011-09-28 02:00:00,96.49017
2011-09-28 03:00:00,61.36332
2011-09-28 04:00:00,91.38704
2011-09-28 05:00:00,74.88126
2011-09-28 06:00:00,64.733055
2011-09-28 07:00:00,64.73293
2011-09-28 08:00:00,75.139366
2011-09-28 09:00:00,75.13936
2011-09-28 10:00:00,81.444855
2011-09-28 11:00:00,181.18361
2011-09-28 12:00:00,218.55133
2011-09-28 13:00:00,251.719
2011-09-28 14:00:00,323.2533
2011-09-28 15:00:00,234.18433
2011-09-28 16:00:00,243.24683
2011-09-28 17:00:00,245.05319
2011-09-28 18:00:00,171.05872
2011-09-28 19:00:00,171.0591
2011-09-28 20:00:00,149.22552
2011-09-28 21:00:00,96.490814
2011-09-28 22:00:00,93.818535
2011-09-28 23:00:00,68.74845
2011-09-29 00:00:00,70.49635
2011-09-29 01:00:00,74.634834
2011-09-29 02:00:00,74.634796
2011-09-29 03:00:00,70.49623
2011-09-29 04:00:00,97.15468
2011-09-29 05:00:00,94.48049
2011-09-29 06:00:00,96.65932
2011-09-29 07:00:00,94.9268
2011-09-29 08:00:00,133.47786
2011-09-29 09:00:00,195.41142
2011-09-29 10:00:00,196.9858
2011-09-29 11:00:00,219.17517
2011-09-29 12:00:00,217.79716
2011-09-29 13:00:00,214.98698
2011-09-29 14:00:00,343.91922
2011-09-29 15:00:00,328.16498
2011-09-29 16:00:00,325.04434
2011-09-29 17:00:00,325.35568
2011-09-29 18:00:00,322.74142
2011-09-29 19:00:00,281.89948
2011-09-29 20:00:00,273.12726
2011-09-29 21:00:00,226.88632
2011-09-29 22:00:00,159.07077
2011-09-29 23:00:00,143.15213
2011-09-30 00:00:00,151.42787
2011-09-30 01:00:00,145.5615
2011-09-30 02:00:00,151.42752
2011-09-30 03:00:00,151.42735
2011-09-30 04:00:00,136.71208
2011-09-30 05:00:00,136.3092
2011-09-30 06:00:00,151.69931
2011-09-30 07:00:00,151.69913
2011-09-30 08:00:00,142.17242
2011-09-30 09:00:00,98.72032
2011-09-30 10:00:00,228.90114
2011-09-30 11:00:00,231.01689
2011-09-30 12:00:00,262.41577
2011-09-30 13:00:00,334.67575
2011-09-30 14:00:00,331.38538
2011-09-30 15:00:00,346.8132
2011-09-30 16:00:00,310.74664
2011-09-30 17:00:00,304.17773
2011-09-30 18:00:00,261.24548
2011-09-30 19:00:00,204.81776
2011-09-30 20:00:00,204.81754
2011-09-30 21:00:00,183.88182
2011-09-30 22:00:00,180.0199
2011-09-30 23:00:00,180.01968
2011-10-20 00:00:00,110.5579
2011-10-20 01:00:00,116.969086
2011-10-20 02:00:00,118.15591
2011-10-20 03:00:00,85.88704
2011-10-20 04:00:00,85.88678
2011-10-20 05:00:00,93.6856
2011-10-20 06:00:00,90.53472
2011-10-20 07:00:00,86.61999
2011-10-20 08:00:00,108.03592
2011-10-20 09:00:00,109.48601
2011-10-20 10:00:00,165.10522
2011-10-20 11:00:00,166.10765
2011-10-20 12:00:00,166.36005
2011-10-20 13:00:00,203.4539
2011-10-20 14:00:00,165.62172
2011-10-20 15:00:00,202.69473
2011-10-20 16:00:00,202.69458
2011-10-20 17:00:00,168.00494
2011-10-20 18:00:00,173.00398
2011-10-20 19:00:00,168.53342
2011-10-20 20:00:00,171.76122
2011-10-20 21:00:00,151.11833
2011-10-20 22:00:00,150.9872
2011-10-20 23:00:00,138.99797
2011-10-21 00:00:00,149.50423
2011-10-21 01:00:00,151.11967
2011-10-21 02:00:00,105.88627
2011-10-21 03:00:00,105.75207
2011-10-21 04:00:00,110.20711
2011-10-21 05:00:00,91.10421
2011-10-21 06:00:00,110.290535
2011-10-21 07:00:00,110.29039
2011-10-21 08:00:00,138.93799
2011-10-21 09:00:00,122.43095
2011-10-21 10:00:00,175.1754
2011-10-21 11:00:00,182.45946
2011-10-21 12:00:00,192.21002
2011-10-21 13:00:00,166.37184
2011-10-21 14:00:00,240.90465
2011-10-21 15:00:00,194.83919
2011-10-21 16:00:00,199.37807
2011-10-21 17:00:00,181.03851
2011-10-21 18:00:00,154.00305
2011-10-21 19:00:00,139.20544
2011-10-21 20:00:00,154.02791
2011-10-21 21:00:00,121.69169
2011-10-21 22:00:00,131.32191
2011-10-21 23:00:00,151.09427
2011-10-22 00:00:00,127.19228
2011-10-22 01:00:00,127.19173
2011-10-22 02:00:00,143.69106
2011-10-22 03:00:00,106.34999
2011-10-22 04:00:00,97.548195
2011-10-22 05:00:00,93.97372
2011-10-22 06:00:00,92.329346
2011-10-22 07:00:00,93.24933
2011-10-22 08:00:00,88.65593
2011-10-22 09:00:00,95.5853
2011-10-22 10:00:00,138.1015
2011-10-22 11:00:00,138.10104
2011-10-22 12:00:00,149.89726
2011-10-22 13:00:00,199.48079
2011-10-22 14:00:00,187.34459
2011-10-22 15:00:00,201.52043
2011-10-22 16:00:00,197.20422
2011-10-22 17:00:00,151.41385
2011-10-22 18:00:00,137.99156
2011-10-22 19:00:00,103.19969
2011-10-22 20:00:00,90.88006
2011-10-22 21:00:00,83.86477
2011-10-22 22:00:00,83.910706
2011-10-22 23:00:00,69.727356
2011-10-23 00:00:00,103.90934
2011-10-23 01:00:00,103.90919
2011-10-23 02:00:00,99.662094
2011-10-23 03:00:00,108.23838
2011-10-23 04:00:00,108.23823
2011-10-23 05:00:00,106.38403
2011-10-23 06:00:00,102.9986
2011-10-23 07:00:00,99.86329
2011-10-23 08:00:00,91.80804
2011-10-23 09:00:00,82.93275
2011-10-23 10:00:00,102.0081
2011-10-23 11:00:00,111.70449
2011-10-23 12:00:00,188.52966
2011-10-23 13:00:00,177.52795
2011-10-23 14:00:00,182.09999
2011-10-23 15:00:00,186.4553
2011-10-23 16:00:00,177.66289
2011-10-23 17:00:00,185.30814
2011-10-23 18:00:00,185.81834
2011-10-23 19:00:00,104.79784
2011-10-23 20:00:00,108.12917
2011-10-23 21:00:00,108.128845
2011-10-23 22:00:00,91.862175
2011-10-23 23:00:00,73.812584
2011-10-24 00:00:00,129.68927
2011-10-24 01:00:00,103.10501
2011-10-24 02:00:00,116.79308
2011-10-24 03:00:00,114.42135
2011-10-24 04:00:00,116.113464
2011-10-24 05:00:00,133.92757
2011-10-24 06:00:00,116.60452
2011-10-24 07:00:00,68.535736
2011-10-24 08:00:00,115.15157
2011-10-24 09:00:00,110.56397
2011-10-24 10:00:00,123.47633
2011-10-24 11:00:00,143.65211
2011-10-24 12:00:00,208.08342
2011-10-24 13:00:00,174.73927
2011-10-24 14:00:00,176.75706
2011-10-24 15:00:00,186.97511
2011-10-24 16:00:00,176.78459
2011-10-24 17:00:00,176.78027
2011-10-24 18:00:00,181.86899
2011-10-24 19:00:00,110.20266
2011-10-24 20:00:00,137.20993
2011-10-24 21:00:00,132.68748
2011-10-24 22:00:00,99.98855
2011-10-24 23:00:00,157.12508
2011-10-25 00:00:00,126.95396
2011-10-25 01:00:00,126.9539
2011-10-25 02:00:00,98.87309
2011-10-25 03:00:00,112.771255
2011-10-25 04:00:00,112.49414
2011-10-25 05:00:00,112.49411
2011-10-25 06:00:00,105.91644
2011-10-25 07:00:00,99.69644
2011-10-25 08:00:00,147.11472
2011-10-25 09:00:00,216.9129
2011-10-25 10:00:00,258.8444
2011-10-25 11:00:00,175.36407
2011-10-25 12:00:00,207.5987
2011-10-25 13:00:00,221.43161
2011-10-25 14:00:00,206.66927
2011-10-25 15:00:00,154.49701
2011-10-25 16:00:00,184.05997
2011-10-25 17:00:00,154.49803
2011-10-25 18:00:00,177.6908
2011-10-25 19:00:00,181.44975
2011-10-25 20:00:00,160.32089
2011-10-25 21:00:00,148.77538
2011-10-25 22:00:00,175.16154
2011-10-25 23:00:00,148.77498
2011-10-26 00:00:00,109.291245
2011-10-26 01:00:00,134.34895
2011-10-26 02:00:00,145.94078
2011-10-26 03:00:00,143.41907
2011-10-26 04:00:00,109.307335
2011-10-26 05:00:00,107.25227
2011-10-26 06:00:00,107.25195
2011-10-26 07:00:00,104.26493
2011-10-26 08:00:00,152.84683
2011-10-26 09:00:00,176.65623
2011-10-26 10:00:00,147.0081
2011-10-26 11:00:00,124.14741
2011-10-26 12:00:00,220.04424
2011-10-26 13:00:00,227.06512
2011-10-26 14:00:00,125.69573
2011-10-26 15:00:00,125.69578
2011-10-26 16:00:00,135.7392
2011-10-26 17:00:00,141.72647
2011-10-26 18:00:00,48.759747
2011-10-26 19:00:00,108.70559
2011-10-26 20:00:00,127.5656
2011-10-26 21:00:00,125.69607
2011-10-26 22:00:00,144.26761
2011-10-26 23:00:00,144.26753
2011-10-27 00:00:00,92.08397
2011-10-27 01:00:00,92.08382
2011-10-27 02:00:00,92.083664
2011-10-27 03:00:00,92.083496
2011-10-27 04:00:00,135.0761
2011-10-27 05:00:00,145.9437
2011-10-27 06:00:00,111.62114
2011-10-27 07:00:00,63.486954
2011-10-27 08:00:00,128.77763
2011-10-27 09:00:00,71.464584
2011-10-27 10:00:00,127.598465
2011-10-27 11:00:00,129.14287
2011-10-27 12:00:00,129.52193
2011-10-27 13:00:00,125.626915
2011-10-27 14:00:00,106.16574
2011-10-27 15:00:00,134.08151
2011-10-27 16:00:00,84.07861
2011-10-27 17:00:00,129.21288
2011-10-27 18:00:00,146.07877
2011-10-27 19:00:00,113.52858
2011-10-27 20:00:00,115.67992
2011-10-27 21:00:00,131.2963
2011-10-27 22:00:00,131.0434
2011-10-27 23:00:00,145.53333
2011-10-28 00:00:00,108.64309
2011-10-28 01:00:00,109.67973
2011-10-28 02:00:00,108.00895
2011-10-28 03:00:00,82.90573
2011-10-28 04:00:00,96.54443
2011-10-28 05:00:00,101.32901
2011-10-28 06:00:00,88.174225
2011-10-28 07:00:00,88.17402
2011-10-28 08:00:00,96.52627
2011-10-28 09:00:00,130.02136
2011-10-28 10:00:00,137.34586
2011-10-28 11:00:00,148.8125
2011-10-28 12:00:00,186.5185
2011-10-28 13:00:00,194.17435
2011-10-28 14:00:00,160.67737
2011-10-28 15:00:00,184.42395
2011-10-28 16:00:00,155.04678
2011-10-28 17:00:00,129.27052
2011-10-28 18:00:00,130.65488
2011-10-28 19:00:00,129.27078
2011-10-28 20:00:00,142.10716
2011-10-28 21:00:00,88.91996
2011-10-28 22:00:00,85.673706
2011-10-28 23:00:00,84.234276
2011-10-29 00:00:00,52.854607
2011-10-29 01:00:00,53.385696
2011-10-29 02:00:00,53.385357
2011-10-29 03:00:00,68.59602
2011-10-29 04:00:00,68.595634
2011-10-29 05:00:00,45.29534
2011-10-29 06:00:00,52.410305
2011-10-29 07:00:00,52.409973
2011-10-29 08:00:00,57.811348
2011-10-29 09:00:00,57.810913
2011-10-29 10:00:00,41.01901
2011-10-29 11:00:00,49.255165
2011-10-29 12:00:00,59.41541
2011-10-29 13:00:00,58.930782
2011-10-29 14:00:00,62.364193
2011-10-29 15:00:00,32.559746
2011-10-29 16:00:00,38.25789
2011-10-29 17:00:00,38.257572
2011-10-29 18:00:00,38.25726
2011-10-29 19:00:00,51.398563
2011-10-29 20:00:00,51.39821
2011-10-29 21:00:00,51.39787
2011-10-29 22:00:00,44.76496
2011-10-29 23:00:00,46.76659
2011-10-30 00:00:00,40.520805
2011-10-30 01:00:00,37.27985
2011-10-30 02:00:00,36.42001
2011-10-30 03:00:00,56.797924
2011-10-30 04:00:00,55.016342
2011-10-30 05:00:00,53.293793
2011-10-30 06:00:00,43.122406
2011-10-30 07:00:00,39.278988
2011-10-30 08:00:00,48.812794
2011-10-30 09:00:00,70.70091
2011-10-30 10:00:00,97.55454
2011-10-30 11:00:00,136.90274
2011-10-30 12:00:00,132.94798
2011-10-30 13:00:00,218.54364
2011-10-30 14:00:00,222.87793
2011-10-30 15:00:00,233.3416
2011-10-30 16:00:00,230.00746
2011-10-30 17:00:00,222.59512
2011-10-30 18:00:00,164.12613
2011-10-30 19:00:00,165.88803
2011-10-30 20:00:00,105.9083
2011-10-30 21:00:00,91.08917
2011-10-30 22:00:00,62.351547
2011-10-30 23:00:00,74.43281
2011-10-31 00:00:00,101.12534
2011-10-31 01:00:00,89.827
2011-10-31 02:00:00,93.09226
2011-10-31 03:00:00,70.56297
2011-10-31 04:00:00,93.092384
2011-10-31 05:00:00,86.54026
2011-10-31 06:00:00,93.09251
2011-10-31 07:00:00,81.25262
2011-10-31 08:00:00,90.824196
2011-10-31 09:00:00,103.84073
2011-10-31 10:00:00,136.64838
2011-10-31 11:00:00,138.97331
2011-10-31 12:00:00,162.09229
2011-10-31 13:00:00,151.53255
2011-10-31 14:00:00,152.33105
2011-10-31 15:00:00,146.5808
2011-10-31 16:00:00,143.39664
2011-10-31 17:00:00,137.90242
2011-10-31 18:00:00,116.27592
2011-10-31 19:00:00,116.27606
2011-10-31 20:00:00,116.27431
2011-10-31 21:00:00,115.804115
2011-10-31 22:00:00,115.80431
2011-10-31 23:00:00,115.80451
2011-11-20 00:00:00,110.14393
2011-11-20 01:00:00,91.38905
2011-11-20 02:00:00,91.63741
2011-11-20 03:00:00,115.634926
2011-11-20 04:00:00,118.95779
2011-11-20 05:00:00,125.38376
2011-11-20 06:00:00,120.53321
2011-11-20 07:00:00,127.264885
2011-11-20 08:00:00,120.207375
2011-11-20 09:00:00,131.64322
2011-11-20 10:00:00,138.58565
2011-11-20 11:00:00,157.97717
2011-11-20 12:00:00,147.07742
2011-11-20 13:00:00,131.20981
2011-11-20 14:00:00,134.47972
2011-11-20 15:00:00,164.82562
2011-11-20 16:00:00,185.6446
2011-11-20 17:00:00,141.12517
2011-11-20 18:00:00,148.01363
2011-11-20 19:00:00,168.92279
2011-11-20 20:00:00,220.90161
2011-11-20 21:00:00,120.506195
2011-11-20 22:00:00,101.5962
2011-11-20 23:00:00,101.713974
2011-11-21 00:00:00,90.44856
2011-11-21 01:00:00,62.16767
2011-11-21 02:00:00,67.88083
2011-11-21 03:00:00,85.92387
2011-11-21 04:00:00,85.9241
2011-11-21 05:00:00,93.068985
2011-11-21 06:00:00,103.92374
2011-11-21 07:00:00,71.49776
2011-11-21 08:00:00,90.44965
2011-11-21 09:00:00,85.9762
2011-11-21 10:00:00,150.29628
2011-11-21 11:00:00,159.55348
2011-11-21 12:00:00,156.5565
2011-11-21 13:00:00,156.5572
2011-11-21 14:00:00,124.51293
2011-11-21 15:00:00,73.52119
2011-11-21 16:00:00,73.52122
2011-11-21 17:00:00,93.73645
2011-11-21 18:00:00,72.54338
2011-11-21 19:00:00,69.30465
2011-11-21 20:00:00,84.08153
2011-11-21 21:00:00,80.70558
2011-11-21 22:00:00,83.46078
2011-11-21 23:00:00,80.70143
2011-11-22 00:00:00,83.318954
2011-11-22 01:00:00,83.46026
2011-11-22 02:00:00,81.25168
2011-11-22 03:00:00,81.2517
2011-11-22 04:00:00,86.63001
2011-11-22 05:00:00,86.53204
2011-11-22 06:00:00,83.49846
2011-11-22 07:00:00,89.845314
2011-11-22 08:00:00,89.84524
2011-11-22 09:00:00,98.76459
2011-11-22 10:00:00,98.329865
2011-11-22 11:00:00,83.2488
2011-11-22 12:00:00,90.28555
2011-11-22 13:00:00,86.422165
2011-11-22 14:00:00,86.422295
2011-11-22 15:00:00,94.07527
2011-11-22 16:00:00,94.07552
2011-11-22 17:00:00,83.63407
2011-11-22 18:00:00,91.38425
2011-11-22 19:00:00,72.988976
2011-11-22 20:00:00,68.89193
2011-11-22 21:00:00,61.11856
2011-11-22 22:00:00,78.73471
2011-11-22 23:00:00,75.59118
2011-11-23 00:00:00,76.963806
2011-11-23 01:00:00,87.609825
2011-11-23 02:00:00,90.71539
2011-11-23 03:00:00,90.715164
2011-11-23 04:00:00,117.8962
2011-11-23 05:00:00,55.17335
2011-11-23 06:00:00,81.4916
2011-11-23 07:00:00,68.831085
2011-11-23 08:00:00,82.09833
2011-11-23 09:00:00,97.54726
2011-11-23 10:00:00,97.547295
2011-11-23 11:00:00,145.9768
2011-11-23 12:00:00,107.36576
2011-11-23 13:00:00,94.4913
2011-11-23 14:00:00,100.94557
2011-11-23 15:00:00,106.769806
2011-11-23 16:00:00,98.229416
2011-11-23 17:00:00,114.873795
2011-11-23 18:00:00,91.21331
2011-11-23 19:00:00,102.9313
2011-11-23 20:00:00,107.96355
2011-11-23 21:00:00,132.94788
2011-11-23 22:00:00,146.04727
2011-11-23 23:00:00,141.3574
2011-11-24 00:00:00,112.655945
2011-11-24 01:00:00,152.36755
2011-11-24 02:00:00,99.81214
2011-11-24 03:00:00,79.295876
2011-11-24 04:00:00,125.0843
2011-11-24 05:00:00,124.06467
2011-11-24 06:00:00,125.083305
2011-11-24 07:00:00,73.61068
2011-11-24 08:00:00,123.279495
2011-11-24 09:00:00,145.77257
2011-11-24 10:00:00,129.58867
2011-11-24 11:00:00,195.78717
2011-11-24 12:00:00,177.7178
2011-11-24 13:00:00,202.38466
2011-11-24 14:00:00,222.7295
2011-11-24 15:00:00,232.53299
2011-11-24 16:00:00,210.52751
2011-11-24 17:00:00,220.63063
2011-11-24 18:00:00,140.20255
2011-11-24 19:00:00,118.13533
2011-11-24 20:00:00,116.67656
2011-11-24 21:00:00,138.92793
2011-11-24 22:00:00,138.92732
2011-11-24 23:00:00,128.9208
2011-11-25 00:00:00,107.58672
2011-11-25 01:00:00,105.07337
2011-11-25 02:00:00,97.83934
2011-11-25 03:00:00,88.86055
2011-11-25 04:00:00,119.84356
2011-11-25 05:00:00,123.433235
2011-11-25 06:00:00,89.50786
2011-11-25 07:00:00,121.19209
2011-11-25 08:00:00,85.1686
2011-11-25 09:00:00,109.458885
2011-11-25 10:00:00,118.42517
2011-11-25 11:00:00,113.59036
2011-11-25 12:00:00,154.41891
2011-11-25 13:00:00,179.5456
2011-11-25 14:00:00,205.45717
2011-11-25 15:00:00,213.5885
2011-11-25 16:00:00,198.92262
2011-11-25 17:00:00,206.71677
2011-11-25 18:00:00,190.79405
2011-11-25 19:00:00,118.696045
2011-11-25 20:00:00,101.662895
2011-11-25 21:00:00,124.217674
2011-11-25 22:00:00,127.08964
2011-11-25 23:00:00,112.60093
2011-11-26 00:00:00,116.279076
2011-11-26 01:00:00,116.856766
2011-11-26 02:00:00,113.017365
2011-11-26 03:00:00,112.30736
2011-11-26 04:00:00,112.30712
2011-11-26 05:00:00,119.63057
2011-11-26 06:00:00,121.16727
2011-11-26 07:00:00,77.71041
2011-11-26 08:00:00,117.02952
2011-11-26 09:00:00,113.23983
2011-11-26 10:00:00,86.92172
2011-11-26 11:00:00,111.372986
2011-11-26 12:00:00,137.31216
2011-11-26 13:00:00,210.95
2011-11-26 14:00:00,183.8581
2011-11-26 15:00:00,241.52231
2011-11-26 16:00:00,175.12762
2011-11-26 17:00:00,175.1269
2011-11-26 18:00:00,111.21982
2011-11-26 19:00:00,117.18969
2011-11-26 20:00:00,122.489136
2011-11-26 21:00:00,70.73836
2011-11-26 22:00:00,98.04288
2011-11-26 23:00:00,86.76089
2011-11-27 00:00:00,85.47273
2011-11-27 01:00:00,85.47247
2011-11-27 02:00:00,95.36346
2011-11-27 03:00:00,88.90113
2011-11-27 04:00:00,79.04119
2011-11-27 05:00:00,81.57359
2011-11-27 06:00:00,81.60916
2011-11-27 07:00:00,73.62829
2011-11-27 08:00:00,81.86559
2011-11-27 09:00:00,131.83253
2011-11-27 10:00:00,131.83165
2011-11-27 11:00:00,104.89382
2011-11-27 12:00:00,170.86009
2011-11-27 13:00:00,131.7508
2011-11-27 14:00:00,403.00308
2011-11-27 15:00:00,413.3346
2011-11-27 16:00:00,172.18848
2011-11-27 17:00:00,149.75174
2011-11-27 18:00:00,132.27687
2011-11-27 19:00:00,154.15741
2011-11-27 20:00:00,116.84702
2011-11-27 21:00:00,147.44377
2011-11-27 22:00:00,142.58453
2011-11-27 23:00:00,142.58366
2011-11-28 00:00:00,135.80423
2011-11-28 01:00:00,135.28093
2011-11-28 03:00:00,86.47312
2011-11-28 04:00:00,118.37493
2011-11-28 05:00:00,107.73379
2011-11-28 06:00:00,107.30131
2011-11-28 07:00:00,110.49562
2011-11-28 08:00:00,103.00571
2011-11-28 09:00:00,86.47935
2011-11-28 10:00:00,136.6307
2011-11-28 11:00:00,231.17685
2011-11-28 12:00:00,197.42308
2011-11-28 13:00:00,196.38884
2011-11-28 14:00:00,283.44574
2011-11-28 15:00:00,170.94768
2011-11-28 16:00:00,150.39442
2011-11-28 17:00:00,190.55064
2011-11-28 18:00:00,148.41757
2011-11-28 19:00:00,156.17372
2011-11-28 20:00:00,157.08951
2011-11-28 21:00:00,151.30518
2011-11-28 22:00:00,154.23277
2011-11-28 23:00:00,142.94951
2011-11-29 00:00:00,148.42448
2011-11-29 01:00:00,155.52322
2011-11-29 02:00:00,123.43051
2011-11-29 03:00:00,123.430695
2011-11-29 04:00:00,115.353165
2011-11-29 05:00:00,100.89116
2011-11-29 06:00:00,107.55101
2011-11-29 07:00:00,120.02765
2011-11-29 08:00:00,130.6934
2011-11-29 09:00:00,141.12094
2011-11-29 10:00:00,141.12042
2011-11-29 11:00:00,105.048485
2011-11-29 12:00:00,97.59832
2011-11-29 13:00:00,116.88853
2011-11-29 14:00:00,72.85916
2011-11-29 15:00:00,95.36795
2011-11-29 16:00:00,69.28687
2011-11-29 17:00:00,82.65525
2011-11-29 18:00:00,96.61151
2011-11-29 19:00:00,104.02728
2011-11-29 20:00:00,70.710945
2011-11-29 21:00:00,70.71092
2011-11-29 22:00:00,96.88547
2011-11-29 23:00:00,128.15002
2011-11-30 00:00:00,111.47342
2011-11-30 01:00:00,107.70824
2011-11-30 02:00:00,100.70945
2011-11-30 03:00:00,100.70962
2011-11-30 04:00:00,100.88467
2011-11-30 05:00:00,81.360825
2011-11-30 06:00:00,79.31365
2011-11-30 07:00:00,73.26322
2011-11-30 08:00:00,81.361115
2011-11-30 09:00:00,99.199196
2011-11-30 10:00:00,145.37946
2011-11-30 11:00:00,122.00461
2011-11-30 12:00:00,123.758934
2011-11-30 13:00:00,170.83774
2011-11-30 14:00:00,170.8385
2011-11-30 15:00:00,156.36438
2011-11-30 16:00:00,157.2739
2011-11-30 17:00:00,123.28155
2011-11-30 18:00:00,123.28205
2011-11-30 19:00:00,128.22061
2011-11-30 20:00:00,128.22108
2011-11-30 21:00:00,143.6174
2011-11-30 22:00:00,115.35037
2011-11-30 23:00:00,67.58112
2011-12-20 00:00:00,130.1967
2011-12-20 01:00:00,131.39038
2011-12-20 02:00:00,147.01736
2011-12-20 03:00:00,147.01775
2011-12-20 04:00:00,123.124794
2011-12-20 05:00:00,135.18895
2011-12-20 06:00:00,135.18936
2011-12-20 07:00:00,145.04488
2011-12-20 08:00:00,138.71913
2011-12-20 09:00:00,168.93417
2011-12-20 10:00:00,119.65307
2011-12-20 11:00:00,133.98631
2011-12-20 12:00:00,132.69724
2011-12-20 13:00:00,132.69754
2011-12-20 14:00:00,135.4003
2011-12-20 15:00:00,132.97194
2011-12-20 16:00:00,132.97202
2011-12-20 17:00:00,134.12865
2011-12-20 18:00:00,187.65399
2011-12-20 19:00:00,170.00604
2011-12-20 20:00:00,168.93408
2011-12-20 21:00:00,175.1616
2011-12-20 22:00:00,168.93387
2011-12-20 23:00:00,142.06506
2011-12-21 00:00:00,143.57706
2011-12-21 01:00:00,153.65714
2011-12-21 02:00:00,152.37485
2011-12-21 03:00:00,152.37712
2011-12-21 04:00:00,152.37941
2011-12-21 05:00:00,94.97342
2011-12-21 06:00:00,188.71712
2011-12-21 07:00:00,135.33488
2011-12-21 08:00:00,127.32304
2011-12-21 09:00:00,162.53873
2011-12-21 10:00:00,124.16009
2011-12-21 11:00:00,124.160324
2011-12-21 12:00:00,202.12424
2011-12-21 13:00:00,104.8654
2011-12-21 14:00:00,208.7418
2011-12-21 15:00:00,207.73149
2011-12-21 16:00:00,104.47146
2011-12-21 17:00:00,104.47366
2011-12-21 18:00:00,102.329315
2011-12-21 19:00:00,105.40558
2011-12-21 20:00:00,110.5271
2011-12-21 21:00:00,202.97064
2011-12-21 22:00:00,173.61104
2011-12-21 23:00:00,186.32697
2011-12-22 00:00:00,124.836914
2011-12-22 01:00:00,86.82154
2011-12-22 02:00:00,96.90598
2011-12-22 03:00:00,170.43542
2011-12-22 04:00:00,93.43603
2011-12-22 05:00:00,116.64524
2011-12-22 06:00:00,193.78714
2011-12-22 07:00:00,131.08496
2011-12-22 08:00:00,193.81721
2011-12-22 09:00:00,178.3
2011-12-22 10:00:00,97.4834
2011-12-22 11:00:00,129.11424
2011-12-22 12:00:00,139.16643
2011-12-22 13:00:00,147.08055
2011-12-22 14:00:00,147.08116
2011-12-22 15:00:00,139.88533
2011-12-22 16:00:00,147.0824
2011-12-22 17:00:00,170.45956
2011-12-22 18:00:00,149.93762
2011-12-22 19:00:00,145.06633
2011-12-22 20:00:00,126.04489
2011-12-22 21:00:00,126.04579
2011-12-22 22:00:00,111.40019
2011-12-22 23:00:00,194.47499
2011-12-23 00:00:00,140.57848
2011-12-23 01:00:00,140.58006
2011-12-23 02:00:00,79.81193
2011-12-23 03:00:00,79.81271
2011-12-23 04:00:00,94.5535
2011-12-23 05:00:00,103.506485
2011-12-23 06:00:00,84.03065
2011-12-23 07:00:00,98.10216
2011-12-23 08:00:00,110.65448
2011-12-23 09:00:00,151.16365
2011-12-23 10:00:00,123.31494
2011-12-23 11:00:00,127.526375
2011-12-23 12:00:00,120.32846
2011-12-23 13:00:00,152.0621
2011-12-23 14:00:00,117.50219
2011-12-23 15:00:00,110.45315
2011-12-23 16:00:00,146.77678
2011-12-23 17:00:00,123.9235
2011-12-23 18:00:00,160.26422
2011-12-23 19:00:00,144.88081
2011-12-23 20:00:00,152.4529
2011-12-23 21:00:00,171.05676
2011-12-23 22:00:00,196.77484
2011-12-23 23:00:00,150.88963
2011-12-24 00:00:00,159.4871
2011-12-24 01:00:00,140.04524
2011-12-24 02:00:00,142.98064
2011-12-24 03:00:00,129.2771
2011-12-24 04:00:00,166.69316
2011-12-24 05:00:00,166.69348
2011-12-24 06:00:00,161.27393
2011-12-24 07:00:00,172.86967
2011-12-24 08:00:00,141.07063
2011-12-24 09:00:00,191.88406
2011-12-24 10:00:00,157.19635
2011-12-24 11:00:00,202.37485
2011-12-24 12:00:00,201.67593
2011-12-24 13:00:00,197.54642
2011-12-24 14:00:00,197.54565
2011-12-24 15:00:00,190.22006
2011-12-24 16:00:00,199.5443
2011-12-24 17:00:00,139.57248
2011-12-24 18:00:00,161.90804
2011-12-24 19:00:00,138.44923
2011-12-24 20:00:00,101.2154
2011-12-24 21:00:00,113.057014
2011-12-24 22:00:00,85.30483
2011-12-24 23:00:00,73.6399
2011-12-25 00:00:00,111.553734
2011-12-25 01:00:00,80.61007
2011-12-25 02:00:00,70.05262
2011-12-25 03:00:00,68.29814
2011-12-25 05:00:00,66.363235
2011-12-25 06:00:00,66.363716
2011-12-25 07:00:00,84.45664
2011-12-25 08:00:00,86.226555
2011-12-25 09:00:00,91.15341
2011-12-25 10:00:00,129.98341
2011-12-25 11:00:00,151.75699
2011-12-25 12:00:00,158.6534
2011-12-25 13:00:00,163.88652
2011-12-25 14:00:00,184.83394
2011-12-25 15:00:00,157.77716
2011-12-25 16:00:00,134.19484
2011-12-25 17:00:00,139.16075
2011-12-25 18:00:00,175.04178
2011-12-25 19:00:00,140.27582
2011-12-25 20:00:00,142.62747
2011-12-25 21:00:00,129.89792
2011-12-25 22:00:00,128.87624
2011-12-25 23:00:00,99.58233
2011-12-26 00:00:00,132.05533
2011-12-26 01:00:00,145.41335
2011-12-26 02:00:00,183.58438
2011-12-26 04:00:00,161.51625
2011-12-26 05:00:00,194.45076
2011-12-26 06:00:00,188.1691
2011-12-26 07:00:00,188.46246
2011-12-26 08:00:00,174.51651
2011-12-26 09:00:00,161.51558
2011-12-26 10:00:00,178.92351
2011-12-26 11:00:00,155.82559
2011-12-26 12:00:00,205.62521
2011-12-26 13:00:00,179.42285
2011-12-26 14:00:00,175.301
2011-12-26 15:00:00,194.11792
2011-12-26 16:00:00,187.22377
2011-12-26 17:00:00,183.5843
2011-12-26 18:00:00,152.0258
2011-12-26 19:00:00,145.50891
2011-12-26 20:00:00,163.04405
2011-12-26 21:00:00,81.866325
2011-12-26 22:00:00,81.86951
2011-12-26 23:00:00,110.705246
2011-12-27 00:00:00,147.98811
2011-12-27 01:00:00,136.09776
2011-12-27 02:00:00,136.09956
2011-12-27 03:00:00,155.51894
2011-12-27 04:00:00,163.54973
2011-12-27 05:00:00,164.83975
2011-12-27 06:00:00,149.7581
2011-12-27 07:00:00,162.58386
2011-12-27 08:00:00,166.61624
2011-12-27 09:00:00,141.25139
2011-12-27 10:00:00,145.46548
2011-12-27 11:00:00,141.25427
2011-12-27 12:00:00,149.58769
2011-12-27 13:00:00,173.54079
2011-12-27 14:00:00,111.843254
2011-12-27 15:00:00,111.84397
2011-12-27 16:00:00,198.22432
2011-12-27 17:00:00,134.14873
2011-12-27 18:00:00,180.4007
2011-12-27 19:00:00,148.29445
2011-12-27 20:00:00,165.8806
2011-12-27 21:00:00,176.06406
2011-12-27 22:00:00,176.06711
2011-12-27 23:00:00,124.55631
2011-12-28 00:00:00,178.1818
2011-12-28 01:00:00,157.3951
2011-12-28 02:00:00,158.9598
2011-12-28 03:00:00,158.96204
2011-12-28 05:00:00,180.61946
2011-12-28 06:00:00,143.18709
2011-12-28 07:00:00,143.18846
2011-12-28 08:00:00,180.1415
2011-12-28 09:00:00,126.96888
2011-12-28 10:00:00,156.89986
2011-12-28 11:00:00,190.63336
2011-12-28 12:00:00,125.12388
2011-12-28 13:00:00,183.7895
2011-12-28 14:00:00,189.83511
2011-12-28 15:00:00,189.31277
2011-12-28 16:00:00,188.23439
2011-12-28 17:00:00,189.36124
2011-12-28 18:00:00,197.83002
2011-12-28 19:00:00,176.83887
2011-12-28 20:00:00,163.786
2011-12-28 21:00:00,138.15387
2011-12-28 22:00:00,144.12202
2011-12-28 23:00:00,150.04556
2011-12-29 00:00:00,84.824875
2011-12-29 01:00:00,102.1301
2011-12-29 02:00:00,105.228485
2011-12-29 03:00:00,108.539474
2011-12-29 04:00:00,111.14964
2011-12-29 05:00:00,111.05794
2011-12-29 06:00:00,88.92047
2011-12-29 07:00:00,78.58985
2011-12-29 08:00:00,91.45231
2011-12-29 09:00:00,118.31061
2011-12-29 10:00:00,93.84984
2011-12-29 11:00:00,103.9867
2011-12-29 12:00:00,119.25662
2011-12-29 13:00:00,141.53622
2011-12-29 14:00:00,141.16946
2011-12-29 15:00:00,144.88649
2011-12-29 16:00:00,149.1379
2011-12-29 17:00:00,162.63123
2011-12-29 18:00:00,129.88075
2011-12-29 19:00:00,144.46477
2011-12-29 20:00:00,114.66705
2011-12-29 21:00:00,133.15192
2011-12-29 22:00:00,120.66233
2011-12-29 23:00:00,174.5595
2011-12-30 00:00:00,120.91701
2011-12-30 01:00:00,94.01076
2011-12-30 02:00:00,123.57415
2011-12-30 03:00:00,123.5756
2011-12-30 04:00:00,98.554474
2011-12-30 05:00:00,84.73143
2011-12-30 06:00:00,98.78221
2011-12-30 07:00:00,86.89734
2011-12-30 08:00:00,86.89896
2011-12-30 09:00:00,64.894806
2011-12-30 10:00:00,167.12895
2011-12-30 11:00:00,182.61833
2011-12-30 12:00:00,126.00382
2011-12-30 13:00:00,102.559654
2011-12-30 14:00:00,145.66846
2011-12-30 15:00:00,202.89018
2011-12-30 16:00:00,156.26186
2011-12-30 17:00:00,82.902824
2011-12-30 18:00:00,115.20049
2011-12-30 19:00:00,163.31644
2011-12-30 20:00:00,137.0368
2011-12-30 21:00:00,140.62776
2011-12-30 22:00:00,144.34747
2011-12-30 23:00:00,168.83253
2011-12-31 00:00:00,134.547
2011-12-31 01:00:00,134.81158
2011-12-31 02:00:00,134.81143
2011-12-31 03:00:00,134.81128
2011-12-31 04:00:00,131.3813
2011-12-31 05:00:00,118.00972
2011-12-31 06:00:00,120.65947
2011-12-31 07:00:00,112.22422
2011-12-31 08:00:00,109.760155
2011-12-31 09:00:00,112.225136
2011-12-31 10:00:00,117.210365
2011-12-31 11:00:00,127.156296
2011-12-31 12:00:00,297.20737
2011-12-31 13:00:00,284.66177
2011-12-31 14:00:00,129.8525
2011-12-31 15:00:00,179.3444
2011-12-31 16:00:00,144.29263
2011-12-31 17:00:00,124.55392
2011-12-31 18:00:00,126.37469
2011-12-31 19:00:00,120.44238
2011-12-31 20:00:00,120.442055
2011-12-31 21:00:00,123.54141
2011-12-31 22:00:00,130.22302
2011-12-31 23:00:00,133.44972
2012-01-20 00:00:00,97.649155
2012-01-20 01:00:00,98.70789
2012-01-20 02:00:00,98.733284
2012-01-20 03:00:00,97.909424
2012-01-20 04:00:00,98.38064
2012-01-20 05:00:00,98.38152
2012-01-20 06:00:00,118.05481
2012-01-20 07:00:00,180.67879
2012-01-20 08:00:00,171.05954
2012-01-20 09:00:00,141.47934
2012-01-20 10:00:00,128.03601
2012-01-20 11:00:00,192.49701
2012-01-20 12:00:00,171.89615
2012-01-20 13:00:00,193.95564
2012-01-20 14:00:00,162.53734
2012-01-20 15:00:00,139.4203
2012-01-20 16:00:00,134.24973
2012-01-20 17:00:00,168.22635
2012-01-20 18:00:00,136.96774
2012-01-20 19:00:00,132.81319
2012-01-20 20:00:00,136.96822
2012-01-20 21:00:00,129.02574
2012-01-20 22:00:00,137.04524
2012-01-20 23:00:00,230.30653
2012-01-21 00:00:00,154.05794
2012-01-21 01:00:00,160.56848
2012-01-21 02:00:00,105.72287
2012-01-21 03:00:00,92.683365
2012-01-21 04:00:00,100.50979
2012-01-21 05:00:00,107.14975
2012-01-21 06:00:00,83.82108
2012-01-21 07:00:00,83.46557
2012-01-21 08:00:00,116.15954
2012-01-21 09:00:00,116.16099
2012-01-21 10:00:00,116.16242
2012-01-21 11:00:00,119.96251
2012-01-21 12:00:00,133.83128
2012-01-21 13:00:00,174.51033
2012-01-21 14:00:00,160.50633
2012-01-21 15:00:00,160.50792
2012-01-21 16:00:00,146.35757
2012-01-21 17:00:00,153.89395
2012-01-21 18:00:00,125.308205
2012-01-21 19:00:00,177.88306
2012-01-21 20:00:00,167.56673
2012-01-21 21:00:00,134.18819
2012-01-21 22:00:00,128.81769
2012-01-21 23:00:00,189.16083
2012-01-22 00:00:00,158.34598
2012-01-22 01:00:00,116.10718
2012-01-22 02:00:00,114.58553
2012-01-22 03:00:00,102.92106
2012-01-22 04:00:00,159.31343
2012-01-22 05:00:00,141.69576
2012-01-22 06:00:00,141.69716
2012-01-22 07:00:00,141.69856
2012-01-22 08:00:00,141.69995
2012-01-22 09:00:00,141.79428
2012-01-22 10:00:00,129.38762
2012-01-22 11:00:00,171.0984
2012-01-22 12:00:00,172.20097
2012-01-22 13:00:00,112.22462
2012-01-22 14:00:00,126.06368
2012-01-22 15:00:00,161.11516
2012-01-22 16:00:00,161.11642
2012-01-22 17:00:00,104.6358
2012-01-22 18:00:00,97.07328
2012-01-22 19:00:00,97.06412
2012-01-22 20:00:00,110.99812
2012-01-22 21:00:00,97.06599
2012-01-22 22:00:00,87.35575
2012-01-22 23:00:00,87.97156
2012-01-23 00:00:00,143.26306
2012-01-23 01:00:00,151.02182
2012-01-23 02:00:00,151.02498
2012-01-23 03:00:00,143.27243
2012-01-23 04:00:00,97.167534
2012-01-23 05:00:00,141.79112
2012-01-23 06:00:00,141.79436
2012-01-23 07:00:00,140.70934
2012-01-23 08:00:00,180.1938
2012-01-23 09:00:00,138.1024
2012-01-23 10:00:00,138.4784
2012-01-23 11:00:00,114.847755
2012-01-23 12:00:00,138.22469
2012-01-23 13:00:00,121.28282
2012-01-23 14:00:00,111.35579
2012-01-23 15:00:00,219.9282
2012-01-23 16:00:00,122.89661
2012-01-23 17:00:00,68.05257
2012-01-23 18:00:00,108.05467
2012-01-23 19:00:00,118.851715
2012-01-23 20:00:00,210.01172
2012-01-23 21:00:00,227.9342
2012-01-23 22:00:00,227.93839
2012-01-23 23:00:00,126.230385
2012-01-24 00:00:00,215.49745
2012-01-24 01:00:00,81.896805
2012-01-24 02:00:00,90.984215
2012-01-24 03:00:00,122.4578
2012-01-24 04:00:00,145.8004
2012-01-24 05:00:00,145.80359
2012-01-24 06:00:00,72.574615
2012-01-24 07:00:00,124.06853
2012-01-24 08:00:00,124.071205
2012-01-24 09:00:00,148.33302
2012-01-24 10:00:00,147.61397
2012-01-24 11:00:00,118.66499
2012-01-24 12:00:00,118.12334
2012-01-24 13:00:00,118.13654
2012-01-24 14:00:00,120.3173
2012-01-24 15:00:00,92.13644
2012-01-24 16:00:00,100.90831
2012-01-24 17:00:00,96.90912
2012-01-24 18:00:00,80.02497
2012-01-24 19:00:00,83.17783
2012-01-24 20:00:00,150.35785
2012-01-24 21:00:00,110.43238
2012-01-24 22:00:00,120.3295
2012-01-24 23:00:00,155.28967
2012-01-25 00:00:00,141.21873
2012-01-25 01:00:00,150.28708
2012-01-25 02:00:00,115.56457
2012-01-25 03:00:00,136.25435
2012-01-25 04:00:00,132.1277
2012-01-25 05:00:00,131.89008
2012-01-25 06:00:00,125.66559
2012-01-25 07:00:00,132.9215
2012-01-25 08:00:00,196.79102
2012-01-25 09:00:00,196.79488
2012-01-25 10:00:00,98.61888
2012-01-25 11:00:00,103.4341
2012-01-25 12:00:00,88.98295
2012-01-25 13:00:00,123.29966
2012-01-25 14:00:00,104.14577
2012-01-25 15:00:00,176.90501
2012-01-25 16:00:00,102.09018
2012-01-25 17:00:00,67.868
2012-01-25 18:00:00,74.4806
2012-01-25 19:00:00,90.95863
2012-01-25 20:00:00,98.55801
2012-01-25 21:00:00,117.495285
2012-01-25 22:00:00,120.34092
2012-01-25 23:00:00,74.46432
2012-01-26 00:00:00,76.13116
2012-01-26 01:00:00,94.78531
2012-01-26 02:00:00,97.364815
2012-01-26 03:00:00,86.32875
2012-01-26 04:00:00,94.89491
2012-01-26 05:00:00,84.61257
2012-01-26 06:00:00,94.21722
2012-01-26 07:00:00,86.26822
2012-01-26 08:00:00,86.26897
2012-01-26 09:00:00,111.1578
2012-01-26 10:00:00,83.12443
2012-01-26 11:00:00,79.05287
2012-01-26 12:00:00,82.098495
2012-01-26 13:00:00,112.50147
2012-01-26 14:00:00,103.01636
2012-01-26 15:00:00,89.6341
2012-01-26 16:00:00,101.94919
2012-01-26 17:00:00,93.65808
2012-01-26 18:00:00,93.658615
2012-01-26 19:00:00,97.55563
2012-01-26 20:00:00,53.229218
2012-01-26 21:00:00,97.55731
2012-01-26 22:00:00,50.730827
2012-01-26 23:00:00,77.72258
2012-01-27 00:00:00,69.51478
2012-01-27 01:00:00,123.064095
2012-01-27 02:00:00,29.345581
2012-01-27 03:00:00,81.3481
2012-01-27 04:00:00,103.39865
2012-01-27 05:00:00,90.51128
2012-01-27 06:00:00,95.835846
2012-01-27 07:00:00,89.6561
2012-01-27 08:00:00,217.6183
2012-01-27 09:00:00,217.61945
2012-01-27 10:00:00,65.530914
2012-01-27 11:00:00,52.48097
2012-01-27 12:00:00,144.08157
2012-01-27 13:00:00,128.1712
2012-01-27 14:00:00,108.92056
2012-01-27 15:00:00,98.84353
2012-01-27 16:00:00,54.3394
2012-01-27 17:00:00,78.81595
2012-01-27 18:00:00,101.1077
2012-01-27 19:00:00,119.324104
2012-01-27 20:00:00,103.62442
2012-01-27 21:00:00,165.14104
2012-01-27 22:00:00,122.516396
2012-01-27 23:00:00,166.55377
2012-01-28 00:00:00,142.35947
2012-01-28 01:00:00,131.68822
2012-01-28 02:00:00,76.12528
2012-01-28 03:00:00,83.49804
2012-01-28 04:00:00,96.66119
2012-01-28 05:00:00,60.400608
2012-01-28 06:00:00,61.449528
2012-01-28 07:00:00,53.601776
2012-01-28 08:00:00,81.631714
2012-01-28 09:00:00,58.812756
2012-01-28 10:00:00,78.16824
2012-01-28 11:00:00,122.53134
2012-01-28 12:00:00,136.11343
2012-01-28 13:00:00,130.80568
2012-01-28 14:00:00,104.245224
2012-01-28 15:00:00,77.37061
2012-01-28 16:00:00,255.17317
2012-01-28 17:00:00,244.66814
2012-01-28 18:00:00,265.00424
2012-01-28 19:00:00,275.78766
2012-01-28 20:00:00,294.84058
2012-01-28 21:00:00,256.5093
2012-01-28 22:00:00,254.36517
2012-01-28 23:00:00,216.5882
2012-01-29 00:00:00,186.27863
2012-01-29 01:00:00,193.11736
2012-01-29 02:00:00,195.67384
2012-01-29 03:00:00,183.40479
2012-01-29 04:00:00,159.19293
2012-01-29 05:00:00,87.81494
2012-01-29 06:00:00,126.370804
2012-01-29 07:00:00,141.77838
2012-01-29 08:00:00,94.05825
2012-01-29 09:00:00,64.06433
2012-01-29 10:00:00,150.97354
2012-01-29 11:00:00,185.98776
2012-01-29 12:00:00,181.52666
2012-01-29 13:00:00,181.72832
2012-01-29 14:00:00,194.26141
2012-01-29 15:00:00,242.53928
2012-01-29 16:00:00,229.27106
2012-01-29 17:00:00,229.27141
2012-01-29 18:00:00,206.09148
2012-01-29 19:00:00,197.22514
2012-01-29 20:00:00,149.98264
2012-01-29 21:00:00,190.05902
2012-01-29 22:00:00,182.1485
2012-01-29 23:00:00,195.54784
2012-01-30 00:00:00,146.3959
2012-01-30 01:00:00,95.86424
2012-01-30 02:00:00,94.737236
2012-01-30 03:00:00,77.96975
2012-01-30 04:00:00,99.226425
2012-01-30 05:00:00,99.277275
2012-01-30 06:00:00,94.98917
2012-01-30 07:00:00,104.13186
2012-01-30 08:00:00,102.992516
2012-01-30 09:00:00,102.994095
2012-01-30 10:00:00,128.12912
2012-01-30 11:00:00,136.87727
2012-01-30 12:00:00,139.07701
2012-01-30 13:00:00,154.88072
2012-01-30 14:00:00,209.0276
2012-01-30 15:00:00,192.10527
2012-01-30 16:00:00,206.47665
2012-01-30 17:00:00,225.57918
2012-01-30 18:00:00,219.35323
2012-01-30 19:00:00,161.29291
2012-01-30 20:00:00,163.46776
2012-01-30 21:00:00,159.12032
2012-01-30 22:00:00,96.27304
2012-01-30 23:00:00,91.975746
2012-01-31 00:00:00,116.53919
2012-01-31 01:00:00,129.65659
2012-01-31 02:00:00,131.23827
2012-01-31 03:00:00,142.70349
2012-01-31 04:00:00,122.19928
2012-01-31 05:00:00,122.20012
2012-01-31 06:00:00,95.31638
2012-01-31 07:00:00,75.461205
2012-01-31 08:00:00,68.01839
2012-01-31 09:00:00,117.70972
2012-01-31 10:00:00,104.43684
2012-01-31 11:00:00,200.83649
2012-01-31 12:00:00,202.84178
2012-01-31 13:00:00,274.26855
2012-01-31 14:00:00,234.33798
2012-01-31 15:00:00,225.77219
2012-01-31 16:00:00,225.7729
2012-01-31 17:00:00,232.42123
2012-01-31 18:00:00,246.5349
2012-01-31 19:00:00,237.00922
2012-01-31 20:00:00,76.86254
2012-01-31 21:00:00,210.07307
2012-01-31 22:00:00,215.29007
2012-01-31 23:00:00,225.71841
2012-02-20 00:00:00,129.50456
2012-02-20 01:00:00,129.5052
2012-02-20 02:00:00,129.50583
2012-02-20 03:00:00,181.6926
2012-02-20 05:00:00,136.31093
2012-02-20 06:00:00,135.23553
2012-02-20 07:00:00,122.65805
2012-02-20 08:00:00,146.77629
2012-02-20 09:00:00,146.77644
2012-02-20 10:00:00,151.03345
2012-02-20 11:00:00,108.66494
2012-02-20 12:00:00,117.69987
2012-02-20 13:00:00,125.79044
2012-02-20 14:00:00,142.58571
2012-02-20 15:00:00,175.57623
2012-02-20 16:00:00,197.47787
2012-02-20 17:00:00,213.8253
2012-02-20 18:00:00,175.57626
2012-02-20 19:00:00,175.65128
2012-02-20 20:00:00,175.81967
2012-02-20 21:00:00,96.077515
2012-02-20 22:00:00,154.08832
2012-02-20 23:00:00,100.9972
2012-02-21 00:00:00,130.8003
2012-02-21 01:00:00,108.55629
2012-02-21 02:00:00,125.71851
2012-02-21 04:00:00,157.28036
2012-02-21 05:00:00,157.01491
2012-02-21 06:00:00,157.32301
2012-02-21 07:00:00,157.28947
2012-02-21 08:00:00,138.96237
2012-02-21 09:00:00,177.0487
2012-02-21 10:00:00,227.14536
2012-02-21 11:00:00,210.34268
2012-02-21 12:00:00,178.25781
2012-02-21 13:00:00,173.21869
2012-02-21 14:00:00,231.29887
2012-02-21 15:00:00,173.2226
2012-02-21 16:00:00,206.79082
2012-02-21 17:00:00,183.914
2012-02-21 18:00:00,183.91444
2012-02-21 19:00:00,198.7869
2012-02-21 20:00:00,156.73747
2012-02-21 21:00:00,154.57611
2012-02-21 22:00:00,164.65135
2012-02-21 23:00:00,190.12975
2012-02-22 00:00:00,184.18695
2012-02-22 01:00:00,128.74092
2012-02-22 02:00:00,164.88368
2012-02-22 03:00:00,147.45546
2012-02-22 04:00:00,140.78424
2012-02-22 05:00:00,138.62746
2012-02-22 06:00:00,106.66727
2012-02-22 07:00:00,180.12775
2012-02-22 08:00:00,216.82501
2012-02-22 09:00:00,202.67262
2012-02-22 10:00:00,197.09914
2012-02-22 11:00:00,162.20824
2012-02-22 12:00:00,155.10999
2012-02-22 13:00:00,154.68895
2012-02-22 14:00:00,167.09059
2012-02-22 15:00:00,310.98618
2012-02-22 16:00:00,328.52057
2012-02-22 17:00:00,299.5477
2012-02-22 18:00:00,246.45262
2012-02-22 19:00:00,245.85239
2012-02-22 20:00:00,163.06613
2012-02-22 21:00:00,248.69508
2012-02-22 22:00:00,177.83298
2012-02-22 23:00:00,232.76985
2012-02-23 00:00:00,165.70085
2012-02-23 01:00:00,168.66423
2012-02-23 02:00:00,162.75833
2012-02-23 03:00:00,152.68965
2012-02-23 04:00:00,109.383316
2012-02-23 05:00:00,109.45439
2012-02-23 06:00:00,220.55402
2012-02-23 07:00:00,151.19746
2012-02-23 08:00:00,214.50757
2012-02-23 09:00:00,120.77188
2012-02-23 10:00:00,156.38979
2012-02-23 11:00:00,198.79073
2012-02-23 12:00:00,251.0181
2012-02-23 13:00:00,247.72531
2012-02-23 14:00:00,282.96677
2012-02-23 15:00:00,254.41086
2012-02-23 16:00:00,275.7353
2012-02-23 17:00:00,265.18414
2012-02-23 18:00:00,254.45264
2012-02-23 19:00:00,219.7226
2012-02-23 20:00:00,180.80948
2012-02-23 21:00:00,155.72054
2012-02-23 22:00:00,148.51237
2012-02-23 23:00:00,102.09841
2012-02-24 00:00:00,116.18275
2012-02-24 01:00:00,152.82391
2012-02-24 02:00:00,97.806305
2012-02-24 03:00:00,68.07346
2012-02-24 04:00:00,158.23088
2012-02-24 05:00:00,181.01732
2012-02-24 06:00:00,169.63377
2012-02-24 07:00:00,123.14055
2012-02-24 08:00:00,168.59975
2012-02-24 09:00:00,141.72115
2012-02-24 10:00:00,138.38838
2012-02-24 11:00:00,111.62512
2012-02-24 12:00:00,115.6776
2012-02-24 13:00:00,117.47163
2012-02-24 14:00:00,161.83057
2012-02-24 15:00:00,178.98663
2012-02-24 16:00:00,178.98972
2012-02-24 17:00:00,63.835155
2012-02-24 18:00:00,93.34848
2012-02-24 19:00:00,166.22942
2012-02-24 20:00:00,166.2728
2012-02-24 21:00:00,194.20653
2012-02-24 22:00:00,184.87996
2012-02-24 23:00:00,179.36957
2012-02-25 00:00:00,188.51556
2012-02-25 01:00:00,177.87363
2012-02-25 02:00:00,204.7056
2012-02-25 03:00:00,132.39127
2012-02-25 04:00:00,94.88238
2012-02-25 05:00:00,92.10182
2012-02-25 06:00:00,92.10181
2012-02-25 07:00:00,95.81093
2012-02-25 08:00:00,96.37352
2012-02-25 09:00:00,141.0712
2012-02-25 10:00:00,158.93019
2012-02-25 11:00:00,90.22232
2012-02-25 12:00:00,191.70929
2012-02-25 13:00:00,199.50017
2012-02-25 14:00:00,202.87404
2012-02-25 15:00:00,206.42044
2012-02-25 16:00:00,202.17358
2012-02-25 17:00:00,140.74467
2012-02-25 18:00:00,164.07123
2012-02-25 19:00:00,140.64484
2012-02-25 20:00:00,145.52168
2012-02-25 21:00:00,88.9586
2012-02-25 22:00:00,95.623146
2012-02-25 23:00:00,74.91857
2012-02-26 00:00:00,60.43472
2012-02-26 01:00:00,75.52829
2012-02-26 02:00:00,75.528725
2012-02-26 03:00:00,52.86336
2012-02-26 04:00:00,52.950474
2012-02-26 05:00:00,59.522556
2012-02-26 06:00:00,71.18153
2012-02-26 07:00:00,84.35016
2012-02-26 08:00:00,96.221405
2012-02-26 09:00:00,79.84178
2012-02-26 10:00:00,56.193985
2012-02-26 11:00:00,43.891865
2012-02-26 12:00:00,82.32845
2012-02-26 13:00:00,127.206535
2012-02-26 14:00:00,161.50452
2012-02-26 15:00:00,164.0106
2012-02-26 16:00:00,189.0939
2012-02-26 17:00:00,183.79831
2012-02-26 18:00:00,159.664
2012-02-26 19:00:00,169.19386
2012-02-26 20:00:00,119.74651
2012-02-26 21:00:00,131.72289
2012-02-26 22:00:00,75.4173
2012-02-26 23:00:00,96.02853
2012-02-27 00:00:00,140.80884
2012-02-27 01:00:00,149.87158
2012-02-27 02:00:00,172.16049
2012-02-27 03:00:00,226.79192
2012-02-27 04:00:00,204.61464
2012-02-27 05:00:00,204.61906
2012-02-27 06:00:00,223.87567
2012-02-27 07:00:00,157.8338
2012-02-27 08:00:00,136.00829
2012-02-27 09:00:00,115.955795
2012-02-27 10:00:00,184.93555
2012-02-27 11:00:00,181.06416
2012-02-27 12:00:00,197.82288
2012-02-27 13:00:00,195.60924
2012-02-27 14:00:00,221.2241
2012-02-27 15:00:00,262.59604
2012-02-27 16:00:00,248.14693
2012-02-27 17:00:00,239.4543
2012-02-27 18:00:00,309.31503
2012-02-27 19:00:00,242.69954
2012-02-27 20:00:00,267.34152
2012-02-27 21:00:00,221.26447
2012-02-27 22:00:00,213.19861
2012-02-27 23:00:00,156.93498
2012-02-28 00:00:00,136.88875
2012-02-28 01:00:00,104.46639
2012-02-28 02:00:00,107.79511
2012-02-28 03:00:00,199.24533
2012-02-28 04:00:00,159.1726
2012-02-28 05:00:00,159.17361
2012-02-28 06:00:00,128.4665
2012-02-28 07:00:00,89.81797
2012-02-28 08:00:00,104.60976
2012-02-28 09:00:00,85.53584
2012-02-28 10:00:00,105.88254
2012-02-28 11:00:00,174.85692
2012-02-28 12:00:00,182.1464
2012-02-28 13:00:00,194.77583
2012-02-28 14:00:00,204.33054
2012-02-28 15:00:00,211.31778
2012-02-28 16:00:00,190.34688
2012-02-28 17:00:00,211.51617
2012-02-28 18:00:00,191.54834
2012-02-28 19:00:00,196.83408
2012-02-28 20:00:00,204.68164
2012-02-28 21:00:00,140.43433
2012-02-28 22:00:00,140.43555
2012-02-28 23:00:00,135.11017
2012-02-29 00:00:00,131.51509
2012-02-29 01:00:00,136.77725
2012-02-29 02:00:00,130.05855
2012-02-29 03:00:00,178.52666
2012-02-29 05:00:00,197.8148
2012-02-29 06:00:00,237.17662
2012-02-29 07:00:00,178.27788
2012-02-29 08:00:00,178.70761
2012-02-29 09:00:00,186.33394
2012-02-29 10:00:00,186.33702
2012-02-29 11:00:00,136.05635
2012-02-29 12:00:00,127.280975
2012-02-29 13:00:00,123.27596
2012-02-29 14:00:00,123.71721
2012-02-29 15:00:00,105.6739
2012-02-29 16:00:00,104.28353
2012-02-29 17:00:00,160.069
2012-02-29 18:00:00,156.09538
2012-02-29 19:00:00,139.33882
2012-02-29 20:00:00,135.01088
2012-02-29 21:00:00,135.0118
2012-02-29 22:00:00,61.525204
2012-02-29 23:00:00,61.525314
2012-03-20 00:00:00,100.85072
2012-03-20 01:00:00,206.25012
2012-03-20 02:00:00,229.36769
2012-03-20 03:00:00,206.2539
2012-03-20 04:00:00,356.87143
2012-03-20 05:00:00,229.13889
2012-03-20 06:00:00,313.66733
2012-03-20 07:00:00,336.50327
2012-03-20 08:00:00,339.96005
2012-03-20 09:00:00,292.48837
2012-03-20 10:00:00,302.11407
2012-03-20 11:00:00,223.67845
2012-03-20 12:00:00,203.57654
2012-03-20 13:00:00,151.397
2012-03-20 14:00:00,179.18367
2012-03-20 15:00:00,280.08707
2012-03-20 16:00:00,349.95718
2012-03-20 17:00:00,191.54167
2012-03-20 18:00:00,211.7638
2012-03-20 19:00:00,133.15791
2012-03-20 20:00:00,148.78236
2012-03-20 21:00:00,159.62875
2012-03-20 22:00:00,154.37201
2012-03-20 23:00:00,190.94287
2012-03-21 00:00:00,250.949
2012-03-21 01:00:00,254.23563
2012-03-21 02:00:00,305.02756
2012-03-21 03:00:00,359.68137
2012-03-21 04:00:00,305.0337
2012-03-21 05:00:00,305.03674
2012-03-21 06:00:00,266.3836
2012-03-21 07:00:00,292.86032
2012-03-21 08:00:00,325.92407
2012-03-21 09:00:00,326.30194
2012-03-21 10:00:00,277.5763
2012-03-21 11:00:00,277.57916
2012-03-21 12:00:00,275.883
2012-03-21 13:00:00,224.36636
2012-03-21 14:00:00,227.18364
2012-03-21 15:00:00,227.18452
2012-03-21 16:00:00,239.86034
2012-03-21 17:00:00,270.9676
2012-03-21 18:00:00,268.45496
2012-03-21 19:00:00,314.8024
2012-03-21 20:00:00,233.02467
2012-03-21 21:00:00,229.51093
2012-03-21 22:00:00,277.61057
2012-03-21 23:00:00,275.90872
2012-03-22 00:00:00,246.40611
2012-03-22 01:00:00,246.40741
2012-03-22 02:00:00,247.01541
2012-03-22 03:00:00,247.01675
2012-03-22 04:00:00,244.84518
2012-03-22 05:00:00,244.84927
2012-03-22 06:00:00,244.85338
2012-03-22 07:00:00,244.85745
2012-03-22 08:00:00,241.62042
2012-03-22 09:00:00,241.62099
2012-03-22 10:00:00,227.87836
2012-03-22 11:00:00,182.64093
2012-03-22 12:00:00,294.93964
2012-03-22 13:00:00,226.0887
2012-03-22 14:00:00,278.48407
2012-03-22 15:00:00,298.2366
2012-03-22 16:00:00,330.2553
2012-03-22 17:00:00,375.3455
2012-03-22 18:00:00,375.34622
2012-03-22 19:00:00,356.89096
2012-03-22 20:00:00,284.15714
2012-03-22 21:00:00,227.6792
2012-03-22 22:00:00,280.27673
2012-03-22 23:00:00,235.56119
2012-03-23 00:00:00,222.4017
2012-03-23 01:00:00,238.57762
2012-03-23 02:00:00,252.22192
2012-03-23 03:00:00,276.06265
2012-03-23 04:00:00,245.65123
2012-03-23 05:00:00,207.1868
2012-03-23 06:00:00,246.16832
2012-03-23 07:00:00,222.8258
2012-03-23 08:00:00,236.01224
2012-03-23 09:00:00,236.90007
2012-03-23 10:00:00,259.3423
2012-03-23 11:00:00,284.0229
2012-03-23 12:00:00,370.77902
2012-03-23 13:00:00,369.26688
2012-03-23 14:00:00,398.24463
2012-03-23 15:00:00,408.5337
2012-03-23 16:00:00,409.9
2012-03-23 17:00:00,409.9008
2012-03-23 18:00:00,387.41943
2012-03-23 19:00:00,377.00726
2012-03-23 20:00:00,374.6483
2012-03-23 21:00:00,330.069
2012-03-23 22:00:00,319.72702
2012-03-23 23:00:00,263.56198
2012-03-24 00:00:00,320.70544
2012-03-24 01:00:00,344.3397
2012-03-24 02:00:00,319.53882
2012-03-24 03:00:00,319.5393
2012-03-24 04:00:00,318.1649
2012-03-24 05:00:00,305.31982
2012-03-24 06:00:00,306.57297
2012-03-24 07:00:00,330.04944
2012-03-24 08:00:00,203.66417
2012-03-24 09:00:00,307.1416
2012-03-24 10:00:00,298.2503
2012-03-24 11:00:00,203.62427
2012-03-24 12:00:00,211.02512
2012-03-24 13:00:00,206.1902
2012-03-24 14:00:00,287.85904
2012-03-24 15:00:00,222.45448
2012-03-24 16:00:00,223.88364
2012-03-24 17:00:00,303.11185
2012-03-24 18:00:00,209.67592
2012-03-24 19:00:00,254.99777
2012-03-24 20:00:00,214.8149
2012-03-24 21:00:00,214.81535
2012-03-24 22:00:00,208.17366
2012-03-24 23:00:00,218.50658
2012-03-25 00:00:00,211.24829
2012-03-25 01:00:00,171.07446
2012-03-25 02:00:00,195.7744
2012-03-25 03:00:00,187.23509
2012-03-25 04:00:00,186.65489
2012-03-25 05:00:00,187.02097
2012-03-25 06:00:00,187.02106
2012-03-25 07:00:00,191.37619
2012-03-25 08:00:00,191.37622
2012-03-25 09:00:00,178.4876
2012-03-25 10:00:00,263.84967
2012-03-25 11:00:00,178.48775
2012-03-25 12:00:00,177.89168
2012-03-25 13:00:00,251.67006
2012-03-25 14:00:00,273.81915
2012-03-25 15:00:00,272.71603
2012-03-25 16:00:00,269.3474
2012-03-25 17:00:00,277.3978
2012-03-25 18:00:00,279.0396
2012-03-25 19:00:00,284.55927
2012-03-25 20:00:00,252.42612
2012-03-25 21:00:00,279.46594
2012-03-25 22:00:00,265.541
2012-03-25 23:00:00,249.51799
2012-03-26 00:00:00,195.8889
2012-03-26 01:00:00,178.32312
2012-03-26 02:00:00,253.30515
2012-03-26 03:00:00,256.02203
2012-03-26 04:00:00,210.4704
2012-03-26 05:00:00,270.02963
2012-03-26 06:00:00,235.82347
2012-03-26 07:00:00,255.97404
2012-03-26 08:00:00,289.836
2012-03-26 09:00:00,208.01692
2012-03-26 10:00:00,298.3157
2012-03-26 11:00:00,278.73032
2012-03-26 12:00:00,278.57428
2012-03-26 13:00:00,309.70334
2012-03-26 14:00:00,225.27357
2012-03-26 15:00:00,283.9204
2012-03-26 16:00:00,278.1044
2012-03-26 17:00:00,318.79672
2012-03-26 18:00:00,281.1598
2012-03-26 19:00:00,270.19666
2012-03-26 20:00:00,273.8997
2012-03-26 21:00:00,297.4457
2012-03-26 22:00:00,232.94939
2012-03-26 23:00:00,264.15176
2012-03-27 00:00:00,248.37149
2012-03-27 01:00:00,250.70677
2012-03-27 02:00:00,211.54147
2012-03-27 03:00:00,236.38876
2012-03-27 04:00:00,201.56435
2012-03-27 05:00:00,117.07198
2012-03-27 06:00:00,103.58261
2012-03-27 07:00:00,103.58314
2012-03-27 08:00:00,141.33832
2012-03-27 09:00:00,90.56134
2012-03-27 10:00:00,149.09782
2012-03-27 11:00:00,222.54167
2012-03-27 12:00:00,209.58347
2012-03-27 13:00:00,234.30356
2012-03-27 14:00:00,242.75995
2012-03-27 15:00:00,237.58818
2012-03-27 16:00:00,237.58754
2012-03-27 17:00:00,238.79906
2012-03-27 18:00:00,250.06349
2012-03-27 19:00:00,237.66548
2012-03-27 20:00:00,250.06297
2012-03-27 21:00:00,209.50471
2012-03-27 22:00:00,208.01048
2012-03-27 23:00:00,205.45941
2012-03-28 00:00:00,199.53995
2012-03-28 01:00:00,211.89598
2012-03-28 02:00:00,222.66635
2012-03-28 03:00:00,246.88733
2012-03-28 04:00:00,209.30351
2012-03-28 05:00:00,209.30527
2012-03-28 06:00:00,218.29219
2012-03-28 07:00:00,229.6741
2012-03-28 08:00:00,204.88724
2012-03-28 09:00:00,232.12846
2012-03-28 10:00:00,262.91327
2012-03-28 11:00:00,189.75066
2012-03-28 12:00:00,265.71796
2012-03-28 13:00:00,236.02419
2012-03-28 14:00:00,347.18323
2012-03-28 15:00:00,354.31296
2012-03-28 16:00:00,358.47186
2012-03-28 17:00:00,350.68594
2012-03-28 18:00:00,351.33243
2012-03-28 19:00:00,304.4194
2012-03-28 20:00:00,363.9003
2012-03-28 21:00:00,316.57025
2012-03-28 22:00:00,273.91934
2012-03-28 23:00:00,229.79941
2012-03-29 00:00:00,256.64178
2012-03-29 01:00:00,288.9253
2012-03-29 02:00:00,387.15814
2012-03-29 03:00:00,312.2546
2012-03-29 04:00:00,179.44514
2012-03-29 05:00:00,136.15932
2012-03-29 06:00:00,237.11356
2012-03-29 07:00:00,266.6932
2012-03-29 08:00:00,274.71686
2012-03-29 09:00:00,266.02277
2012-03-29 10:00:00,286.83557
2012-03-29 11:00:00,220.31917
2012-03-29 12:00:00,264.58478
2012-03-29 13:00:00,211.17918
2012-03-29 14:00:00,213.73466
2012-03-29 15:00:00,228.12045
2012-03-29 16:00:00,204.92773
2012-03-29 17:00:00,186.37625
2012-03-29 18:00:00,202.38484
2012-03-29 19:00:00,164.3865
2012-03-29 20:00:00,198.41472
2012-03-29 21:00:00,166.52348
2012-03-29 22:00:00,175.22685
2012-03-29 23:00:00,232.79843
2012-03-30 00:00:00,225.32317
2012-03-30 01:00:00,206.95978
2012-03-30 02:00:00,207.75015
2012-03-30 03:00:00,213.5291
2012-03-30 04:00:00,204.91953
2012-03-30 05:00:00,178.84525
2012-03-30 06:00:00,178.4003
2012-03-30 07:00:00,161.26817
2012-03-30 08:00:00,129.52846
2012-03-30 09:00:00,192.36662
2012-03-30 10:00:00,173.90526
2012-03-30 11:00:00,205.2606
2012-03-30 12:00:00,188.763
2012-03-30 13:00:00,175.84427
2012-03-30 14:00:00,197.14182
2012-03-30 15:00:00,199.93999
2012-03-30 16:00:00,244.88493
2012-03-30 17:00:00,228.06473
2012-03-30 18:00:00,233.52754
2012-03-30 19:00:00,228.06683
2012-03-30 20:00:00,222.13707
2012-03-30 21:00:00,194.00755
2012-03-30 22:00:00,155.99503
2012-03-30 23:00:00,178.94412
2012-03-31 00:00:00,211.809
2012-03-31 01:00:00,242.75818
2012-03-31 02:00:00,237.3679
2012-03-31 03:00:00,230.20702
2012-03-31 04:00:00,241.0254
2012-03-31 05:00:00,223.12619
2012-03-31 06:00:00,153.89769
2012-03-31 07:00:00,153.89796
2012-03-31 08:00:00,153.16324
2012-03-31 09:00:00,242.76346
2012-03-31 10:00:00,213.34694
2012-03-31 11:00:00,295.83392
2012-03-31 12:00:00,255.04712
2012-03-31 13:00:00,307.23553
2012-03-31 14:00:00,245.06888
2012-03-31 15:00:00,270.86346
2012-03-31 16:00:00,236.2366
2012-03-31 17:00:00,288.29486
2012-03-31 18:00:00,279.8929
2012-03-31 19:00:00,263.36954
2012-03-31 20:00:00,249.2328
2012-03-31 21:00:00,249.23268
2012-03-31 22:00:00,221.90977
2012-03-31 23:00:00,123.72227
2012-04-20 00:00:00,253.7148
2012-04-20 01:00:00,285.81583
2012-04-20 02:00:00,290.64755
2012-04-20 03:00:00,301.96686
2012-04-20 04:00:00,279.37598
2012-04-20 05:00:00,256.84924
2012-04-20 06:00:00,322.04794
2012-04-20 07:00:00,256.85474
2012-04-20 08:00:00,263.31912
2012-04-20 09:00:00,316.15372
2012-04-20 10:00:00,316.11166
2012-04-20 11:00:00,305.35486
2012-04-20 12:00:00,300.9123
2012-04-20 13:00:00,377.12567
2012-04-20 14:00:00,346.1799
2012-04-20 15:00:00,339.30313
2012-04-20 16:00:00,358.94427
2012-04-20 17:00:00,311.41302
2012-04-20 18:00:00,290.42578
2012-04-20 19:00:00,276.2653
2012-04-20 20:00:00,294.91617
2012-04-20 21:00:00,229.73747
2012-04-20 22:00:00,351.3001
2012-04-20 23:00:00,245.08197
2012-04-21 00:00:00,267.37717
2012-04-21 01:00:00,267.3756
2012-04-21 02:00:00,258.84943
2012-04-21 03:00:00,296.94147
2012-04-21 04:00:00,297.89154
2012-04-21 05:00:00,298.158
2012-04-21 06:00:00,297.2762
2012-04-21 07:00:00,285.18964
2012-04-21 08:00:00,308.07013
2012-04-21 09:00:00,282.3127
2012-04-21 10:00:00,331.0116
2012-04-21 11:00:00,329.4725
2012-04-21 12:00:00,331.82724
2012-04-21 13:00:00,276.34827
2012-04-21 14:00:00,398.85373
2012-04-21 15:00:00,543.5442
2012-04-21 16:00:00,460.64575
2012-04-21 17:00:00,600.747
2012-04-21 18:00:00,354.0397
2012-04-21 19:00:00,331.29565
2012-04-21 20:00:00,284.30557
2012-04-21 21:00:00,293.69952
2012-04-21 22:00:00,276.41214
2012-04-21 23:00:00,299.78506
2012-04-22 00:00:00,291.24463
2012-04-22 01:00:00,285.02118
2012-04-22 02:00:00,217.8498
2012-04-22 03:00:00,298.6069
2012-04-22 04:00:00,253.98677
2012-04-22 05:00:00,266.11786
2012-04-22 06:00:00,248.40807
2012-04-22 07:00:00,279.50818
2012-04-22 08:00:00,299.53735
2012-04-22 09:00:00,299.53754
2012-04-22 10:00:00,287.14972
2012-04-22 11:00:00,275.2113
2012-04-22 12:00:00,273.01276
2012-04-22 13:00:00,284.73566
2012-04-22 14:00:00,273.01306
2012-04-22 15:00:00,286.5142
2012-04-22 16:00:00,285.969
2012-04-22 17:00:00,138.83008
2012-04-22 18:00:00,138.83023
2012-04-22 19:00:00,197.1668
2012-04-22 20:00:00,135.80208
2012-04-22 21:00:00,192.99855
2012-04-22 22:00:00,197.85075
2012-04-22 23:00:00,201.79231
2012-04-23 00:00:00,202.22202
2012-04-23 01:00:00,172.0267
2012-04-23 02:00:00,171.07222
2012-04-23 03:00:00,239.11685
2012-04-23 04:00:00,186.97362
2012-04-23 05:00:00,186.97523
2012-04-23 06:00:00,197.53711
2012-04-23 07:00:00,164.20584
2012-04-23 08:00:00,220.94328
2012-04-23 09:00:00,208.87576
2012-04-23 10:00:00,281.20715
2012-04-23 11:00:00,280.3467
2012-04-23 12:00:00,291.26807
2012-04-23 13:00:00,339.92154
2012-04-23 14:00:00,375.6702
2012-04-23 15:00:00,325.6235
2012-04-23 16:00:00,188.21521
2012-04-23 17:00:00,179.92467
2012-04-23 18:00:00,286.58347
2012-04-23 19:00:00,255.74222
2012-04-23 20:00:00,265.63412
2012-04-23 21:00:00,267.19684
2012-04-23 22:00:00,247.2298
2012-04-23 23:00:00,265.64487
2012-04-24 00:00:00,277.81854
2012-04-24 01:00:00,310.0293
2012-04-24 02:00:00,301.8676
2012-04-24 03:00:00,288.3969
2012-04-24 04:00:00,187.98984
2012-04-24 05:00:00,187.99301
2012-04-24 06:00:00,214.96681
2012-04-24 07:00:00,264.49692
2012-04-24 08:00:00,265.7158
2012-04-24 09:00:00,231.8914
2012-04-24 10:00:00,223.41609
2012-04-24 11:00:00,288.44138
2012-04-24 12:00:00,281.39127
2012-04-24 13:00:00,267.09814
2012-04-24 14:00:00,292.86227
2012-04-24 15:00:00,364.94116
2012-04-24 16:00:00,328.0864
2012-04-24 17:00:00,377.90118
2012-04-24 18:00:00,317.47528
2012-04-24 19:00:00,343.27225
2012-04-24 20:00:00,336.16003
2012-04-24 21:00:00,317.83557
2012-04-24 22:00:00,236.64043
2012-04-24 23:00:00,250.90099
2012-04-25 00:00:00,216.92155
2012-04-25 01:00:00,214.09476
2012-04-25 02:00:00,299.9562
2012-04-25 03:00:00,215.00798
2012-04-25 04:00:00,209.60913
2012-04-25 05:00:00,190.54698
2012-04-25 06:00:00,190.66873
2012-04-25 07:00:00,200.59036
2012-04-25 08:00:00,206.39186
2012-04-25 09:00:00,197.7599
2012-04-25 10:00:00,213.4394
2012-04-25 11:00:00,238.9259
2012-04-25 12:00:00,283.21915
2012-04-25 13:00:00,313.5974
2012-04-25 14:00:00,348.3401
2012-04-25 15:00:00,368.79803
2012-04-25 16:00:00,391.69907
2012-04-25 17:00:00,375.24454
2012-04-25 18:00:00,375.6965
2012-04-25 19:00:00,367.86975
2012-04-25 20:00:00,335.82465
2012-04-25 21:00:00,241.62413
2012-04-25 22:00:00,145.50803
2012-04-25 23:00:00,148.37402
2012-04-26 00:00:00,165.09018
2012-04-26 01:00:00,150.21814
2012-04-26 02:00:00,164.43056
2012-04-26 03:00:00,182.41222
2012-04-26 04:00:00,143.96722
2012-04-26 05:00:00,213.66507
2012-04-26 06:00:00,189.57332
2012-04-26 07:00:00,259.41327
2012-04-26 08:00:00,286.68854
2012-04-26 09:00:00,264.41287
2012-04-26 10:00:00,220.29408
2012-04-26 11:00:00,237.09326
2012-04-26 12:00:00,281.60168
2012-04-26 13:00:00,278.05505
2012-04-26 14:00:00,286.19824
2012-04-26 15:00:00,296.5939
2012-04-26 16:00:00,295.57056
2012-04-26 17:00:00,275.4212
2012-04-26 18:00:00,288.58456
2012-04-26 19:00:00,305.57074
2012-04-26 20:00:00,288.58826
2012-04-26 21:00:00,295.58618
2012-04-26 22:00:00,274.91608
2012-04-26 23:00:00,276.16522
2012-04-27 00:00:00,330.56223
2012-04-27 01:00:00,329.57416
2012-04-27 02:00:00,274.2776
2012-04-27 03:00:00,263.56198
2012-04-27 04:00:00,212.42502
2012-04-27 05:00:00,283.11115
2012-04-27 06:00:00,194.92314
2012-04-27 07:00:00,194.53937
2012-04-27 08:00:00,173.63495
2012-04-27 09:00:00,298.82776
2012-04-27 10:00:00,285.1622
2012-04-27 11:00:00,252.72711
2012-04-27 12:00:00,262.665
2012-04-27 13:00:00,261.65573
2012-04-27 14:00:00,283.10855
2012-04-27 15:00:00,293.14053
2012-04-27 16:00:00,301.75006
2012-04-27 17:00:00,373.86282
2012-04-27 18:00:00,332.68924
2012-04-27 19:00:00,342.45023
2012-04-27 20:00:00,282.72946
2012-04-27 21:00:00,281.59344
2012-04-27 22:00:00,166.47516
2012-04-27 23:00:00,183.55173
2012-04-28 00:00:00,249.3635
2012-04-28 01:00:00,185.73665
2012-04-28 02:00:00,222.13715
2012-04-28 03:00:00,148.50719
2012-04-28 04:00:00,130.93234
2012-04-28 05:00:00,200.04402
2012-04-28 06:00:00,117.41509
2012-04-28 07:00:00,130.9148
2012-04-28 08:00:00,245.78949
2012-04-28 09:00:00,248.25735
2012-04-28 10:00:00,255.9146
2012-04-28 11:00:00,230.04556
2012-04-28 12:00:00,236.556
2012-04-28 13:00:00,236.069
2012-04-28 14:00:00,220.87271
2012-04-28 15:00:00,193.66994
2012-04-28 16:00:00,231.6614
2012-04-28 17:00:00,222.98323
2012-04-28 18:00:00,129.03015
2012-04-28 19:00:00,145.57143
2012-04-28 20:00:00,139.55772
2012-04-28 21:00:00,148.40157
2012-04-28 22:00:00,145.57222
2012-04-28 23:00:00,220.77654
2012-04-29 00:00:00,213.37738
2012-04-29 01:00:00,213.37814
2012-04-29 02:00:00,193.14134
2012-04-29 03:00:00,178.64595
2012-04-29 04:00:00,196.85912
2012-04-29 05:00:00,119.79117
2012-04-29 06:00:00,143.50351
2012-04-29 07:00:00,143.50421
2012-04-29 08:00:00,223.44498
2012-04-29 09:00:00,174.4259
2012-04-29 10:00:00,158.64168
2012-04-29 11:00:00,120.4371
2012-04-29 12:00:00,203.71309
2012-04-29 13:00:00,210.76137
2012-04-29 14:00:00,243.60945
2012-04-29 15:00:00,323.51572
2012-04-29 16:00:00,452.30338
2012-04-29 17:00:00,461.99683
2012-04-29 18:00:00,449.2827
2012-04-29 19:00:00,322.6777
2012-04-29 20:00:00,313.39404
2012-04-29 21:00:00,193.65639
2012-04-29 22:00:00,198.26416
2012-04-29 23:00:00,81.94833
2012-04-30 00:00:00,207.97719
2012-04-30 01:00:00,233.4875
2012-04-30 02:00:00,211.01566
2012-04-30 03:00:00,263.55148
2012-04-30 04:00:00,258.17236
2012-04-30 05:00:00,257.72845
2012-04-30 06:00:00,146.20386
2012-04-30 07:00:00,156.71446
2012-04-30 08:00:00,191.91655
2012-04-30 09:00:00,191.9184
2012-04-30 10:00:00,233.18593
2012-04-30 11:00:00,237.37688
2012-04-30 12:00:00,210.82579
2012-04-30 13:00:00,146.54457
2012-04-30 14:00:00,202.0538
2012-04-30 15:00:00,194.47595
2012-04-30 16:00:00,283.6919
2012-04-30 17:00:00,290.05743
2012-04-30 18:00:00,299.41562
2012-04-30 19:00:00,238.68634
2012-04-30 20:00:00,240.44873
2012-04-30 21:00:00,240.44954
2012-04-30 22:00:00,234.00494
2012-04-30 23:00:00,237.51144
2012-05-20 00:00:00,215.13622
2012-05-20 01:00:00,204.05902
2012-05-20 02:00:00,204.05937
2012-05-20 03:00:00,146.71193
2012-05-20 04:00:00,100.35396
2012-05-20 05:00:00,100.2362
2012-05-20 06:00:00,90.32244
2012-05-20 07:00:00,83.73062
2012-05-20 08:00:00,251.08875
2012-05-20 09:00:00,519.6495
2012-05-20 10:00:00,579.4122
2012-05-20 11:00:00,572.2757
2012-05-20 12:00:00,570.83386
2012-05-20 13:00:00,568.70337
2012-05-20 14:00:00,543.88684
2012-05-20 15:00:00,542.9375
2012-05-20 16:00:00,448.44
2012-05-20 17:00:00,406.3915
2012-05-20 18:00:00,371.92758
2012-05-20 19:00:00,320.61896
2012-05-20 20:00:00,320.61743
2012-05-20 21:00:00,223.0389
2012-05-20 22:00:00,154.28514
2012-05-20 23:00:00,162.91331
2012-05-21 00:00:00,180.17796
2012-05-21 01:00:00,155.83261
2012-05-21 02:00:00,156.5364
2012-05-21 03:00:00,190.83153
2012-05-21 04:00:00,190.8311
2012-05-21 05:00:00,190.83067
2012-05-21 06:00:00,190.83025
2012-05-21 07:00:00,190.82983
2012-05-21 08:00:00,158.76854
2012-05-21 09:00:00,155.12593
2012-05-21 10:00:00,164.26631
2012-05-21 11:00:00,147.29594
2012-05-21 12:00:00,185.043
2012-05-21 13:00:00,185.042
2012-05-21 14:00:00,168.9532
2012-05-21 15:00:00,303.67935
2012-05-21 16:00:00,237.43735
2012-05-21 17:00:00,441.31116
2012-05-21 18:00:00,284.16354
2012-05-21 19:00:00,408.7122
2012-05-21 20:00:00,271.67273
2012-05-21 21:00:00,209.68321
2012-05-21 22:00:00,180.00911
2012-05-21 23:00:00,176.1145
2012-05-22 00:00:00,173.47166
2012-05-22 01:00:00,155.36449
2012-05-22 02:00:00,196.55797
2012-05-22 03:00:00,196.55821
2012-05-22 04:00:00,126.84793
2012-05-22 05:00:00,163.40555
2012-05-22 06:00:00,150.96667
2012-05-22 07:00:00,150.96783
2012-05-22 08:00:00,117.53662
2012-05-22 09:00:00,167.80771
2012-05-22 10:00:00,187.56496
2012-05-22 11:00:00,267.7379
2012-05-22 12:00:00,184.40747
2012-05-22 13:00:00,273.26443
2012-05-22 14:00:00,283.0014
2012-05-22 15:00:00,436.53958
2012-05-22 16:00:00,411.39346
2012-05-22 17:00:00,422.85434
2012-05-22 18:00:00,408.53793
2012-05-22 19:00:00,412.85748
2012-05-22 20:00:00,246.69873
2012-05-22 21:00:00,153.48605
2012-05-22 22:00:00,220.86786
2012-05-22 23:00:00,229.87689
2012-05-23 00:00:00,153.68845
2012-05-23 01:00:00,109.78027
2012-05-23 02:00:00,109.77882
2012-05-23 03:00:00,139.77956
2012-05-23 04:00:00,131.87035
2012-05-23 05:00:00,137.47353
2012-05-23 06:00:00,116.467155
2012-05-23 07:00:00,285.17902
2012-05-23 08:00:00,285.1807
2012-05-23 09:00:00,236.53969
2012-05-23 10:00:00,200.52446
2012-05-23 11:00:00,273.33173
2012-05-23 12:00:00,380.52728
2012-05-23 13:00:00,359.92548
2012-05-23 14:00:00,399.64856
2012-05-23 15:00:00,392.0384
2012-05-23 16:00:00,407.1604
2012-05-23 17:00:00,284.11612
2012-05-23 18:00:00,284.11746
2012-05-23 19:00:00,135.14725
2012-05-23 20:00:00,218.02747
2012-05-23 21:00:00,287.61014
2012-05-23 22:00:00,135.14355
2012-05-23 23:00:00,131.33382
2012-05-24 00:00:00,219.33426
2012-05-24 01:00:00,213.50575
2012-05-24 02:00:00,285.61795
2012-05-24 03:00:00,157.23714
2012-05-24 04:00:00,92.682274
2012-05-24 05:00:00,92.68163
2012-05-24 06:00:00,92.68101
2012-05-24 07:00:00,183.41083
2012-05-24 08:00:00,192.57932
2012-05-24 09:00:00,158.31206
2012-05-24 10:00:00,295.15872
2012-05-24 11:00:00,334.68268
2012-05-24 12:00:00,373.54874
2012-05-24 13:00:00,389.7859
2012-05-24 14:00:00,412.21603
2012-05-24 15:00:00,395.58304
2012-05-24 16:00:00,400.53845
2012-05-24 17:00:00,389.32516
2012-05-24 18:00:00,387.92203
2012-05-24 19:00:00,327.7884
2012-05-24 20:00:00,314.5035
2012-05-24 21:00:00,158.33887
2012-05-24 22:00:00,202.88828
2012-05-24 23:00:00,178.05183
2012-05-25 00:00:00,182.22609
2012-05-25 01:00:00,215.41298
2012-05-25 02:00:00,249.5586
2012-05-25 03:00:00,159.48094
2012-05-25 04:00:00,222.9298
2012-05-25 05:00:00,176.00414
2012-05-25 06:00:00,159.48102
2012-05-25 07:00:00,131.03792
2012-05-25 08:00:00,190.06108
2012-05-25 09:00:00,190.85025
2012-05-25 10:00:00,335.42374
2012-05-25 11:00:00,337.6245
2012-05-25 12:00:00,362.61594
2012-05-25 13:00:00,318.5034
2012-05-25 14:00:00,321.8503
2012-05-25 15:00:00,319.43588
2012-05-25 16:00:00,402.9963
2012-05-25 17:00:00,336.11932
2012-05-25 18:00:00,318.8573
2012-05-25 19:00:00,326.22015
2012-05-25 20:00:00,351.64282
2012-05-25 21:00:00,362.8415
2012-05-25 22:00:00,314.48642
2012-05-25 23:00:00,274.05093
2012-05-26 00:00:00,204.70372
2012-05-26 01:00:00,215.48897
2012-05-26 02:00:00,214.20854
2012-05-26 03:00:00,189.4555
2012-05-26 04:00:00,157.74158
2012-05-26 05:00:00,155.55937
2012-05-26 06:00:00,140.0782
2012-05-26 07:00:00,141.47885
2012-05-26 08:00:00,220.36658
2012-05-26 09:00:00,205.15346
2012-05-26 10:00:00,379.27637
2012-05-26 11:00:00,349.26285
2012-05-26 12:00:00,362.00827
2012-05-26 13:00:00,367.09082
2012-05-26 14:00:00,387.25937
2012-05-26 15:00:00,387.46384
2012-05-26 16:00:00,437.8989
2012-05-26 17:00:00,416.3844
2012-05-26 18:00:00,425.58298
2012-05-26 19:00:00,362.00507
2012-05-26 20:00:00,421.8623
2012-05-26 21:00:00,374.3425
2012-05-26 22:00:00,353.04254
2012-05-26 23:00:00,353.04196
2012-05-27 00:00:00,343.75134
2012-05-27 01:00:00,324.62326
2012-05-27 02:00:00,235.13475
2012-05-27 03:00:00,226.0105
2012-05-27 04:00:00,159.12424
2012-05-27 05:00:00,159.12404
2012-05-27 06:00:00,161.994
2012-05-27 07:00:00,142.54384
2012-05-27 08:00:00,194.80844
2012-05-27 09:00:00,214.68143
2012-05-27 10:00:00,330.56314
2012-05-27 11:00:00,380.77942
2012-05-27 12:00:00,353.81036
2012-05-27 13:00:00,356.48694
2012-05-27 14:00:00,377.3407
2012-05-27 15:00:00,413.4361
2012-05-27 16:00:00,413.43582
2012-05-27 17:00:00,403.8507
2012-05-27 18:00:00,370.82535
2012-05-27 19:00:00,355.5228
2012-05-27 20:00:00,408.81122
2012-05-27 21:00:00,312.48367
2012-05-27 22:00:00,203.4879
2012-05-27 23:00:00,181.4856
2012-05-28 00:00:00,231.37451
2012-05-28 01:00:00,168.51141
2012-05-28 02:00:00,220.12784
2012-05-28 03:00:00,187.6513
2012-05-28 04:00:00,150.6862
2012-05-28 05:00:00,150.68585
2012-05-28 06:00:00,187.11961
2012-05-28 07:00:00,199.15018
2012-05-28 08:00:00,369.56796
2012-05-28 09:00:00,410.3413
2012-05-28 10:00:00,410.3416
2012-05-28 11:00:00,454.53342
2012-05-28 12:00:00,387.85117
2012-05-28 13:00:00,419.3042
2012-05-28 14:00:00,419.3051
2012-05-28 15:00:00,412.46295
2012-05-28 16:00:00,415.0089
2012-05-28 17:00:00,412.46335
2012-05-28 18:00:00,406.23065
2012-05-28 19:00:00,453.57904
2012-05-28 20:00:00,382.51144
2012-05-28 21:00:00,387.54236
2012-05-28 22:00:00,375.3912
2012-05-28 23:00:00,386.18936
2012-05-29 00:00:00,397.18958
2012-05-29 01:00:00,397.1911
2012-05-29 02:00:00,366.7808
2012-05-29 03:00:00,385.7521
2012-05-29 04:00:00,307.13834
2012-05-29 05:00:00,307.13977
2012-05-29 06:00:00,307.14117
2012-05-29 07:00:00,307.1426
2012-05-29 08:00:00,396.28522
2012-05-29 09:00:00,421.20096
2012-05-29 10:00:00,319.52875
2012-05-29 11:00:00,371.04132
2012-05-29 12:00:00,469.3858
2012-05-29 13:00:00,461.07526
2012-05-29 14:00:00,462.01202
2012-05-29 15:00:00,458.31158
2012-05-29 16:00:00,452.1076
2012-05-29 17:00:00,491.69254
2012-05-29 18:00:00,461.65195
2012-05-29 19:00:00,494.1653
2012-05-29 20:00:00,304.1743
2012-05-29 21:00:00,165.50536
2012-05-29 22:00:00,188.9243
2012-05-29 23:00:00,277.93582
2012-05-30 00:00:00,185.82343
2012-05-30 01:00:00,165.06216
2012-05-30 02:00:00,245.8824
2012-05-30 03:00:00,135.65407
2012-05-30 04:00:00,135.65346
2012-05-30 05:00:00,127.445404
2012-05-30 06:00:00,114.314
2012-05-30 07:00:00,106.60461
2012-05-30 08:00:00,144.16321
2012-05-30 09:00:00,238.18175
2012-05-30 10:00:00,201.98546
2012-05-30 11:00:00,369.55695
2012-05-30 12:00:00,382.07556
2012-05-30 13:00:00,388.8733
2012-05-30 14:00:00,405.40796
2012-05-30 15:00:00,428.8596
2012-05-30 16:00:00,440.45993
2012-05-30 17:00:00,387.9497
2012-05-30 18:00:00,401.73422
2012-05-30 19:00:00,422.32916
2012-05-30 20:00:00,265.66342
2012-05-30 21:00:00,357.22272
2012-05-30 22:00:00,373.37482
2012-05-30 23:00:00,381.75824
2012-05-31 00:00:00,261.31085
2012-05-31 01:00:00,262.51248
2012-05-31 02:00:00,299.9411
2012-05-31 03:00:00,208.78029
2012-05-31 04:00:00,196.0246
2012-05-31 05:00:00,195.7145
2012-05-31 06:00:00,115.11682
2012-05-31 07:00:00,194.49901
2012-05-31 08:00:00,235.85841
2012-05-31 09:00:00,327.42368
2012-05-31 10:00:00,464.80017
2012-05-31 11:00:00,456.1299
2012-05-31 12:00:00,457.5622
2012-05-31 13:00:00,499.98932
2012-05-31 14:00:00,542.0842
2012-05-31 15:00:00,488.84906
2012-05-31 16:00:00,489.34222
2012-05-31 17:00:00,558.0164
2012-05-31 18:00:00,516.31934
2012-05-31 19:00:00,530.539
2012-05-31 20:00:00,378.08954
2012-05-31 21:00:00,378.0893
2012-05-31 22:00:00,340.26147
2012-05-31 23:00:00,307.02133
2012-06-20 00:00:00,219.32709
2012-06-20 01:00:00,231.39803
2012-06-20 02:00:00,252.57245
2012-06-20 03:00:00,210.04918
2012-06-20 04:00:00,195.84418
2012-06-20 05:00:00,195.84578
2012-06-20 06:00:00,287.0092
2012-06-20 07:00:00,313.8576
2012-06-20 08:00:00,203.59198
2012-06-20 09:00:00,227.90265
2012-06-20 10:00:00,443.91168
2012-06-20 11:00:00,446.11472
2012-06-20 12:00:00,415.77176
2012-06-20 13:00:00,411.18652
2012-06-20 14:00:00,469.50778
2012-06-20 15:00:00,447.14795
2012-06-20 16:00:00,449.2123
2012-06-20 17:00:00,450.5027
2012-06-20 18:00:00,450.5038
2012-06-20 19:00:00,473.4188
2012-06-20 20:00:00,523.1703
2012-06-20 21:00:00,427.34488
2012-06-20 22:00:00,428.1825
2012-06-20 23:00:00,298.54788
2012-06-21 00:00:00,248.21109
2012-06-21 01:00:00,225.6621
2012-06-21 02:00:00,226.99548
2012-06-21 03:00:00,210.86568
2012-06-21 04:00:00,218.50977
2012-06-21 05:00:00,204.41525
2012-06-21 06:00:00,218.51039
2012-06-21 07:00:00,218.51071
2012-06-21 08:00:00,237.63844
2012-06-21 09:00:00,492.83832
2012-06-21 10:00:00,423.3158
2012-06-21 11:00:00,545.6027
2012-06-21 12:00:00,497.5072
2012-06-21 13:00:00,493.50552
2012-06-21 14:00:00,493.51254
2012-06-21 15:00:00,504.45676
2012-06-21 16:00:00,497.70755
2012-06-21 17:00:00,489.8068
2012-06-21 18:00:00,535.1902
2012-06-21 19:00:00,477.00797
2012-06-21 20:00:00,463.6932
2012-06-21 21:00:00,486.3295
2012-06-21 22:00:00,357.47296
2012-06-21 23:00:00,356.62518
2012-06-22 00:00:00,256.95383
2012-06-22 01:00:00,248.30748
2012-06-22 02:00:00,198.48737
2012-06-22 03:00:00,198.48932
2012-06-22 04:00:00,269.5631
2012-06-22 05:00:00,221.08548
2012-06-22 06:00:00,238.94034
2012-06-22 07:00:00,277.53876
2012-06-22 08:00:00,444.42923
2012-06-22 09:00:00,314.39713
2012-06-22 10:00:00,454.5409
2012-06-22 11:00:00,455.85135
2012-06-22 12:00:00,434.27075
2012-06-22 13:00:00,480.99854
2012-06-22 14:00:00,480.99918
2012-06-22 15:00:00,488.3071
2012-06-22 16:00:00,487.3719
2012-06-22 17:00:00,533.7304
2012-06-22 18:00:00,465.54697
2012-06-22 19:00:00,395.94162
2012-06-22 20:00:00,395.94183
2012-06-22 21:00:00,305.38925
2012-06-22 22:00:00,238.23523
2012-06-22 23:00:00,236.78206
2012-06-23 00:00:00,185.3488
2012-06-23 01:00:00,202.67622
2012-06-23 02:00:00,161.27791
2012-06-23 03:00:00,187.9251
2012-06-23 04:00:00,169.6754
2012-06-23 05:00:00,161.2767
2012-06-23 06:00:00,187.92426
2012-06-23 07:00:00,169.67438
2012-06-23 08:00:00,291.12543
2012-06-23 09:00:00,299.77927
2012-06-23 10:00:00,427.28293
2012-06-23 11:00:00,455.5186
2012-06-23 12:00:00,486.3042
2012-06-23 13:00:00,539.66595
2012-06-23 14:00:00,565.6044
2012-06-23 15:00:00,549.1131
2012-06-23 16:00:00,545.8766
2012-06-23 17:00:00,545.55
2012-06-23 18:00:00,549.8492
2012-06-23 19:00:00,559.84503
2012-06-23 20:00:00,572.2553
2012-06-23 21:00:00,561.9538
2012-06-23 22:00:00,539.7416
2012-06-23 23:00:00,445.58942
2012-06-24 00:00:00,366.9765
2012-06-24 01:00:00,325.2988
2012-06-24 02:00:00,359.06293
2012-06-24 03:00:00,256.9825
2012-06-24 04:00:00,286.30255
2012-06-24 05:00:00,163.1029
2012-06-24 06:00:00,167.65216
2012-06-24 07:00:00,161.98686
2012-06-24 08:00:00,296.19626
2012-06-24 09:00:00,394.42902
2012-06-24 10:00:00,484.5607
2012-06-24 11:00:00,501.8351
2012-06-24 12:00:00,547.73096
2012-06-24 13:00:00,552.02716
2012-06-24 14:00:00,536.14215
2012-06-24 15:00:00,510.79355
2012-06-24 16:00:00,529.5633
2012-06-24 17:00:00,525.6701
2012-06-24 18:00:00,528.72595
2012-06-24 19:00:00,548.5671
2012-06-24 20:00:00,450.2594
2012-06-24 21:00:00,399.55823
2012-06-24 22:00:00,385.6532
2012-06-24 23:00:00,300.19315
2012-06-25 00:00:00,363.23862
2012-06-25 01:00:00,383.70517
2012-06-25 02:00:00,348.39548
2012-06-25 03:00:00,387.26505
2012-06-25 04:00:00,306.0794
2012-06-25 05:00:00,372.29376
2012-06-25 06:00:00,301.92975
2012-06-25 07:00:00,372.3469
2012-06-25 08:00:00,398.12613
2012-06-25 09:00:00,342.7389
2012-06-25 10:00:00,551.6869
2012-06-25 11:00:00,538.1887
2012-06-25 12:00:00,400.27182
2012-06-25 13:00:00,455.32013
2012-06-25 14:00:00,513.6784
2012-06-25 15:00:00,565.5184
2012-06-25 16:00:00,527.95026
2012-06-25 17:00:00,571.00037
2012-06-25 18:00:00,566.0877
2012-06-25 19:00:00,563.33826
2012-06-25 20:00:00,572.7774
2012-06-25 21:00:00,481.0459
2012-06-25 22:00:00,456.8036
2012-06-25 23:00:00,479.19403
2012-06-26 00:00:00,459.13443
2012-06-26 01:00:00,450.2453
2012-06-26 02:00:00,452.98273
2012-06-26 03:00:00,402.03973
2012-06-26 04:00:00,408.94263
2012-06-26 05:00:00,298.4379
2012-06-26 06:00:00,170.08069
2012-06-26 07:00:00,182.9439
2012-06-26 08:00:00,306.87506
2012-06-26 09:00:00,428.17133
2012-06-26 10:00:00,489.5853
2012-06-26 11:00:00,511.49023
2012-06-26 12:00:00,523.1815
2012-06-26 13:00:00,551.16815
2012-06-26 14:00:00,551.1701
2012-06-26 15:00:00,562.60297
2012-06-26 16:00:00,538.1704
2012-06-26 17:00:00,542.386
2012-06-26 18:00:00,524.96136
2012-06-26 19:00:00,513.634
2012-06-26 20:00:00,501.43933
2012-06-26 21:00:00,501.67862
2012-06-26 22:00:00,485.75815
2012-06-26 23:00:00,463.12897
2012-06-27 00:00:00,452.95468
2012-06-27 01:00:00,467.30853
2012-06-27 02:00:00,354.3064
2012-06-27 03:00:00,385.85043
2012-06-27 04:00:00,450.21765
2012-06-27 05:00:00,482.60812
2012-06-27 06:00:00,436.78625
2012-06-27 07:00:00,468.27252
2012-06-27 08:00:00,445.85614
2012-06-27 09:00:00,493.8655
2012-06-27 10:00:00,510.4258
2012-06-27 11:00:00,559.35925
2012-06-27 12:00:00,545.9667
2012-06-27 13:00:00,560.3105
2012-06-27 14:00:00,565.6912
2012-06-27 15:00:00,567.01434
2012-06-27 16:00:00,561.25757
2012-06-27 17:00:00,558.8789
2012-06-27 18:00:00,560.2512
2012-06-27 19:00:00,565.5918
2012-06-27 20:00:00,553.0112
2012-06-27 21:00:00,499.4373
2012-06-27 22:00:00,446.1924
2012-06-27 23:00:00,430.77435
2012-06-28 00:00:00,381.01678
2012-06-28 01:00:00,343.01303
2012-06-28 02:00:00,374.74908
2012-06-28 03:00:00,374.7494
2012-06-28 04:00:00,215.33957
2012-06-28 05:00:00,253.31396
2012-06-28 06:00:00,253.3137
2012-06-28 07:00:00,215.33809
2012-06-28 08:00:00,412.24966
2012-06-28 09:00:00,372.07492
2012-06-28 10:00:00,473.3311
2012-06-28 11:00:00,555.8888
2012-06-28 12:00:00,501.72073
2012-06-28 13:00:00,500.35095
2012-06-28 14:00:00,513.46344
2012-06-28 15:00:00,513.46576
2012-06-28 16:00:00,493.06406
2012-06-28 17:00:00,488.72522
2012-06-28 18:00:00,513.8885
2012-06-28 19:00:00,522.56134
2012-06-28 20:00:00,535.38684
2012-06-28 21:00:00,493.9578
2012-06-28 22:00:00,468.47845
2012-06-28 23:00:00,450.3217
2012-06-29 00:00:00,425.86142
2012-06-29 01:00:00,409.92487
2012-06-29 02:00:00,245.73111
2012-06-29 03:00:00,245.7297
2012-06-29 04:00:00,240.1422
2012-06-29 05:00:00,215.4142
2012-06-29 06:00:00,235.16125
2012-06-29 07:00:00,215.41228
2012-06-29 08:00:00,398.99496
2012-06-29 09:00:00,455.95996
2012-06-29 10:00:00,486.18628
2012-06-29 11:00:00,471.229
2012-06-29 12:00:00,462.38916
2012-06-29 13:00:00,471.41293
2012-06-29 14:00:00,464.0151
2012-06-29 15:00:00,459.03534
2012-06-29 16:00:00,459.03604
2012-06-29 17:00:00,465.81497
2012-06-29 18:00:00,463.11768
2012-06-29 19:00:00,440.7332
2012-06-29 20:00:00,459.23917
2012-06-29 21:00:00,454.8221
2012-06-29 22:00:00,318.98282
2012-06-29 23:00:00,318.98257
2012-06-30 00:00:00,145.2143
2012-06-30 01:00:00,140.37506
2012-06-30 02:00:00,179.22366
2012-06-30 03:00:00,179.22368
2012-06-30 04:00:00,131.36848
2012-06-30 05:00:00,140.5689
2012-06-30 06:00:00,140.56862
2012-06-30 07:00:00,140.56834
2012-06-30 08:00:00,140.56807
2012-06-30 09:00:00,140.5678
2012-06-30 10:00:00,483.02527
2012-06-30 11:00:00,483.0257
2012-06-30 12:00:00,483.02618
2012-06-30 13:00:00,483.02658
2012-06-30 14:00:00,483.02704
2012-06-30 15:00:00,483.0275
2012-06-30 16:00:00,474.8699
2012-06-30 17:00:00,472.4452
2012-06-30 18:00:00,466.80917
2012-06-30 19:00:00,447.76663
2012-06-30 20:00:00,421.72174
2012-06-30 21:00:00,421.72186
2012-06-30 22:00:00,312.32397
2012-06-30 23:00:00,329.41812
2012-07-20 00:00:00,210.60585
2012-07-20 01:00:00,130.61844
2012-07-20 02:00:00,210.60693
2012-07-20 03:00:00,150.8381
2012-07-20 04:00:00,88.402725
2012-07-20 05:00:00,130.61891
2012-07-20 06:00:00,88.5194
2012-07-20 07:00:00,91.64677
2012-07-20 08:00:00,116.64384
2012-07-20 09:00:00,117.3077
2012-07-20 10:00:00,129.51302
2012-07-20 11:00:00,129.10788
2012-07-20 12:00:00,116.64364
2012-07-20 13:00:00,112.479515
2012-07-20 14:00:00,94.745415
2012-07-20 15:00:00,104.79948
2012-07-20 16:00:00,165.98392
2012-07-20 17:00:00,115.34809
2012-07-20 18:00:00,185.30968
2012-07-20 19:00:00,120.00197
2012-07-20 20:00:00,116.220474
2012-07-20 21:00:00,137.98598
2012-07-20 22:00:00,124.80131
2012-07-20 23:00:00,136.51028
2012-07-21 00:00:00,114.4766
2012-07-21 01:00:00,114.58595
2012-07-21 02:00:00,122.34221
2012-07-21 03:00:00,116.90819
2012-07-21 04:00:00,135.52237
2012-07-21 05:00:00,128.21179
2012-07-21 06:00:00,128.2714
2012-07-21 07:00:00,128.36911
2012-07-21 08:00:00,127.31593
2012-07-21 09:00:00,119.11329
2012-07-21 10:00:00,128.36787
2012-07-21 11:00:00,112.24264
2012-07-21 12:00:00,108.07783
2012-07-21 13:00:00,103.926025
2012-07-21 14:00:00,115.66006
2012-07-21 15:00:00,115.65986
2012-07-21 16:00:00,104.87222
2012-07-21 17:00:00,99.55307
2012-07-21 18:00:00,104.87196
2012-07-21 19:00:00,99.55298
2012-07-21 20:00:00,99.552925
2012-07-21 21:00:00,99.55289
2012-07-21 22:00:00,115.72377
2012-07-21 23:00:00,124.38066
2012-07-22 00:00:00,123.13891
2012-07-22 01:00:00,113.44189
2012-07-22 02:00:00,123.1391
2012-07-22 03:00:00,123.13919
2012-07-22 04:00:00,127.689255
2012-07-22 05:00:00,127.68942
2012-07-22 06:00:00,145.82637
2012-07-22 07:00:00,143.4569
2012-07-22 08:00:00,164.12096
2012-07-22 09:00:00,166.56894
2012-07-22 10:00:00,179.40656
2012-07-22 11:00:00,179.40697
2012-07-22 12:00:00,148.82256
2012-07-22 13:00:00,200.23598
2012-07-22 14:00:00,212.54416
2012-07-22 15:00:00,212.54324
2012-07-22 16:00:00,342.5913
2012-07-22 17:00:00,382.61044
2012-07-22 18:00:00,374.6912
2012-07-22 19:00:00,174.1319
2012-07-22 20:00:00,173.50429
2012-07-22 21:00:00,144.66142
2012-07-22 22:00:00,157.34601
2012-07-22 23:00:00,166.05243
2012-07-23 00:00:00,253.3515
2012-07-23 01:00:00,136.36273
2012-07-23 02:00:00,241.83205
2012-07-23 03:00:00,241.83492
2012-07-23 04:00:00,203.04333
2012-07-23 05:00:00,203.04482
2012-07-23 06:00:00,95.32597
2012-07-23 07:00:00,76.15723
2012-07-23 08:00:00,75.43719
2012-07-23 09:00:00,364.84473
2012-07-23 10:00:00,356.62543
2012-07-23 11:00:00,343.2711
2012-07-23 12:00:00,343.25964
2012-07-23 13:00:00,324.25674
2012-07-23 14:00:00,538.9896
2012-07-23 15:00:00,349.37103
2012-07-23 16:00:00,345.7837
2012-07-23 17:00:00,345.186
2012-07-23 18:00:00,355.6236
2012-07-23 19:00:00,356.85934
2012-07-23 20:00:00,519.89514
2012-07-23 21:00:00,540.0356
2012-07-23 22:00:00,507.31952
2012-07-23 23:00:00,287.85925
2012-07-24 00:00:00,168.5068
2012-07-24 01:00:00,160.48875
2012-07-24 02:00:00,129.7388
2012-07-24 03:00:00,129.73875
2012-07-24 04:00:00,169.4293
2012-07-24 05:00:00,159.34181
2012-07-24 06:00:00,156.31839
2012-07-24 07:00:00,193.67584
2012-07-24 08:00:00,442.39838
2012-07-24 09:00:00,371.37555
2012-07-24 10:00:00,524.4865
2012-07-24 11:00:00,416.1779
2012-07-24 12:00:00,527.9307
2012-07-24 13:00:00,411.04166
2012-07-24 14:00:00,396.11206
2012-07-24 15:00:00,398.26108
2012-07-24 16:00:00,388.85114
2012-07-24 17:00:00,413.18817
2012-07-24 18:00:00,531.8158
2012-07-24 19:00:00,541.4739
2012-07-24 20:00:00,489.87103
2012-07-24 21:00:00,496.66748
2012-07-24 22:00:00,492.85748
2012-07-24 23:00:00,479.7829
2012-07-25 00:00:00,324.2289
2012-07-25 01:00:00,247.43994
2012-07-25 02:00:00,284.57297
2012-07-25 03:00:00,271.7231
2012-07-25 04:00:00,244.51433
2012-07-25 05:00:00,201.34735
2012-07-25 06:00:00,211.71597
2012-07-25 07:00:00,408.6458
2012-07-25 08:00:00,448.37573
2012-07-25 09:00:00,493.7243
2012-07-25 10:00:00,445.7579
2012-07-25 11:00:00,482.24744
2012-07-25 12:00:00,482.2487
2012-07-25 13:00:00,523.2346
2012-07-25 14:00:00,538.2711
2012-07-25 15:00:00,509.15298
2012-07-25 16:00:00,527.8734
2012-07-25 17:00:00,529.577
2012-07-25 18:00:00,540.42535
2012-07-25 19:00:00,508.59192
2012-07-25 20:00:00,454.59616
2012-07-25 21:00:00,380.29874
2012-07-25 22:00:00,243.38943
2012-07-25 23:00:00,304.54813
2012-07-26 00:00:00,203.50862
2012-07-26 01:00:00,230.3707
2012-07-26 02:00:00,177.29688
2012-07-26 03:00:00,179.64049
2012-07-26 04:00:00,165.73601
2012-07-26 05:00:00,165.73521
2012-07-26 06:00:00,164.51588
2012-07-26 07:00:00,136.30788
2012-07-26 08:00:00,136.30658
2012-07-26 09:00:00,141.17706
2012-07-26 10:00:00,346.8891
2012-07-26 11:00:00,498.60855
2012-07-26 12:00:00,501.48782
2012-07-26 13:00:00,445.07437
2012-07-26 14:00:00,398.2706
2012-07-26 15:00:00,459.12997
2012-07-26 16:00:00,454.58005
2012-07-26 17:00:00,439.58545
2012-07-26 18:00:00,466.75095
2012-07-26 19:00:00,451.85162
2012-07-26 20:00:00,418.29922
2012-07-26 21:00:00,420.64807
2012-07-26 22:00:00,420.6488
2012-07-26 23:00:00,145.3246
2012-07-27 00:00:00,168.65677
2012-07-27 01:00:00,106.45159
2012-07-27 02:00:00,110.30354
2012-07-27 03:00:00,136.23357
2012-07-27 04:00:00,158.57141
2012-07-27 05:00:00,132.06464
2012-07-27 06:00:00,158.57361
2012-07-27 07:00:00,125.050446
2012-07-27 08:00:00,359.97324
2012-07-27 09:00:00,399.41864
2012-07-27 10:00:00,378.53485
2012-07-27 11:00:00,425.20935
2012-07-27 12:00:00,400.98648
2012-07-27 13:00:00,407.13266
2012-07-27 14:00:00,410.25525
2012-07-27 15:00:00,544.86615
2012-07-27 16:00:00,429.70914
2012-07-27 17:00:00,544.488
2012-07-27 18:00:00,393.2263
2012-07-27 19:00:00,370.66873
2012-07-27 20:00:00,437.87213
2012-07-27 21:00:00,437.87302
2012-07-27 22:00:00,458.96268
2012-07-27 23:00:00,367.59174
2012-07-28 00:00:00,436.93982
2012-07-28 01:00:00,201.03114
2012-07-28 02:00:00,220.14348
2012-07-28 03:00:00,220.14331
2012-07-28 04:00:00,150.956
2012-07-28 05:00:00,175.01344
2012-07-28 06:00:00,158.01407
2012-07-28 07:00:00,176.17876
2012-07-28 08:00:00,423.04092
2012-07-28 09:00:00,458.5279
2012-07-28 10:00:00,399.07248
2012-07-28 11:00:00,549.4852
2012-07-28 12:00:00,550.92804
2012-07-28 13:00:00,550.85565
2012-07-28 14:00:00,541.66974
2012-07-28 15:00:00,497.05505
2012-07-28 16:00:00,541.98157
2012-07-28 17:00:00,420.20413
2012-07-28 18:00:00,483.87332
2012-07-28 19:00:00,169.713
2012-07-28 20:00:00,136.45744
2012-07-28 21:00:00,174.88762
2012-07-28 22:00:00,174.8872
2012-07-28 23:00:00,172.81906
2012-07-29 00:00:00,150.88559
2012-07-29 01:00:00,148.22372
2012-07-29 02:00:00,156.22842
2012-07-29 03:00:00,159.4195
2012-07-29 04:00:00,112.63489
2012-07-29 05:00:00,99.357704
2012-07-29 06:00:00,143.58557
2012-07-29 07:00:00,162.59805
2012-07-29 08:00:00,224.93654
2012-07-29 09:00:00,283.68265
2012-07-29 10:00:00,398.11545
2012-07-29 11:00:00,383.71454
2012-07-29 12:00:00,388.4654
2012-07-29 13:00:00,417.84805
2012-07-29 14:00:00,427.27057
2012-07-29 15:00:00,460.42786
2012-07-29 16:00:00,460.4283
2012-07-29 17:00:00,546.69006
2012-07-29 18:00:00,546.5737
2012-07-29 19:00:00,383.40256
2012-07-29 20:00:00,350.8938
2012-07-29 21:00:00,175.23227
2012-07-29 22:00:00,154.08673
2012-07-29 23:00:00,200.52711
2012-07-30 00:00:00,148.40208
2012-07-30 01:00:00,167.69472
2012-07-30 02:00:00,160.71864
2012-07-30 03:00:00,178.26001
2012-07-30 04:00:00,178.25662
2012-07-30 05:00:00,161.1831
2012-07-30 06:00:00,138.88245
2012-07-30 07:00:00,88.20603
2012-07-30 08:00:00,152.57047
2012-07-30 09:00:00,368.8028
2012-07-30 10:00:00,492.30374
2012-07-30 11:00:00,370.39935
2012-07-30 12:00:00,483.97275
2012-07-30 13:00:00,365.31155
2012-07-30 14:00:00,392.05374
2012-07-30 15:00:00,389.00674
2012-07-30 16:00:00,380.41428
2012-07-30 17:00:00,410.74716
2012-07-30 18:00:00,504.28857
2012-07-30 19:00:00,357.74304
2012-07-30 20:00:00,205.09846
2012-07-30 21:00:00,194.18817
2012-07-30 22:00:00,161.86926
2012-07-30 23:00:00,143.17642
2012-07-31 00:00:00,143.67897
2012-07-31 01:00:00,140.39537
2012-07-31 02:00:00,140.39532
2012-07-31 03:00:00,149.04541
2012-07-31 04:00:00,149.04594
2012-07-31 05:00:00,121.05649
2012-07-31 06:00:00,111.399055
2012-07-31 07:00:00,103.883255
2012-07-31 08:00:00,104.535515
2012-07-31 09:00:00,150.45152
2012-07-31 10:00:00,184.1159
2012-07-31 11:00:00,414.50934
2012-07-31 12:00:00,380.748
2012-07-31 13:00:00,372.38092
2012-07-31 14:00:00,371.95154
2012-07-31 15:00:00,506.62787
2012-07-31 16:00:00,519.9036
2012-07-31 17:00:00,380.69553
2012-07-31 18:00:00,406.9029
2012-07-31 19:00:00,476.69458
2012-07-31 20:00:00,215.32745
2012-07-31 21:00:00,139.79189
2012-07-31 22:00:00,207.04771
2012-07-31 23:00:00,121.12014
2012-08-20 00:00:00,219.72968
2012-08-20 01:00:00,187.72095
2012-08-20 02:00:00,187.72168
2012-08-20 03:00:00,201.59674
2012-08-20 04:00:00,233.74446
2012-08-20 05:00:00,212.69653
2012-08-20 06:00:00,218.20448
2012-08-20 07:00:00,201.09106
2012-08-20 08:00:00,203.21393
2012-08-20 09:00:00,249.26224
2012-08-20 10:00:00,256.37704
2012-08-20 11:00:00,341.01657
2012-08-20 12:00:00,348.30362
2012-08-20 13:00:00,374.29004
2012-08-20 14:00:00,452.16266
2012-08-20 15:00:00,488.15594
2012-08-20 16:00:00,488.15692
2012-08-20 17:00:00,467.70016
2012-08-20 18:00:00,203.3715
2012-08-20 19:00:00,198.312
2012-08-20 20:00:00,190.50511
2012-08-20 21:00:00,212.29123
2012-08-20 22:00:00,212.28937
2012-08-20 23:00:00,212.2875
2012-08-21 00:00:00,226.10002
2012-08-21 01:00:00,192.4343
2012-08-21 02:00:00,179.27061
2012-08-21 03:00:00,199.82344
2012-08-21 04:00:00,199.82353
2012-08-21 05:00:00,224.47372
2012-08-21 06:00:00,191.56734
2012-08-21 07:00:00,207.46765
2012-08-21 08:00:00,211.04456
2012-08-21 09:00:00,245.34003
2012-08-21 10:00:00,331.64905
2012-08-21 11:00:00,406.43948
2012-08-21 12:00:00,405.80865
2012-08-21 13:00:00,408.55496
2012-08-21 14:00:00,447.00043
2012-08-21 15:00:00,442.74222
2012-08-21 16:00:00,442.744
2012-08-21 17:00:00,477.13654
2012-08-21 18:00:00,477.8818
2012-08-21 19:00:00,187.97789
2012-08-21 20:00:00,238.3601
2012-08-21 21:00:00,238.35934
2012-08-21 22:00:00,186.3458
2012-08-21 23:00:00,205.57964
2012-08-22 00:00:00,200.45505
2012-08-22 01:00:00,181.4919
2012-08-22 02:00:00,181.4909
2012-08-22 03:00:00,181.4899
2012-08-22 04:00:00,183.07484
2012-08-22 05:00:00,197.98032
2012-08-22 06:00:00,187.2211
2012-08-22 07:00:00,180.45186
2012-08-22 08:00:00,256.01346
2012-08-22 09:00:00,352.55853
2012-08-22 10:00:00,353.38153
2012-08-22 11:00:00,353.06427
2012-08-22 12:00:00,411.05023
2012-08-22 13:00:00,404.31204
2012-08-22 14:00:00,406.0936
2012-08-22 15:00:00,419.7854
2012-08-22 16:00:00,503.9582
2012-08-22 17:00:00,503.9596
2012-08-22 18:00:00,473.77667
2012-08-22 19:00:00,284.15976
2012-08-22 20:00:00,279.3765
2012-08-22 21:00:00,245.8207
2012-08-22 22:00:00,245.82014
2012-08-22 23:00:00,204.56393
2012-08-23 00:00:00,176.30379
2012-08-23 01:00:00,216.49232
2012-08-23 02:00:00,216.49263
2012-08-23 03:00:00,223.0795
2012-08-23 04:00:00,216.49324
2012-08-23 05:00:00,216.49051
2012-08-23 06:00:00,198.79803
2012-08-23 07:00:00,223.08214
2012-08-23 08:00:00,286.00348
2012-08-23 09:00:00,332.27618
2012-08-23 10:00:00,376.9691
2012-08-23 11:00:00,401.18222
2012-08-23 12:00:00,527.63806
2012-08-23 13:00:00,588.84644
2012-08-23 14:00:00,473.50702
2012-08-23 15:00:00,403.08722
2012-08-23 16:00:00,435.04706
2012-08-23 17:00:00,479.21448
2012-08-23 18:00:00,481.09976
2012-08-23 19:00:00,386.5062
2012-08-23 20:00:00,342.36404
2012-08-23 21:00:00,363.219
2012-08-23 22:00:00,339.69568
2012-08-23 23:00:00,302.49847
2012-08-24 00:00:00,292.74646
2012-08-24 01:00:00,241.05693
2012-08-24 02:00:00,292.74667
2012-08-24 03:00:00,241.05902
2012-08-24 04:00:00,241.05907
2012-08-24 05:00:00,178.92348
2012-08-24 06:00:00,208.15375
2012-08-24 07:00:00,179.07904
2012-08-24 08:00:00,277.7713
2012-08-24 09:00:00,317.70493
2012-08-24 10:00:00,438.27643
2012-08-24 11:00:00,427.70322
2012-08-24 12:00:00,428.22165
2012-08-24 13:00:00,570.0566
2012-08-24 14:00:00,469.78317
2012-08-24 15:00:00,438.3517
2012-08-24 16:00:00,438.3523
2012-08-24 17:00:00,509.1741
2012-08-24 18:00:00,343.95676
2012-08-24 19:00:00,344.8365
2012-08-24 20:00:00,369.99866
2012-08-24 21:00:00,351.57935
2012-08-24 22:00:00,303.81003
2012-08-24 23:00:00,319.2778
2012-08-25 00:00:00,345.64923
2012-08-25 01:00:00,373.7401
2012-08-25 02:00:00,295.71436
2012-08-25 03:00:00,310.4573
2012-08-25 04:00:00,293.1056
2012-08-25 05:00:00,229.36395
2012-08-25 06:00:00,190.37384
2012-08-25 07:00:00,180.80965
2012-08-25 08:00:00,280.4262
2012-08-25 09:00:00,375.31186
2012-08-25 10:00:00,391.61237
2012-08-25 11:00:00,386.43015
2012-08-25 12:00:00,454.97562
2012-08-25 13:00:00,463.55554
2012-08-25 14:00:00,344.72708
2012-08-25 15:00:00,239.37212
2012-08-25 16:00:00,287.79218
2012-08-25 17:00:00,288.679
2012-08-25 18:00:00,336.15527
2012-08-25 19:00:00,177.90686
2012-08-25 20:00:00,120.66909
2012-08-25 21:00:00,120.13026
2012-08-25 22:00:00,120.12994
2012-08-25 23:00:00,120.66842
2012-08-26 00:00:00,138.14542
2012-08-26 01:00:00,135.85727
2012-08-26 02:00:00,133.10324
2012-08-26 03:00:00,138.19385
2012-08-26 04:00:00,135.84143
2012-08-26 05:00:00,135.66568
2012-08-26 06:00:00,126.06249
2012-08-26 07:00:00,135.6657
2012-08-26 08:00:00,244.29004
2012-08-26 09:00:00,250.94269
2012-08-26 10:00:00,454.82623
2012-08-26 11:00:00,454.13275
2012-08-26 12:00:00,283.6702
2012-08-26 13:00:00,220.37337
2012-08-26 14:00:00,192.0763
2012-08-26 15:00:00,138.0925
2012-08-26 16:00:00,138.09215
2012-08-26 17:00:00,133.01114
2012-08-26 18:00:00,195.79665
2012-08-26 19:00:00,143.1197
2012-08-26 20:00:00,143.11981
2012-08-26 21:00:00,181.5049
2012-08-26 22:00:00,159.80476
2012-08-26 23:00:00,156.6161
2012-08-27 00:00:00,199.61186
2012-08-27 01:00:00,189.53506
2012-08-27 02:00:00,182.76793
2012-08-27 03:00:00,189.53911
2012-08-27 04:00:00,199.60661
2012-08-27 05:00:00,185.66544
2012-08-27 06:00:00,185.66624
2012-08-27 07:00:00,232.43733
2012-08-27 08:00:00,221.8524
2012-08-27 09:00:00,229.38977
2012-08-27 10:00:00,322.4183
2012-08-27 11:00:00,493.21585
2012-08-27 12:00:00,414.12228
2012-08-27 13:00:00,530.80005
2012-08-27 14:00:00,421.19284
2012-08-27 15:00:00,410.99106
2012-08-27 16:00:00,422.44284
2012-08-27 17:00:00,453.9053
2012-08-27 18:00:00,455.47348
2012-08-27 19:00:00,498.12073
2012-08-27 20:00:00,501.15454
2012-08-27 21:00:00,318.4411
2012-08-27 22:00:00,118.74714
2012-08-27 23:00:00,175.15971
2012-08-28 00:00:00,124.09629
2012-08-28 01:00:00,125.57837
2012-08-28 02:00:00,152.09427
2012-08-28 03:00:00,197.19821
2012-08-28 04:00:00,218.65259
2012-08-28 05:00:00,217.93452
2012-08-28 06:00:00,221.80093
2012-08-28 07:00:00,226.76944
2012-08-28 08:00:00,140.63678
2012-08-28 09:00:00,228.12395
2012-08-28 10:00:00,430.3649
2012-08-28 11:00:00,426.97406
2012-08-28 12:00:00,427.35678
2012-08-28 13:00:00,493.16092
2012-08-28 14:00:00,551.96173
2012-08-28 15:00:00,571.13574
2012-08-28 16:00:00,575.948
2012-08-28 17:00:00,553.4821
2012-08-28 18:00:00,477.51947
2012-08-28 19:00:00,434.25934
2012-08-28 20:00:00,402.1613
2012-08-28 21:00:00,411.23376
2012-08-28 22:00:00,405.5438
2012-08-28 23:00:00,379.45306
2012-08-29 00:00:00,292.6178
2012-08-29 01:00:00,262.33014
2012-08-29 02:00:00,164.5022
2012-08-29 03:00:00,168.9699
2012-08-29 04:00:00,152.42767
2012-08-29 05:00:00,173.02173
2012-08-29 06:00:00,179.50876
2012-08-29 07:00:00,250.88617
2012-08-29 08:00:00,376.0832
2012-08-29 09:00:00,431.52466
2012-08-29 10:00:00,415.839
2012-08-29 11:00:00,388.3576
2012-08-29 12:00:00,461.2595
2012-08-29 13:00:00,423.8625
2012-08-29 14:00:00,452.8955
2012-08-29 15:00:00,454.95944
2012-08-29 16:00:00,446.13553
2012-08-29 17:00:00,532.7752
2012-08-29 18:00:00,471.45526
2012-08-29 19:00:00,439.62683
2012-08-29 20:00:00,359.12137
2012-08-29 21:00:00,357.50665
2012-08-29 22:00:00,382.53326
2012-08-29 23:00:00,334.5457
2012-08-30 00:00:00,227.50804
2012-08-30 01:00:00,247.59239
2012-08-30 02:00:00,159.2803
2012-08-30 03:00:00,159.27965
2012-08-30 04:00:00,159.18646
2012-08-30 05:00:00,159.18579
2012-08-30 06:00:00,142.72084
2012-08-30 07:00:00,239.82738
2012-08-30 08:00:00,299.15097
2012-08-30 09:00:00,329.70935
2012-08-30 10:00:00,393.0594
2012-08-30 11:00:00,479.0776
2012-08-30 12:00:00,405.2179
2012-08-30 13:00:00,391.51663
2012-08-30 14:00:00,402.6568
2012-08-30 15:00:00,445.9916
2012-08-30 16:00:00,514.8328
2012-08-30 17:00:00,589.55133
2012-08-30 18:00:00,570.4625
2012-08-30 19:00:00,403.61478
2012-08-30 20:00:00,400.9061
2012-08-30 21:00:00,323.32648
2012-08-30 22:00:00,329.4201
2012-08-30 23:00:00,268.24103
2012-08-31 00:00:00,201.69806
2012-08-31 01:00:00,201.6978
2012-08-31 02:00:00,177.0258
2012-08-31 03:00:00,194.28525
2012-08-31 04:00:00,168.21414
2012-08-31 05:00:00,127.83236
2012-08-31 06:00:00,127.832596
2012-08-31 07:00:00,215.87619
2012-08-31 08:00:00,287.67358
2012-08-31 09:00:00,382.45578
2012-08-31 10:00:00,410.24872
2012-08-31 11:00:00,582.92346
2012-08-31 12:00:00,581.52167
2012-08-31 13:00:00,559.5371
2012-08-31 14:00:00,570.5508
2012-08-31 15:00:00,563.7169
2012-08-31 16:00:00,566.20593
2012-08-31 17:00:00,577.5896
2012-08-31 18:00:00,579.23285
2012-08-31 19:00:00,447.64917
2012-08-31 20:00:00,447.65024
2012-08-31 21:00:00,456.28577
2012-08-31 22:00:00,455.90894
2012-08-31 23:00:00,368.59406
2012-09-20 00:00:00,312.58417
2012-09-20 01:00:00,206.71446
2012-09-20 02:00:00,217.19258
2012-09-20 03:00:00,222.30777
2012-09-20 04:00:00,208.32939
2012-09-20 05:00:00,208.33115
2012-09-20 06:00:00,222.30957
2012-09-20 07:00:00,191.49101
2012-09-20 08:00:00,235.82736
2012-09-20 09:00:00,387.75577
2012-09-20 10:00:00,411.87564
2012-09-20 11:00:00,428.57126
2012-09-20 12:00:00,441.0141
2012-09-20 13:00:00,438.32965
2012-09-20 14:00:00,482.44476
2012-09-20 15:00:00,481.4783
2012-09-20 16:00:00,453.88092
2012-09-20 17:00:00,500.47253
2012-09-20 18:00:00,431.7895
2012-09-20 19:00:00,460.83707
2012-09-20 20:00:00,405.096
2012-09-20 21:00:00,410.91727
2012-09-20 22:00:00,213.45001
2012-09-20 23:00:00,276.23773
2012-09-21 00:00:00,209.40164
2012-09-21 01:00:00,221.39795
2012-09-21 02:00:00,221.39897
2012-09-21 03:00:00,203.12706
2012-09-21 04:00:00,199.63994
2012-09-21 05:00:00,202.63036
2012-09-21 06:00:00,202.78973
2012-09-21 07:00:00,203.85706
2012-09-21 08:00:00,179.74165
2012-09-21 09:00:00,222.09872
2012-09-21 10:00:00,437.9666
2012-09-21 11:00:00,532.18976
2012-09-21 12:00:00,491.27454
2012-09-21 13:00:00,476.79938
2012-09-21 14:00:00,493.75003
2012-09-21 15:00:00,529.5072
2012-09-21 16:00:00,495.1189
2012-09-21 17:00:00,509.6789
2012-09-21 18:00:00,446.24948
2012-09-21 19:00:00,458.51556
2012-09-21 20:00:00,355.588
2012-09-21 21:00:00,185.5706
2012-09-21 22:00:00,225.2003
2012-09-21 23:00:00,185.66025
2012-09-22 00:00:00,163.56143
2012-09-22 01:00:00,159.79161
2012-09-22 02:00:00,141.33774
2012-09-22 03:00:00,139.34314
2012-09-22 04:00:00,139.34233
2012-09-22 05:00:00,144.46669
2012-09-22 06:00:00,145.28859
2012-09-22 07:00:00,147.42056
2012-09-22 08:00:00,166.29324
2012-09-22 09:00:00,412.77902
2012-09-22 10:00:00,456.33374
2012-09-22 11:00:00,465.4492
2012-09-22 12:00:00,532.9242
2012-09-22 13:00:00,564.32495
2012-09-22 14:00:00,564.16016
2012-09-22 15:00:00,554.6686
2012-09-22 16:00:00,566.64026
2012-09-22 17:00:00,566.6415
2012-09-22 18:00:00,535.4621
2012-09-22 19:00:00,462.56418
2012-09-22 20:00:00,516.3731
2012-09-22 21:00:00,509.4481
2012-09-22 22:00:00,453.52536
2012-09-22 23:00:00,464.38364
2012-09-23 00:00:00,549.958
2012-09-23 01:00:00,343.14407
2012-09-23 02:00:00,426.92953
2012-09-23 03:00:00,190.25015
2012-09-23 04:00:00,159.66078
2012-09-23 05:00:00,159.55351
2012-09-23 06:00:00,146.94336
2012-09-23 07:00:00,155.41139
2012-09-23 08:00:00,190.78168
2012-09-23 09:00:00,272.52295
2012-09-23 10:00:00,467.38806
2012-09-23 11:00:00,501.4566
2012-09-23 12:00:00,481.9331
2012-09-23 13:00:00,551.69073
2012-09-23 14:00:00,561.38556
2012-09-23 15:00:00,580.6152
2012-09-23 16:00:00,581.0172
2012-09-23 17:00:00,567.25616
2012-09-23 18:00:00,528.7979
2012-09-23 19:00:00,483.87656
2012-09-23 20:00:00,483.87796
2012-09-23 21:00:00,402.8422
2012-09-23 22:00:00,380.76288
2012-09-23 23:00:00,195.08426
2012-09-24 00:00:00,259.56952
2012-09-24 01:00:00,189.92326
2012-09-24 02:00:00,248.03743
2012-09-24 03:00:00,257.86142
2012-09-24 04:00:00,204.0739
2012-09-24 05:00:00,258.14166
2012-09-24 06:00:00,268.4672
2012-09-24 07:00:00,189.92017
2012-09-24 08:00:00,355.33066
2012-09-24 09:00:00,468.8876
2012-09-24 10:00:00,471.64328
2012-09-24 11:00:00,485.8597
2012-09-24 12:00:00,478.78723
2012-09-24 13:00:00,595.29785
2012-09-24 14:00:00,534.0228
2012-09-24 15:00:00,505.25275
2012-09-24 16:00:00,559.92804
2012-09-24 17:00:00,526.0755
2012-09-24 18:00:00,487.59445
2012-09-24 19:00:00,485.35532
2012-09-24 20:00:00,445.81104
2012-09-24 21:00:00,332.9035
2012-09-24 22:00:00,339.8526
2012-09-24 23:00:00,245.40173
2012-09-25 00:00:00,186.43948
2012-09-25 01:00:00,184.81729
2012-09-25 02:00:00,188.89098
2012-09-25 03:00:00,194.0359
2012-09-25 04:00:00,177.76883
2012-09-25 05:00:00,186.57968
2012-09-25 06:00:00,175.90445
2012-09-25 07:00:00,175.10817
2012-09-25 08:00:00,181.6982
2012-09-25 09:00:00,436.89713
2012-09-25 10:00:00,438.37366
2012-09-25 11:00:00,377.86215
2012-09-25 12:00:00,424.9691
2012-09-25 13:00:00,466.31558
2012-09-25 14:00:00,561.7176
2012-09-25 15:00:00,600.7008
2012-09-25 16:00:00,560.7103
2012-09-25 17:00:00,550.51935
2012-09-25 18:00:00,557.82446
2012-09-25 19:00:00,411.23526
2012-09-25 20:00:00,435.62427
2012-09-25 21:00:00,435.62497
2012-09-25 22:00:00,434.04614
2012-09-25 23:00:00,448.71536
2012-09-26 00:00:00,451.48056
2012-09-26 01:00:00,446.27817
2012-09-26 02:00:00,467.1322
2012-09-26 03:00:00,467.13516
2012-09-26 04:00:00,106.55065
2012-09-26 05:00:00,124.612434
2012-09-26 06:00:00,132.46536
2012-09-26 07:00:00,157.85631
2012-09-26 08:00:00,110.84798
2012-09-26 09:00:00,450.2861
2012-09-26 10:00:00,194.22037
2012-09-26 11:00:00,436.1238
2012-09-26 12:00:00,446.41296
2012-09-26 13:00:00,449.00928
2012-09-26 14:00:00,501.06546
2012-09-26 15:00:00,494.28998
2012-09-26 16:00:00,510.6206
2012-09-26 17:00:00,494.2915
2012-09-26 18:00:00,549.0503
2012-09-26 19:00:00,468.87704
2012-09-26 20:00:00,390.38693
2012-09-26 21:00:00,446.24734
2012-09-26 22:00:00,381.06677
2012-09-26 23:00:00,178.24574
2012-09-27 00:00:00,208.34187
2012-09-27 01:00:00,208.34253
2012-09-27 02:00:00,208.3432
2012-09-27 03:00:00,207.81862
2012-09-27 04:00:00,124.6579
2012-09-27 05:00:00,181.7483
2012-09-27 06:00:00,130.12216
2012-09-27 07:00:00,206.26003
2012-09-27 08:00:00,323.34283
2012-09-27 09:00:00,400.0068
2012-09-27 10:00:00,502.70145
2012-09-27 11:00:00,471.12088
2012-09-27 12:00:00,447.56543
2012-09-27 13:00:00,448.1759
2012-09-27 14:00:00,457.875
2012-09-27 15:00:00,453.43225
2012-09-27 16:00:00,435.2414
2012-09-27 17:00:00,432.63635
2012-09-27 18:00:00,440.82452
2012-09-27 19:00:00,415.90723
2012-09-27 20:00:00,444.84436
2012-09-27 21:00:00,147.63744
2012-09-27 22:00:00,147.63702
2012-09-27 23:00:00,153.78084
2012-09-28 00:00:00,156.6707
2012-09-28 01:00:00,174.18968
2012-09-28 02:00:00,149.72803
2012-09-28 03:00:00,185.13278
2012-09-28 04:00:00,132.17656
2012-09-28 05:00:00,156.04898
2012-09-28 06:00:00,167.09067
2012-09-28 07:00:00,157.79204
2012-09-28 08:00:00,215.2473
2012-09-28 09:00:00,175.67381
2012-09-28 10:00:00,205.99474
2012-09-28 11:00:00,362.27313
2012-09-28 12:00:00,488.93405
2012-09-28 13:00:00,535.9273
2012-09-28 14:00:00,488.9357
2012-09-28 15:00:00,485.40967
2012-09-28 16:00:00,515.72034
2012-09-28 17:00:00,469.44153
2012-09-28 18:00:00,507.1401
2012-09-28 19:00:00,434.3678
2012-09-28 20:00:00,435.18344
2012-09-28 21:00:00,444.50043
2012-09-28 22:00:00,443.35217
2012-09-28 23:00:00,438.1142
2012-09-29 00:00:00,399.73563
2012-09-29 01:00:00,399.73547
2012-09-29 02:00:00,388.2925
2012-09-29 03:00:00,403.65515
2012-09-29 04:00:00,402.6402
2012-09-29 05:00:00,227.10117
2012-09-29 06:00:00,224.7389
2012-09-29 07:00:00,141.62724
2012-09-29 08:00:00,137.58318
2012-09-29 09:00:00,227.09756
2012-09-29 10:00:00,367.9657
2012-09-29 11:00:00,410.227
2012-09-29 12:00:00,502.67548
2012-09-29 13:00:00,502.67615
2012-09-29 14:00:00,505.13123
2012-09-29 15:00:00,461.2976
2012-09-29 16:00:00,507.96414
2012-09-29 17:00:00,560.52826
2012-09-29 18:00:00,498.48697
2012-09-29 19:00:00,364.21634
2012-09-29 20:00:00,372.23822
2012-09-29 21:00:00,359.48193
2012-09-29 22:00:00,195.3956
2012-09-29 23:00:00,227.24399
2012-09-30 00:00:00,190.17317
2012-09-30 01:00:00,190.17276
2012-09-30 02:00:00,135.8617
2012-09-30 03:00:00,129.64944
2012-09-30 04:00:00,129.64915
2012-09-30 05:00:00,131.84485
2012-09-30 06:00:00,140.30698
2012-09-30 07:00:00,138.99327
2012-09-30 08:00:00,130.58113
2012-09-30 09:00:00,307.83716
2012-09-30 10:00:00,515.6068
2012-09-30 11:00:00,464.06845
2012-09-30 12:00:00,500.98764
2012-09-30 13:00:00,504.59607
2012-09-30 14:00:00,504.5966
2012-09-30 15:00:00,590.036
2012-09-30 16:00:00,589.32874
2012-09-30 17:00:00,570.2321
2012-09-30 18:00:00,376.14185
2012-09-30 19:00:00,129.17093
2012-09-30 20:00:00,129.17041
2012-09-30 21:00:00,138.29546
2012-09-30 22:00:00,138.17322
2012-09-30 23:00:00,142.14653
2012-10-20 00:00:00,190.34534
2012-10-20 01:00:00,230.29625
2012-10-20 02:00:00,203.36884
2012-10-20 03:00:00,195.54372
2012-10-20 04:00:00,269.85483
2012-10-20 05:00:00,156.11957
2012-10-20 06:00:00,268.3323
2012-10-20 07:00:00,156.1191
2012-10-20 08:00:00,223.92227
2012-10-20 09:00:00,347.2682
2012-10-20 10:00:00,432.93652
2012-10-20 11:00:00,452.42538
2012-10-20 12:00:00,501.68103
2012-10-20 13:00:00,486.27148
2012-10-20 14:00:00,520.65826
2012-10-20 15:00:00,495.0029
2012-10-20 16:00:00,537.9481
2012-10-20 17:00:00,544.4246
2012-10-20 18:00:00,548.43146
2012-10-20 19:00:00,444.00546
2012-10-20 20:00:00,529.3945
2012-10-20 21:00:00,436.9177
2012-10-20 22:00:00,330.0422
2012-10-20 23:00:00,292.2026
2012-10-21 00:00:00,267.40332
2012-10-21 01:00:00,261.069
2012-10-21 02:00:00,244.52106
2012-10-21 03:00:00,225.25012
2012-10-21 04:00:00,158.35385
2012-10-21 05:00:00,225.24884
2012-10-21 06:00:00,257.53
2012-10-21 07:00:00,257.52975
2012-10-21 08:00:00,265.22708
2012-10-21 09:00:00,281.73224
2012-10-21 10:00:00,421.47412
2012-10-21 11:00:00,481.56567
2012-10-21 12:00:00,561.3475
2012-10-21 13:00:00,567.16504
2012-10-21 14:00:00,567.8866
2012-10-21 15:00:00,573.09467
2012-10-21 16:00:00,542.88116
2012-10-21 17:00:00,548.3466
2012-10-21 18:00:00,545.969
2012-10-21 19:00:00,497.0688
2012-10-21 20:00:00,450.34372
2012-10-21 21:00:00,265.8631
2012-10-21 22:00:00,281.23062
2012-10-21 23:00:00,293.3024
2012-10-22 00:00:00,338.08655
2012-10-22 01:00:00,287.94016
2012-10-22 02:00:00,285.90793
2012-10-22 03:00:00,338.0954
2012-10-22 04:00:00,282.82104
2012-10-22 05:00:00,240.66243
2012-10-22 06:00:00,224.80754
2012-10-22 07:00:00,262.92966
2012-10-22 08:00:00,299.68387
2012-10-22 09:00:00,281.57498
2012-10-22 10:00:00,378.83267
2012-10-22 11:00:00,506.62973
2012-10-22 12:00:00,528.8404
2012-10-22 13:00:00,546.8656
2012-10-22 14:00:00,559.2131
2012-10-22 15:00:00,553.4537
2012-10-22 16:00:00,552.2244
2012-10-22 17:00:00,499.78836
2012-10-22 18:00:00,473.19638
2012-10-22 19:00:00,486.15463
2012-10-22 20:00:00,342.68948
2012-10-22 21:00:00,310.47757
2012-10-22 22:00:00,241.66635
2012-10-22 23:00:00,237.23479
2012-10-23 00:00:00,145.23146
2012-10-23 01:00:00,206.51599
2012-10-23 02:00:00,153.33005
2012-10-23 03:00:00,244.14302
2012-10-23 04:00:00,228.29619
2012-10-23 05:00:00,225.5513
2012-10-23 06:00:00,168.62207
2012-10-23 07:00:00,232.62915
2012-10-23 08:00:00,299.81998
2012-10-23 09:00:00,344.72836
2012-10-23 10:00:00,455.80136
2012-10-23 11:00:00,398.0839
2012-10-23 12:00:00,430.6507
2012-10-23 13:00:00,468.03217
2012-10-23 14:00:00,544.184
2012-10-23 15:00:00,585.6158
2012-10-23 16:00:00,492.4368
2012-10-23 17:00:00,488.78806
2012-10-23 18:00:00,390.00406
2012-10-23 19:00:00,359.1149
2012-10-23 20:00:00,474.3333
2012-10-23 21:00:00,345.35916
2012-10-23 22:00:00,384.7486
2012-10-23 23:00:00,342.3295
2012-10-24 00:00:00,281.63617
2012-10-24 01:00:00,323.5401
2012-10-24 02:00:00,323.54114
2012-10-24 03:00:00,225.1492
2012-10-24 04:00:00,225.22119
2012-10-24 05:00:00,161.69241
2012-10-24 06:00:00,180.48209
2012-10-24 07:00:00,151.06355
2012-10-24 08:00:00,174.39384
2012-10-24 09:00:00,221.4405
2012-10-24 10:00:00,282.34198
2012-10-24 11:00:00,441.34125
2012-10-24 12:00:00,372.02527
2012-10-24 13:00:00,456.095
2012-10-24 14:00:00,556.55963
2012-10-24 15:00:00,494.1932
2012-10-24 16:00:00,495.7115
2012-10-24 17:00:00,446.65176
2012-10-24 18:00:00,452.54367
2012-10-24 19:00:00,433.07205
2012-10-24 20:00:00,372.04272
2012-10-24 21:00:00,379.23816
2012-10-24 22:00:00,390.8799
2012-10-24 23:00:00,367.27765
2012-10-25 00:00:00,410.80563
2012-10-25 01:00:00,318.5024
2012-10-25 02:00:00,210.7687
2012-10-25 03:00:00,185.28667
2012-10-25 04:00:00,173.58603
2012-10-25 05:00:00,142.60406
2012-10-25 06:00:00,155.18408
2012-10-25 07:00:00,155.18407
2012-10-25 08:00:00,160.2191
2012-10-25 09:00:00,165.99263
2012-10-25 10:00:00,180.66605
2012-10-25 11:00:00,174.24529
2012-10-25 12:00:00,207.00238
2012-10-25 13:00:00,188.02507
2012-10-25 14:00:00,312.21353
2012-10-25 15:00:00,373.05014
2012-10-25 16:00:00,348.87982
2012-10-25 17:00:00,348.88156
2012-10-25 18:00:00,182.54958
2012-10-25 19:00:00,176.33473
2012-10-25 20:00:00,185.32666
2012-10-25 21:00:00,185.3269
2012-10-25 22:00:00,171.46835
2012-10-25 23:00:00,180.66435
2012-10-26 00:00:00,201.07358
2012-10-26 01:00:00,169.94102
2012-10-26 02:00:00,183.32458
2012-10-26 03:00:00,152.9876
2012-10-26 04:00:00,152.98778
2012-10-26 05:00:00,183.3257
2012-10-26 06:00:00,169.94077
2012-10-26 07:00:00,183.32643
2012-10-26 08:00:00,190.15974
2012-10-26 09:00:00,190.15996
2012-10-26 10:00:00,189.6013
2012-10-26 11:00:00,186.69524
2012-10-26 12:00:00,227.7467
2012-10-26 13:00:00,344.50336
2012-10-26 14:00:00,405.98395
2012-10-26 15:00:00,404.38382
2012-10-26 16:00:00,225.84738
2012-10-26 17:00:00,217.09322
2012-10-26 18:00:00,213.96684
2012-10-26 19:00:00,178.4336
2012-10-26 20:00:00,178.43349
2012-10-26 21:00:00,234.2853
2012-10-26 22:00:00,181.7152
2012-10-26 23:00:00,166.92221
2012-10-27 00:00:00,174.70633
2012-10-27 01:00:00,174.70612
2012-10-27 02:00:00,164.20241
2012-10-27 03:00:00,174.46388
2012-10-27 04:00:00,174.46365
2012-10-27 05:00:00,180.91118
2012-10-27 06:00:00,180.91077
2012-10-27 07:00:00,165.40161
2012-10-27 08:00:00,299.03638
2012-10-27 09:00:00,299.03613
2012-10-27 10:00:00,264.53226
2012-10-27 11:00:00,493.00632
2012-10-27 12:00:00,454.00992
2012-10-27 13:00:00,496.38385
2012-10-27 14:00:00,474.94574
2012-10-27 15:00:00,504.3801
2012-10-27 16:00:00,493.0111
2012-10-27 17:00:00,493.01205
2012-10-27 18:00:00,493.013
2012-10-27 19:00:00,280.55212
2012-10-27 20:00:00,280.5517
2012-10-27 21:00:00,280.5083
2012-10-27 22:00:00,300.96146
2012-10-27 23:00:00,319.5744
2012-10-28 00:00:00,309.17374
2012-10-28 01:00:00,323.37213
2012-10-28 02:00:00,321.056
2012-10-28 03:00:00,363.5133
2012-10-28 04:00:00,330.91708
2012-10-28 05:00:00,336.10858
2012-10-28 06:00:00,363.33737
2012-10-28 07:00:00,340.36737
2012-10-28 08:00:00,309.09412
2012-10-28 09:00:00,332.628
2012-10-28 10:00:00,340.89957
2012-10-28 11:00:00,360.142
2012-10-28 12:00:00,282.255
2012-10-28 13:00:00,285.6033
2012-10-28 14:00:00,318.49252
2012-10-28 15:00:00,321.6649
2012-10-28 16:00:00,253.40683
2012-10-28 17:00:00,249.26335
2012-10-28 18:00:00,188.30753
2012-10-28 19:00:00,192.33047
2012-10-28 20:00:00,196.45535
2012-10-28 21:00:00,229.1492
2012-10-28 22:00:00,225.64505
2012-10-28 23:00:00,192.32799
2012-10-29 00:00:00,239.54686
2012-10-30 13:00:00,105.18436
2012-10-30 14:00:00,105.184395
2012-10-30 15:00:00,94.66799
2012-10-30 16:00:00,94.66827
2012-10-30 17:00:00,109.954384
2012-10-30 18:00:00,114.21205
2012-10-30 19:00:00,283.4104
2012-10-30 20:00:00,106.57064
2012-10-30 21:00:00,98.73453
2012-10-30 22:00:00,113.12597
2012-10-30 23:00:00,113.12624
2012-10-31 00:00:00,94.232544
2012-10-31 01:00:00,102.57305
2012-10-31 02:00:00,107.15142
2012-10-31 03:00:00,94.23398
2012-10-31 04:00:00,91.96867
2012-10-31 05:00:00,107.15249
2012-10-31 06:00:00,88.94823
2012-10-31 07:00:00,106.575226
2012-10-31 08:00:00,143.98296
2012-10-31 09:00:00,145.06572
2012-10-31 10:00:00,139.07387
2012-10-31 11:00:00,132.25824
2012-10-31 12:00:00,311.97937
2012-10-31 13:00:00,392.04056
2012-10-31 14:00:00,392.04242
2012-10-31 15:00:00,347.28665
2012-10-31 16:00:00,337.66602
2012-10-31 17:00:00,318.1918
2012-10-31 18:00:00,318.1944
2012-10-31 19:00:00,394.45303
2012-10-31 20:00:00,394.45523
2012-10-31 21:00:00,394.23953
2012-10-31 22:00:00,282.12604
2012-10-31 23:00:00,288.79437
2012-11-20 00:00:00,148.83652
2012-11-20 01:00:00,122.10381
2012-11-20 02:00:00,163.70872
2012-11-20 03:00:00,126.69533
2012-11-20 04:00:00,149.2239
2012-11-20 05:00:00,135.7507
2012-11-20 06:00:00,148.23033
2012-11-20 07:00:00,163.70709
2012-11-20 08:00:00,143.59433
2012-11-20 09:00:00,273.3979
2012-11-20 10:00:00,263.67603
2012-11-20 11:00:00,290.31372
2012-11-20 12:00:00,293.62408
2012-11-20 13:00:00,407.25653
2012-11-20 14:00:00,437.46155
2012-11-20 15:00:00,351.6707
2012-11-20 16:00:00,346.8983
2012-11-20 17:00:00,196.98576
2012-11-20 18:00:00,263.6588
2012-11-20 19:00:00,289.79593
2012-11-20 20:00:00,259.1324
2012-11-20 21:00:00,272.42468
2012-11-20 22:00:00,272.42526
2012-11-20 23:00:00,142.64307
2012-11-21 00:00:00,149.53723
2012-11-21 01:00:00,128.98117
2012-11-21 02:00:00,75.73366
2012-11-21 03:00:00,75.733955
2012-11-21 04:00:00,75.73425
2012-11-21 05:00:00,75.73454
2012-11-21 06:00:00,90.39047
2012-11-21 07:00:00,73.12217
2012-11-21 08:00:00,100.36786
2012-11-21 09:00:00,145.25551
2012-11-21 10:00:00,320.45282
2012-11-21 11:00:00,321.6228
2012-11-21 12:00:00,276.33716
2012-11-21 13:00:00,364.4349
2012-11-21 14:00:00,358.77884
2012-11-21 15:00:00,367.2403
2012-11-21 16:00:00,371.35455
2012-11-21 17:00:00,307.46915
2012-11-21 18:00:00,319.21362
2012-11-21 19:00:00,281.89835
2012-11-21 20:00:00,232.6528
2012-11-21 21:00:00,315.23285
2012-11-21 22:00:00,226.22833
2012-11-21 23:00:00,242.21892
2012-11-22 00:00:00,136.1814
2012-11-22 01:00:00,84.87385
2012-11-22 02:00:00,50.97513
2012-11-22 03:00:00,53.271576
2012-11-22 04:00:00,75.25843
2012-11-22 05:00:00,53.270664
2012-11-22 06:00:00,54.33828
2012-11-22 07:00:00,75.28845
2012-11-22 08:00:00,73.10192
2012-11-22 09:00:00,123.64107
2012-11-22 10:00:00,288.0238
2012-11-22 11:00:00,364.5496
2012-11-22 12:00:00,411.5632
2012-11-22 13:00:00,427.2357
2012-11-22 14:00:00,425.09302
2012-11-22 15:00:00,425.09406
2012-11-22 16:00:00,422.8767
2012-11-22 17:00:00,411.56717
2012-11-22 18:00:00,351.1395
2012-11-22 19:00:00,202.9474
2012-11-22 20:00:00,163.91385
2012-11-22 21:00:00,227.14171
2012-11-22 22:00:00,210.21187
2012-11-22 23:00:00,122.68401
2012-11-23 00:00:00,95.766045
2012-11-23 01:00:00,100.59286
2012-11-23 02:00:00,89.30813
2012-11-23 03:00:00,66.15199
2012-11-23 04:00:00,82.85473
2012-11-23 05:00:00,71.38053
2012-11-23 06:00:00,71.380585
2012-11-23 07:00:00,71.38063
2012-11-23 08:00:00,65.57057
2012-11-23 09:00:00,87.45319
2012-11-23 10:00:00,290.83768
2012-11-23 11:00:00,333.39044
2012-11-23 12:00:00,367.6682
2012-11-23 13:00:00,409.37836
2012-11-23 14:00:00,433.47733
2012-11-23 15:00:00,350.34866
2012-11-23 16:00:00,365.82004
2012-11-23 17:00:00,374.81793
2012-11-23 18:00:00,370.7621
2012-11-23 19:00:00,348.36954
2012-11-23 20:00:00,356.3488
2012-11-23 21:00:00,329.52863
2012-11-23 22:00:00,357.51697
2012-11-23 23:00:00,390.07446
2012-11-24 00:00:00,492.67706
2012-11-24 01:00:00,185.53276
2012-11-24 02:00:00,242.55896
2012-11-24 03:00:00,225.62737
2012-11-24 04:00:00,245.18288
2012-11-24 05:00:00,216.50195
2012-11-24 06:00:00,229.57922
2012-11-24 07:00:00,216.50105
2012-11-24 08:00:00,236.8052
2012-11-24 09:00:00,245.1807
2012-11-24 10:00:00,196.14017
2012-11-24 11:00:00,210.53444
2012-11-24 12:00:00,308.5566
2012-11-24 13:00:00,244.60085
2012-11-24 14:00:00,287.49405
2012-11-24 15:00:00,317.4813
2012-11-24 16:00:00,257.72363
2012-11-24 17:00:00,216.83621
2012-11-24 18:00:00,256.05252
2012-11-24 19:00:00,176.35248
2012-11-24 20:00:00,229.6432
2012-11-24 21:00:00,243.01385
2012-11-24 22:00:00,175.33057
2012-11-24 23:00:00,243.4243
2012-11-25 00:00:00,182.85527
2012-11-25 01:00:00,252.782
2012-11-25 02:00:00,258.58878
2012-11-25 03:00:00,239.85693
2012-11-25 04:00:00,239.85663
2012-11-25 05:00:00,172.50142
2012-11-25 06:00:00,168.25192
2012-11-25 07:00:00,216.11919
2012-11-25 08:00:00,224.96349
2012-11-25 09:00:00,143.92128
2012-11-25 10:00:00,134.11572
2012-11-25 11:00:00,199.80638
2012-11-25 12:00:00,199.59158
2012-11-25 13:00:00,246.04681
2012-11-25 14:00:00,142.1453
2012-11-25 15:00:00,142.14455
2012-11-25 16:00:00,185.67293
2012-11-25 17:00:00,257.62433
2012-11-25 18:00:00,237.6309
2012-11-25 19:00:00,200.14497
2012-11-25 20:00:00,110.46233
2012-11-25 21:00:00,142.1447
2012-11-25 22:00:00,110.46245
2012-11-25 23:00:00,38.63359
2012-11-26 00:00:00,116.54303
2012-11-26 01:00:00,163.00446
2012-11-26 02:00:00,163.00465
2012-11-26 03:00:00,163.00485
2012-11-26 04:00:00,116.54284
2012-11-26 05:00:00,173.74193
2012-11-26 06:00:00,116.54275
2012-11-26 07:00:00,118.43631
2012-11-26 08:00:00,118.43624
2012-11-26 09:00:00,195.994
2012-11-26 10:00:00,262.2657
2012-11-26 11:00:00,320.84155
2012-11-26 12:00:00,340.35632
2012-11-26 13:00:00,340.3584
2012-11-26 14:00:00,327.65848
2012-11-26 15:00:00,336.24835
2012-11-26 16:00:00,341.56488
2012-11-26 17:00:00,328.77237
2012-11-26 18:00:00,284.35403
2012-11-26 19:00:00,266.5402
2012-11-26 20:00:00,253.15405
2012-11-26 21:00:00,253.15529
2012-11-26 22:00:00,268.55814
2012-11-26 23:00:00,151.2696
2012-11-27 00:00:00,162.01373
2012-11-27 01:00:00,154.54224
2012-11-27 02:00:00,144.93611
2012-11-27 03:00:00,154.54202
2012-11-27 04:00:00,133.95673
2012-11-27 05:00:00,144.70251
2012-11-27 06:00:00,126.10114
2012-11-27 07:00:00,115.76413
2012-11-27 08:00:00,145.51825
2012-11-27 09:00:00,157.69788
2012-11-27 10:00:00,134.81786
2012-11-27 11:00:00,132.87392
2012-11-27 12:00:00,153.10701
2012-11-27 13:00:00,136.61359
2012-11-27 14:00:00,149.08266
2012-11-27 15:00:00,191.16762
2012-11-27 16:00:00,191.21426
2012-11-27 17:00:00,199.0887
2012-11-27 18:00:00,141.54826
2012-11-27 19:00:00,202.9528
2012-11-27 20:00:00,176.91364
2012-11-27 21:00:00,187.49385
2012-11-27 22:00:00,127.25779
2012-11-27 23:00:00,141.03136
2012-11-28 00:00:00,138.92952
2012-11-28 01:00:00,113.50633
2012-11-28 02:00:00,113.50636
2012-11-28 03:00:00,129.14836
2012-11-28 04:00:00,114.800026
2012-11-28 05:00:00,87.229675
2012-11-28 06:00:00,178.63388
2012-11-28 07:00:00,178.80405
2012-11-28 08:00:00,181.97966
2012-11-28 09:00:00,177.3501
2012-11-28 10:00:00,230.13821
2012-11-28 11:00:00,288.8454
2012-11-28 12:00:00,159.88795
2012-11-28 13:00:00,231.7946
2012-11-28 14:00:00,240.18507
2012-11-28 15:00:00,250.50624
2012-11-28 16:00:00,285.6448
2012-11-28 17:00:00,282.0715
2012-11-28 18:00:00,259.55914
2012-11-28 19:00:00,274.0005
2012-11-28 20:00:00,280.6858
2012-11-28 21:00:00,236.38031
2012-11-28 22:00:00,302.66278
2012-11-28 23:00:00,178.8399
2012-11-29 00:00:00,127.56361
2012-11-29 01:00:00,125.49829
2012-11-29 02:00:00,111.76558
2012-11-29 04:00:00,104.52231
2012-11-29 05:00:00,114.41006
2012-11-29 06:00:00,57.77689
2012-11-29 07:00:00,137.39627
2012-11-29 08:00:00,85.90339
2012-11-29 09:00:00,139.8221
2012-11-29 10:00:00,88.21105
2012-11-29 11:00:00,267.23865
2012-11-29 12:00:00,257.76752
2012-11-29 13:00:00,305.75134
2012-11-29 14:00:00,243.87773
2012-11-29 15:00:00,246.89735
2012-11-29 16:00:00,253.4805
2012-11-29 17:00:00,238.60547
2012-11-29 18:00:00,293.90735
2012-11-29 19:00:00,172.9843
2012-11-29 20:00:00,167.18045
2012-11-29 21:00:00,99.40276
2012-11-29 22:00:00,52.071472
2012-11-29 23:00:00,119.78477
2012-11-30 00:00:00,87.645874
2012-11-30 01:00:00,56.133068
2012-11-30 02:00:00,73.287125
2012-11-30 03:00:00,73.28738
2012-11-30 04:00:00,69.6559
2012-11-30 05:00:00,95.16522
2012-11-30 06:00:00,76.388824
2012-11-30 07:00:00,74.37411
2012-11-30 08:00:00,89.09227
2012-11-30 09:00:00,71.34681
2012-11-30 10:00:00,113.590576
2012-11-30 11:00:00,211.60535
2012-11-30 12:00:00,319.11133
2012-11-30 13:00:00,336.2803
2012-11-30 14:00:00,330.49472
2012-11-30 15:00:00,340.6793
2012-11-30 16:00:00,345.51053
2012-11-30 17:00:00,270.7981
2012-11-30 18:00:00,275.90494
2012-11-30 19:00:00,162.70047
2012-11-30 20:00:00,162.67747
2012-11-30 21:00:00,121.27571
2012-11-30 22:00:00,123.70226
2012-11-30 23:00:00,121.275986
2012-12-20 00:00:00,161.02795
2012-12-20 01:00:00,179.22571
2012-12-20 02:00:00,179.22559
2012-12-20 03:00:00,199.90157
2012-12-20 04:00:00,199.90144
2012-12-20 05:00:00,187.96014
2012-12-20 06:00:00,200.23808
2012-12-20 07:00:00,201.44571
2012-12-20 08:00:00,201.48586
2012-12-20 09:00:00,201.48598
2012-12-20 10:00:00,170.35976
2012-12-20 11:00:00,205.54033
2012-12-20 12:00:00,208.08546
2012-12-20 13:00:00,198.59857
2012-12-20 14:00:00,200.0769
2012-12-20 15:00:00,197.2486
2012-12-20 16:00:00,305.05447
2012-12-20 17:00:00,139.99481
2012-12-20 18:00:00,150.87671
2012-12-20 19:00:00,144.10081
2012-12-20 20:00:00,182.81871
2012-12-20 21:00:00,182.81839
2012-12-20 22:00:00,282.55743
2012-12-20 23:00:00,264.34122
2012-12-21 00:00:00,304.93738
2012-12-21 01:00:00,304.4584
2012-12-21 02:00:00,318.23514
2012-12-21 03:00:00,318.23743
2012-12-21 04:00:00,205.94263
2012-12-21 05:00:00,229.35512
2012-12-21 06:00:00,281.96112
2012-12-21 07:00:00,222.53358
2012-12-21 08:00:00,249.29918
2012-12-21 09:00:00,299.59305
2012-12-21 10:00:00,269.52823
2012-12-21 11:00:00,266.31635
2012-12-21 12:00:00,295.85468
2012-12-21 13:00:00,304.75757
2012-12-21 14:00:00,305.66656
2012-12-21 15:00:00,314.3415
2012-12-21 16:00:00,322.46567
2012-12-21 17:00:00,332.4449
2012-12-21 18:00:00,325.49683
2012-12-21 19:00:00,316.13528
2012-12-21 20:00:00,293.9637
2012-12-21 21:00:00,320.03732
2012-12-21 22:00:00,315.86102
2012-12-21 23:00:00,269.26773
2012-12-22 00:00:00,325.48062
2012-12-22 01:00:00,332.44922
2012-12-22 02:00:00,327.5058
2012-12-22 03:00:00,335.27368
2012-12-22 04:00:00,259.73425
2012-12-22 05:00:00,302.142
2012-12-22 06:00:00,313.13004
2012-12-22 07:00:00,313.12994
2012-12-22 08:00:00,322.0601
2012-12-22 09:00:00,305.65753
2012-12-22 10:00:00,308.9162
2012-12-22 11:00:00,313.1146
2012-12-22 12:00:00,368.23718
2012-12-22 13:00:00,348.0755
2012-12-22 14:00:00,345.2609
2012-12-22 15:00:00,358.755
2012-12-22 16:00:00,329.568
2012-12-22 17:00:00,314.19928
2012-12-22 18:00:00,332.7097
2012-12-22 19:00:00,347.43192
2012-12-22 20:00:00,267.53296
2012-12-22 21:00:00,342.95987
2012-12-22 22:00:00,342.9604
2012-12-22 23:00:00,319.42728
2012-12-23 00:00:00,312.99124
2012-12-23 01:00:00,298.97214
2012-12-23 02:00:00,321.6463
2012-12-23 03:00:00,304.69998
2012-12-23 04:00:00,295.993
2012-12-23 05:00:00,276.9823
2012-12-23 06:00:00,313.6322
2012-12-23 07:00:00,313.63315
2012-12-23 08:00:00,296.50995
2012-12-23 09:00:00,300.7132
2012-12-23 10:00:00,307.28906
2012-12-23 11:00:00,308.87836
2012-12-23 12:00:00,285.68762
2012-12-23 13:00:00,311.87598
2012-12-23 14:00:00,345.03503
2012-12-23 15:00:00,328.2994
2012-12-23 16:00:00,334.2424
2012-12-23 17:00:00,235.34879
2012-12-23 18:00:00,288.6344
2012-12-23 19:00:00,238.79532
2012-12-23 20:00:00,228.57613
2012-12-23 21:00:00,290.1313
2012-12-23 22:00:00,276.4876
2012-12-23 23:00:00,209.5239
2012-12-24 00:00:00,332.62924
2012-12-24 01:00:00,332.63113
2012-12-24 02:00:00,312.2562
2012-12-24 03:00:00,312.25815
2012-12-24 05:00:00,325.5877
2012-12-24 06:00:00,312.26404
2012-12-24 07:00:00,319.56476
2012-12-24 08:00:00,332.64432
2012-12-24 09:00:00,333.8321
2012-12-24 10:00:00,295.45847
2012-12-24 11:00:00,324.0987
2012-12-24 12:00:00,241.19595
2012-12-24 13:00:00,340.23956
2012-12-24 14:00:00,347.4236
2012-12-24 15:00:00,342.86008
2012-12-24 16:00:00,342.86252
2012-12-24 17:00:00,334.57953
2012-12-24 18:00:00,360.44473
2012-12-24 19:00:00,351.05267
2012-12-24 20:00:00,351.05545
2012-12-24 21:00:00,355.66968
2012-12-24 22:00:00,343.08853
2012-12-24 23:00:00,343.09167
2012-12-25 00:00:00,390.14398
2012-12-25 01:00:00,352.38013
2012-12-25 02:00:00,352.38123
2012-12-25 04:00:00,377.32623
2012-12-25 05:00:00,385.91467
2012-12-25 06:00:00,385.9156
2012-12-25 07:00:00,374.5177
2012-12-25 08:00:00,357.57095
2012-12-25 09:00:00,372.6303
2012-12-25 10:00:00,277.8472
2012-12-25 11:00:00,276.27222
2012-12-25 12:00:00,247.10551
2012-12-25 13:00:00,398.21307
2012-12-25 14:00:00,420.91824
2012-12-25 15:00:00,228.67996
2012-12-25 16:00:00,228.68005
2012-12-25 17:00:00,256.2359
2012-12-25 18:00:00,185.23077
2012-12-25 19:00:00,176.91576
2012-12-25 20:00:00,230.01175
2012-12-25 21:00:00,266.80893
2012-12-25 22:00:00,267.44888
2012-12-25 23:00:00,261.845
2012-12-26 00:00:00,289.91855
2012-12-26 01:00:00,347.453
2012-12-26 02:00:00,347.4558
2012-12-26 03:00:00,319.89203
2012-12-26 04:00:00,322.09702
2012-12-26 05:00:00,319.08487
2012-12-26 06:00:00,301.68466
2012-12-26 07:00:00,336.726
2012-12-26 08:00:00,336.7284
2012-12-26 09:00:00,336.73083
2012-12-26 10:00:00,335.2268
2012-12-26 11:00:00,348.30814
2012-12-26 12:00:00,337.37622
2012-12-26 13:00:00,337.3791
2012-12-26 14:00:00,331.2319
2012-12-26 15:00:00,296.87805
2012-12-26 16:00:00,296.88058
2012-12-26 17:00:00,290.0394
2012-12-26 18:00:00,273.5664
2012-12-26 19:00:00,277.76892
2012-12-26 20:00:00,278.18832
2012-12-26 21:00:00,258.39865
2012-12-26 22:00:00,333.46515
2012-12-26 23:00:00,308.77963
2012-12-27 00:00:00,318.5196
2012-12-27 01:00:00,340.127
2012-12-27 02:00:00,345.19928
2012-12-27 03:00:00,320.8762
2012-12-27 04:00:00,344.72293
2012-12-27 05:00:00,303.886
2012-12-27 06:00:00,338.96075
2012-12-27 07:00:00,304.43066
2012-12-27 08:00:00,349.77203
2012-12-27 09:00:00,356.16037
2012-12-27 10:00:00,381.06888
2012-12-27 11:00:00,335.0674
2012-12-27 12:00:00,245.75044
2012-12-27 13:00:00,245.7514
2012-12-27 14:00:00,360.5437
2012-12-27 15:00:00,357.337
2012-12-27 16:00:00,258.0324
2012-12-27 17:00:00,258.03333
2012-12-27 18:00:00,329.83377
2012-12-27 19:00:00,329.7715
2012-12-27 20:00:00,281.05844
2012-12-27 21:00:00,329.8408
2012-12-27 22:00:00,329.77847
2012-12-27 23:00:00,329.84546
2012-12-28 00:00:00,285.99432
2012-12-28 01:00:00,325.86978
2012-12-28 02:00:00,316.24942
2012-12-28 03:00:00,285.99857
2012-12-28 04:00:00,229.76833
2012-12-28 05:00:00,244.67876
2012-12-28 06:00:00,305.26865
2012-12-28 07:00:00,283.04672
2012-12-28 08:00:00,266.49872
2012-12-28 09:00:00,317.85846
2012-12-28 10:00:00,238.5312
2012-12-28 11:00:00,253.24956
2012-12-28 12:00:00,220.25264
2012-12-28 13:00:00,220.25334
2012-12-28 14:00:00,220.25406
2012-12-28 15:00:00,172.00995
2012-12-28 16:00:00,220.25546
2012-12-28 17:00:00,266.51077
2012-12-28 18:00:00,266.51212
2012-12-28 19:00:00,288.21637
2012-12-28 20:00:00,309.14288
2012-12-28 21:00:00,291.93674
2012-12-28 22:00:00,310.54327
2012-12-28 23:00:00,294.2053
2012-12-29 00:00:00,294.67413
2012-12-29 01:00:00,291.4839
2012-12-29 02:00:00,294.65924
2012-12-29 03:00:00,294.43262
2012-12-29 04:00:00,291.4853
2012-12-29 05:00:00,291.48575
2012-12-29 06:00:00,291.11243
2012-12-29 07:00:00,287.36188
2012-12-29 08:00:00,292.97272
2012-12-29 09:00:00,292.9735
2012-12-29 10:00:00,302.77914
2012-12-29 11:00:00,351.43436
2012-12-29 12:00:00,371.21405
2012-12-29 13:00:00,371.21515
2012-12-29 14:00:00,351.16177
2012-12-29 15:00:00,339.4
2012-12-29 16:00:00,299.0594
2012-12-29 17:00:00,306.85965
2012-12-29 18:00:00,266.0889
2012-12-29 19:00:00,260.19632
2012-12-29 20:00:00,298.69336
2012-12-29 21:00:00,304.4955
2012-12-29 22:00:00,303.79465
2012-12-29 23:00:00,236.3461
2012-12-30 00:00:00,277.50113
2012-12-30 01:00:00,331.51422
2012-12-30 02:00:00,260.3348
2012-12-30 03:00:00,331.51315
2012-12-30 04:00:00,253.02507
2012-12-30 05:00:00,298.28732
2012-12-30 06:00:00,336.81876
2012-12-30 07:00:00,332.97757
2012-12-30 08:00:00,340.83655
2012-12-30 09:00:00,340.12152
2012-12-30 10:00:00,318.14648
2012-12-30 11:00:00,299.277
2012-12-30 12:00:00,369.4355
2012-12-30 13:00:00,365.51303
2012-12-30 14:00:00,377.68774
2012-12-30 15:00:00,329.21265
2012-12-30 16:00:00,323.0812
2012-12-30 17:00:00,303.54892
2012-12-30 18:00:00,324.42026
2012-12-30 19:00:00,160.41016
2012-12-30 20:00:00,344.1364
2012-12-30 21:00:00,319.27377
2012-12-30 22:00:00,269.23947
2012-12-30 23:00:00,322.63263
2012-12-31 00:00:00,299.96817
2012-12-31 01:00:00,299.97003
2012-12-31 02:00:00,318.95508
2012-12-31 03:00:00,289.0125
2012-12-31 04:00:00,289.82294
2012-12-31 05:00:00,311.34415
2012-12-31 06:00:00,309.20947
2012-12-31 07:00:00,289.20792
2012-12-31 08:00:00,294.3518
2012-12-31 09:00:00,299.35742
2012-12-31 10:00:00,298.76285
2012-12-31 11:00:00,336.25134
2012-12-31 12:00:00,333.0666
2012-12-31 13:00:00,312.2016
2012-12-31 14:00:00,307.6378
2012-12-31 15:00:00,294.80487
2012-12-31 16:00:00,283.45978
2012-12-31 17:00:00,229.04826
2012-12-31 18:00:00,239.30836
2012-12-31 19:00:00,311.48212
2012-12-31 20:00:00,311.4844
2012-12-31 21:00:00,311.4867
2012-12-31 22:00:00,233.34831
2012-12-31 23:00:00,280.81778
