datetime,count
2011-01-20 00:00:00,83.31842
2011-01-20 01:00:00,81.20767
2011-01-20 02:00:00,81.208664
2011-01-20 03:00:00,89.03386
2011-01-20 04:00:00,89.03497
2011-01-20 05:00:00,79.6632
2011-01-20 06:00:00,82.600464
2011-01-20 07:00:00,84.20422
2011-01-20 08:00:00,89.55384
2011-01-20 09:00:00,78.82209
2011-01-20 10:00:00,62.615723
2011-01-20 11:00:00,68.67291
2011-01-20 12:00:00,88.47448
2011-01-20 13:00:00,74.15775
2011-01-20 14:00:00,77.19129
2011-01-20 15:00:00,78.40006
2011-01-20 16:00:00,76.38418
2011-01-20 17:00:00,78.06651
2011-01-20 18:00:00,110.9955
2011-01-20 19:00:00,82.960625
2011-01-20 20:00:00,86.869965
2011-01-20 21:00:00,88.74102
2011-01-20 22:00:00,92.91947
2011-01-20 23:00:00,81.71257
2011-01-21 00:00:00,75.66753
2011-01-21 01:00:00,75.6684
2011-01-21 02:00:00,35.945084
2011-01-21 03:00:00,35.40021
2011-01-21 04:00:00,50.175495
2011-01-21 05:00:00,83.896965
2011-01-21 06:00:00,84.24977
2011-01-21 07:00:00,51.06847
2011-01-21 08:00:00,63.180832
2011-01-21 09:00:00,58.5049
2011-01-21 10:00:00,63.75591
2011-01-21 11:00:00,64.397255
2011-01-21 12:00:00,109.58029
2011-01-21 13:00:00,110.868835
2011-01-21 14:00:00,81.91558
2011-01-21 15:00:00,71.701775
2011-01-21 16:00:00,83.22556
2011-01-21 17:00:00,69.9822
2011-01-21 18:00:00,53.385273
2011-01-21 19:00:00,55.346283
2011-01-21 20:00:00,45.674377
2011-01-21 21:00:00,46.20523
2011-01-21 22:00:00,64.85373
2011-01-21 23:00:00,54.25669
2011-01-22 00:00:00,47.574932
2011-01-22 01:00:00,37.542942
2011-01-22 02:00:00,45.89929
2011-01-22 03:00:00,47.636482
2011-01-22 04:00:00,52.506508
2011-01-22 06:00:00,50.461666
2011-01-22 07:00:00,47.713
2011-01-22 08:00:00,37.24363
2011-01-22 09:00:00,45.14615
2011-01-22 10:00:00,43.503292
2011-01-22 11:00:00,38.28258
2011-01-22 12:00:00,39.942467
2011-01-22 13:00:00,66.16185
2011-01-22 14:00:00,72.21321
2011-01-22 15:00:00,58.12119
2011-01-22 16:00:00,66.18807
2011-01-22 17:00:00,53.61375
2011-01-22 18:00:00,45.803123
2011-01-22 19:00:00,42.350754
2011-01-22 20:00:00,40.415855
2011-01-22 21:00:00,41.8522
2011-01-22 22:00:00,19.310488
2011-01-22 23:00:00,11.985777
2011-01-23 00:00:00,10.422266
2011-01-23 01:00:00,10.422449
2011-01-23 02:00:00,10.430679
2011-01-23 03:00:00,10.430727
2011-01-23 05:00:00,9.968414
2011-01-23 06:00:00,9.968757
2011-01-23 07:00:00,14.304115
2011-01-23 08:00:00,10.79684
2011-01-23 09:00:00,31.794798
2011-01-23 10:00:00,44.363747
2011-01-23 11:00:00,49.58217
2011-01-23 12:00:00,59.28738
2011-01-23 13:00:00,51.618057
2011-01-23 14:00:00,68.70827
2011-01-23 15:00:00,68.723625
2011-01-23 16:00:00,68.33474
2011-01-23 17:00:00,49.824684
2011-01-23 18:00:00,44.942055
2011-01-23 19:00:00,45.21298
2011-01-23 20:00:00,39.239143
2011-01-23 21:00:00,45.75269
2011-01-23 22:00:00,42.887363
2011-01-23 23:00:00,39.516174
2011-01-24 00:00:00,60.356907
2011-01-24 01:00:00,45.529354
2011-01-24 03:00:00,54.52115
2011-01-24 04:00:00,48.50135
2011-01-24 05:00:00,48.502396
2011-01-24 06:00:00,54.299694
2011-01-24 07:00:00,48.489853
2011-01-24 08:00:00,47.495876
2011-01-24 09:00:00,103.303825
2011-01-24 10:00:00,98.15038
2011-01-24 11:00:00,35.608635
2011-01-24 12:00:00,82.72271
2011-01-24 13:00:00,45.850914
2011-01-24 14:00:00,51.52029
2011-01-24 15:00:00,91.25807
2011-01-24 16:00:00,54.46561
2011-01-24 17:00:00,64.70312
2011-01-24 18:00:00,48.380135
2011-01-24 19:00:00,57.833904
2011-01-24 20:00:00,48.382736
2011-01-24 21:00:00,53.927387
2011-01-24 22:00:00,60.558357
2011-01-24 23:00:00,59.15032
2011-01-25 00:00:00,52.158234
2011-01-25 01:00:00,66.13864
2011-01-25 02:00:00,47.89952
2011-01-25 04:00:00,40.612045
2011-01-25 05:00:00,52.891277
2011-01-25 06:00:00,39.62621
2011-01-25 07:00:00,54.291092
2011-01-25 08:00:00,53.142704
2011-01-25 09:00:00,31.641903
2011-01-25 10:00:00,70.09684
2011-01-25 11:00:00,78.995224
2011-01-25 12:00:00,81.573105
2011-01-25 13:00:00,103.34191
2011-01-25 14:00:00,80.79813
2011-01-25 15:00:00,92.01009
2011-01-25 16:00:00,92.01083
2011-01-25 17:00:00,66.07955
2011-01-25 18:00:00,67.154495
2011-01-25 19:00:00,85.32446
2011-01-25 20:00:00,59.695732
2011-01-25 21:00:00,59.69694
2011-01-25 22:00:00,76.35147
2011-01-25 23:00:00,83.30993
2011-01-26 00:00:00,49.631325
2011-01-26 01:00:00,62.36937
2011-01-26 02:00:00,31.058998
2011-01-26 05:00:00,25.149565
2011-01-26 06:00:00,25.149914
2011-01-26 07:00:00,30.14918
2011-01-26 08:00:00,30.743792
2011-01-26 09:00:00,30.744205
2011-01-26 10:00:00,21.292948
2011-01-26 11:00:00,20.865452
2011-01-26 12:00:00,20.866148
2011-01-26 13:00:00,20.866491
2011-01-26 14:00:00,20.164457
2011-01-26 15:00:00,26.25822
2011-01-26 16:00:00,16.339743
2011-01-26 17:00:00,18.316133
2011-01-27 16:00:00,77.23498
2011-01-27 17:00:00,70.04416
2011-01-27 18:00:00,36.333393
2011-01-27 19:00:00,36.344315
2011-01-27 20:00:00,42.0399
2011-01-27 21:00:00,42.040794
2011-01-27 22:00:00,42.041687
2011-01-27 23:00:00,49.50479
2011-01-28 00:00:00,51.35943
2011-01-28 01:00:00,51.360184
2011-01-28 02:00:00,58.88397
2011-01-28 03:00:00,44.884422
2011-01-28 05:00:00,51.160572
2011-01-28 06:00:00,60.862583
2011-01-28 07:00:00,45.23645
2011-01-28 08:00:00,45.23731
2011-01-28 09:00:00,27.437284
2011-01-28 10:00:00,24.978045
2011-01-28 11:00:00,27.579897
2011-01-28 12:00:00,27.580288
2011-01-28 13:00:00,27.580683
2011-01-28 14:00:00,31.988134
2011-01-28 15:00:00,39.434807
2011-01-28 16:00:00,58.30137
2011-01-28 17:00:00,71.507774
2011-01-28 18:00:00,68.86486
2011-01-28 19:00:00,75.3441
2011-01-28 20:00:00,71.66281
2011-01-28 21:00:00,66.7822
2011-01-28 22:00:00,71.773026
2011-01-28 23:00:00,74.60817
2011-01-29 00:00:00,42.289356
2011-01-29 01:00:00,18.825586
2011-01-29 02:00:00,15.728905
2011-01-29 03:00:00,17.47297
2011-01-29 04:00:00,13.277963
2011-01-29 06:00:00,18.06918
2011-01-29 07:00:00,19.301485
2011-01-29 08:00:00,31.233208
2011-01-29 09:00:00,14.963842
2011-01-29 10:00:00,13.242036
2011-01-29 11:00:00,18.926792
2011-01-29 12:00:00,29.791737
2011-01-29 13:00:00,20.397524
2011-01-29 14:00:00,12.957165
2011-01-29 15:00:00,22.973597
2011-01-29 16:00:00,17.250824
2011-01-29 17:00:00,13.587525
2011-01-29 18:00:00,14.438722
2011-01-29 19:00:00,20.843931
2011-01-29 20:00:00,10.622634
2011-01-29 21:00:00,10.62282
2011-01-29 22:00:00,13.64745
2011-01-29 23:00:00,13.65291
2011-01-30 00:00:00,14.0566635
2011-01-30 01:00:00,10.697886
2011-01-30 02:00:00,10.135509
2011-01-30 03:00:00,12.151238
2011-01-30 04:00:00,12.151438
2011-01-30 05:00:00,10.992605
2011-01-30 07:00:00,10.993194
2011-01-30 08:00:00,9.24104
2011-01-30 09:00:00,8.74441
2011-01-30 10:00:00,9.184487
2011-01-30 11:00:00,10.284838
2011-01-30 12:00:00,39.863567
2011-01-30 13:00:00,17.611696
2011-01-30 14:00:00,22.089527
2011-01-30 15:00:00,33.16628
2011-01-30 16:00:00,33.166878
2011-01-30 17:00:00,28.833279
2011-01-30 18:00:00,14.627604
2011-01-30 19:00:00,15.255469
2011-01-30 20:00:00,11.777029
2011-01-30 21:00:00,13.737919
2011-01-30 22:00:00,14.507066
2011-01-30 23:00:00,19.310804
2011-01-31 00:00:00,66.564964
2011-01-31 01:00:00,62.385483
2011-01-31 02:00:00,57.451077
2011-01-31 03:00:00,57.45215
2011-01-31 04:00:00,41.508507
2011-01-31 05:00:00,44.293053
2011-01-31 06:00:00,42.019886
2011-01-31 07:00:00,45.08862
2011-01-31 08:00:00,46.62817
2011-01-31 09:00:00,43.115868
2011-01-31 10:00:00,49.63668
2011-01-31 11:00:00,49.63761
2011-01-31 12:00:00,45.21589
2011-01-31 13:00:00,45.73974
2011-01-31 14:00:00,49.496292
2011-01-31 15:00:00,50.501854
2011-01-31 16:00:00,55.470486
2011-01-31 17:00:00,49.6432
2011-01-31 18:00:00,51.349163
2011-01-31 19:00:00,56.825035
2011-01-31 20:00:00,46.83163
2011-01-31 21:00:00,28.664745
2011-01-31 22:00:00,47.09864
2011-01-31 23:00:00,26.908815
2011-02-20 00:00:00,40.70679
2011-02-20 01:00:00,27.915144
2011-02-20 02:00:00,28.079113
2011-02-20 03:00:00,56.27255
2011-02-20 04:00:00,56.27273
2011-02-20 06:00:00,53.76329
2011-02-20 07:00:00,41.797775
2011-02-20 08:00:00,26.844429
2011-02-20 09:00:00,52.149277
2011-02-20 10:00:00,46.062862
2011-02-20 11:00:00,62.468414
2011-02-20 12:00:00,74.00715
2011-02-20 13:00:00,85.36445
2011-02-20 14:00:00,70.425446
2011-02-20 15:00:00,98.18438
2011-02-20 16:00:00,98.955246
2011-02-20 17:00:00,60.406483
2011-02-20 18:00:00,66.684944
2011-02-20 19:00:00,66.685234
2011-02-20 20:00:00,80.01797
2011-02-20 21:00:00,70.96031
2011-02-20 22:00:00,56.82554
2011-02-20 23:00:00,39.33817
2011-02-21 00:00:00,72.08329
2011-02-21 01:00:00,72.083046
2011-02-21 02:00:00,72.0828
2011-02-21 03:00:00,71.63372
2011-02-21 04:00:00,67.66776
2011-02-21 05:00:00,91.66185
2011-02-21 06:00:00,95.678246
2011-02-21 07:00:00,96.89292
2011-02-21 08:00:00,87.22731
2011-02-21 09:00:00,86.375656
2011-02-21 10:00:00,90.4966
2011-02-21 11:00:00,115.087135
2011-02-21 12:00:00,110.554855
2011-02-21 13:00:00,33.544945
2011-02-21 14:00:00,123.46337
2011-02-21 15:00:00,55.52683
2011-02-21 16:00:00,35.011524
2011-02-21 17:00:00,52.54771
2011-02-21 18:00:00,46.636917
2011-02-21 19:00:00,46.636864
2011-02-21 20:00:00,31.423176
2011-02-21 21:00:00,32.088543
2011-02-21 22:00:00,28.718609
2011-02-21 23:00:00,28.71845
2011-02-22 06:00:00,86.348915
2011-02-22 07:00:00,86.350266
2011-02-22 08:00:00,87.4273
2011-02-22 09:00:00,89.136856
2011-02-22 10:00:00,61.402035
2011-02-22 11:00:00,60.309128
2011-02-22 12:00:00,70.79997
2011-02-22 13:00:00,117.49776
2011-02-22 14:00:00,113.8299
2011-02-22 15:00:00,59.099483
2011-02-22 16:00:00,87.17159
2011-02-22 17:00:00,76.83916
2011-02-22 18:00:00,63.11065
2011-02-22 19:00:00,61.079506
2011-02-22 20:00:00,53.333817
2011-02-22 21:00:00,60.26663
2011-02-22 22:00:00,49.6913
2011-02-22 23:00:00,49.692287
2011-02-23 00:00:00,53.35253
2011-02-23 01:00:00,63.007133
2011-02-23 02:00:00,52.922123
2011-02-23 03:00:00,58.576233
2011-02-23 05:00:00,44.863663
2011-02-23 06:00:00,44.86477
2011-02-23 07:00:00,59.959957
2011-02-23 08:00:00,88.19306
2011-02-23 09:00:00,54.3886
2011-02-23 10:00:00,48.66121
2011-02-23 11:00:00,47.3185
2011-02-23 12:00:00,66.96576
2011-02-23 13:00:00,101.10629
2011-02-23 14:00:00,93.07822
2011-02-23 15:00:00,105.03282
2011-02-23 16:00:00,97.79641
2011-02-23 17:00:00,105.034134
2011-02-23 18:00:00,116.21127
2011-02-23 19:00:00,98.53029
2011-02-23 20:00:00,85.223915
2011-02-23 21:00:00,52.391037
2011-02-23 22:00:00,52.38031
2011-02-23 23:00:00,87.268486
2011-02-24 00:00:00,82.1425
2011-02-24 01:00:00,83.34613
2011-02-24 02:00:00,50.432762
2011-02-24 03:00:00,50.400414
2011-02-24 05:00:00,50.233833
2011-02-24 06:00:00,49.050686
2011-02-24 07:00:00,55.407684
2011-02-24 08:00:00,65.920074
2011-02-24 09:00:00,90.62013
2011-02-24 10:00:00,93.20379
2011-02-24 11:00:00,76.180374
2011-02-24 12:00:00,75.575905
2011-02-24 13:00:00,84.772705
2011-02-24 14:00:00,73.10595
2011-02-24 15:00:00,69.302795
2011-02-24 16:00:00,99.18178
2011-02-24 17:00:00,100.30242
2011-02-24 18:00:00,75.311
2011-02-24 19:00:00,72.40588
2011-02-24 20:00:00,85.56542
2011-02-24 21:00:00,75.31358
2011-02-24 22:00:00,66.89377
2011-02-24 23:00:00,89.70303
2011-02-25 00:00:00,109.68875
2011-02-25 01:00:00,68.894135
2011-02-25 02:00:00,68.89516
2011-02-25 03:00:00,75.86613
2011-02-25 05:00:00,75.86852
2011-02-25 06:00:00,56.250896
2011-02-25 07:00:00,49.58959
2011-02-25 08:00:00,69.15831
2011-02-25 09:00:00,71.163956
2011-02-25 10:00:00,36.211193
2011-02-25 11:00:00,82.8021
2011-02-25 12:00:00,112.06823
2011-02-25 13:00:00,112.06818
2011-02-25 14:00:00,129.305
2011-02-25 15:00:00,152.03615
2011-02-25 16:00:00,50.921375
2011-02-25 17:00:00,56.433792
2011-02-25 18:00:00,48.02481
2011-02-25 19:00:00,62.736977
2011-02-25 20:00:00,62.77885
2011-02-25 21:00:00,74.45809
2011-02-25 22:00:00,78.65897
2011-02-25 23:00:00,82.97611
2011-02-26 00:00:00,33.865147
2011-02-26 01:00:00,42.0341
2011-02-26 02:00:00,25.252584
2011-02-26 03:00:00,21.071295
2011-02-26 04:00:00,12.0635
2011-02-26 05:00:00,14.42691
2011-02-26 06:00:00,14.579418
2011-02-26 07:00:00,15.745264
2011-02-26 08:00:00,18.34475
2011-02-26 09:00:00,25.38816
2011-02-26 10:00:00,52.275764
2011-02-26 11:00:00,52.049927
2011-02-26 12:00:00,58.26374
2011-02-26 13:00:00,51.670376
2011-02-26 14:00:00,48.593884
2011-02-26 15:00:00,56.589787
2011-02-26 16:00:00,56.162476
2011-02-26 17:00:00,64.77557
2011-02-26 18:00:00,50.105034
2011-02-26 19:00:00,46.348434
2011-02-26 20:00:00,49.147385
2011-02-26 21:00:00,34.817333
2011-02-26 22:00:00,30.725355
2011-02-26 23:00:00,31.233408
2011-02-27 00:00:00,14.427282
2011-02-27 01:00:00,14.371955
2011-02-27 02:00:00,15.009564
2011-02-27 03:00:00,21.803423
2011-02-27 04:00:00,11.546411
2011-02-27 06:00:00,14.477179
2011-02-27 07:00:00,11.547023
2011-02-27 08:00:00,34.413517
2011-02-27 09:00:00,30.410313
2011-02-27 10:00:00,28.461021
2011-02-27 11:00:00,53.556587
2011-02-27 12:00:00,78.92238
2011-02-27 13:00:00,93.3764
2011-02-27 14:00:00,152.38269
2011-02-27 15:00:00,162.24033
2011-02-27 16:00:00,163.29434
2011-02-27 17:00:00,74.366325
2011-02-27 18:00:00,52.72511
2011-02-27 19:00:00,66.154785
2011-02-27 20:00:00,78.9269
2011-02-27 21:00:00,37.96447
2011-02-27 22:00:00,65.69282
2011-02-27 23:00:00,51.301666
2011-02-28 00:00:00,129.59892
2011-02-28 01:00:00,72.3966
2011-02-28 03:00:00,76.13006
2011-02-28 05:00:00,114.37403
2011-02-28 06:00:00,40.120163
2011-02-28 07:00:00,71.46726
2011-02-28 08:00:00,82.71883
2011-02-28 09:00:00,94.50139
2011-02-28 10:00:00,111.359955
2011-02-28 11:00:00,120.58921
2011-02-28 12:00:00,120.58912
2011-02-28 13:00:00,29.24806
2011-02-28 14:00:00,34.169586
2011-02-28 15:00:00,34.169838
2011-02-28 16:00:00,41.331177
2011-02-28 17:00:00,34.830128
2011-02-28 18:00:00,23.799278
2011-02-28 19:00:00,68.60704
2011-02-28 20:00:00,68.60696
2011-02-28 21:00:00,80.466
2011-02-28 22:00:00,77.42902
2011-02-28 23:00:00,88.47881
2011-03-20 00:00:00,49.88784
2011-03-20 01:00:00,46.063965
2011-03-20 02:00:00,50.183712
2011-03-20 03:00:00,37.252518
2011-03-20 04:00:00,29.975746
2011-03-20 05:00:00,27.812305
2011-03-20 06:00:00,26.154009
2011-03-20 07:00:00,24.656778
2011-03-20 08:00:00,34.464905
2011-03-20 09:00:00,51.21664
2011-03-20 10:00:00,78.60618
2011-03-20 11:00:00,87.001945
2011-03-20 12:00:00,97.318825
2011-03-20 13:00:00,90.8921
2011-03-20 14:00:00,112.75857
2011-03-20 15:00:00,122.48938
2011-03-20 16:00:00,129.02957
2011-03-20 17:00:00,82.500984
2011-03-20 18:00:00,65.03444
2011-03-20 19:00:00,69.59076
2011-03-20 20:00:00,60.517147
2011-03-20 21:00:00,48.70542
2011-03-20 22:00:00,52.699238
2011-03-20 23:00:00,45.875824
2011-03-21 00:00:00,91.503174
2011-03-21 01:00:00,108.075005
2011-03-21 02:00:00,117.58646
2011-03-21 03:00:00,117.587006
2011-03-21 05:00:00,84.18766
2011-03-21 06:00:00,109.250435
2011-03-21 07:00:00,56.219433
2011-03-21 08:00:00,92.39369
2011-03-21 09:00:00,107.40661
2011-03-21 10:00:00,133.34866
2011-03-21 11:00:00,132.77325
2011-03-21 12:00:00,131.43784
2011-03-21 13:00:00,187.45735
2011-03-21 14:00:00,131.00055
2011-03-21 15:00:00,137.01924
2011-03-21 16:00:00,136.37852
2011-03-21 17:00:00,135.69128
2011-03-21 18:00:00,136.25482
2011-03-21 19:00:00,149.79605
2011-03-21 20:00:00,93.15494
2011-03-21 21:00:00,34.341038
2011-03-21 22:00:00,65.67716
2011-03-21 23:00:00,84.632576
2011-03-22 00:00:00,61.544353
2011-03-22 01:00:00,64.12071
2011-03-22 02:00:00,62.7692
2011-03-22 03:00:00,95.33601
2011-03-22 04:00:00,109.94811
2011-03-22 05:00:00,101.24947
2011-03-22 06:00:00,93.1804
2011-03-22 07:00:00,119.55797
2011-03-22 08:00:00,87.263565
2011-03-22 09:00:00,81.34078
2011-03-22 10:00:00,157.912
2011-03-22 11:00:00,137.86296
2011-03-22 12:00:00,163.797
2011-03-22 13:00:00,159.88383
2011-03-22 14:00:00,170.92413
2011-03-22 15:00:00,161.61703
2011-03-22 16:00:00,151.01613
2011-03-22 17:00:00,151.01636
2011-03-22 18:00:00,143.27902
2011-03-22 19:00:00,148.55325
2011-03-22 20:00:00,155.99022
2011-03-22 21:00:00,90.91932
2011-03-22 22:00:00,98.06743
2011-03-22 23:00:00,98.06761
2011-03-23 00:00:00,95.12464
2011-03-23 01:00:00,97.83086
2011-03-23 02:00:00,97.83105
2011-03-23 03:00:00,116.704666
2011-03-23 05:00:00,68.25738
2011-03-23 06:00:00,79.05133
2011-03-23 07:00:00,94.90121
2011-03-23 08:00:00,65.579254
2011-03-23 09:00:00,91.79831
2011-03-23 10:00:00,97.33604
2011-03-23 11:00:00,74.679886
2011-03-23 12:00:00,70.22352
2011-03-23 13:00:00,79.72612
2011-03-23 14:00:00,76.377304
2011-03-23 15:00:00,95.77293
2011-03-23 16:00:00,124.19319
2011-03-23 17:00:00,124.19396
2011-03-23 18:00:00,90.41163
2011-03-23 19:00:00,90.41178
2011-03-23 20:00:00,80.16251
2011-03-23 21:00:00,57.642612
2011-03-23 22:00:00,100.19141
2011-03-23 23:00:00,123.762764
2011-03-24 00:00:00,94.62932
2011-03-24 01:00:00,74.07462
2011-03-24 02:00:00,69.91049
2011-03-24 03:00:00,62.047684
2011-03-24 04:00:00,62.152695
2011-03-24 05:00:00,49.17324
2011-03-24 06:00:00,49.174328
2011-03-24 07:00:00,18.851355
2011-03-24 08:00:00,20.867012
2011-03-24 09:00:00,50.382908
2011-03-24 10:00:00,52.238277
2011-03-24 11:00:00,92.77272
2011-03-24 12:00:00,118.58325
2011-03-24 13:00:00,103.95789
2011-03-24 14:00:00,107.2077
2011-03-24 15:00:00,125.74464
2011-03-24 16:00:00,110.62364
2011-03-24 17:00:00,123.037476
2011-03-24 18:00:00,106.58148
2011-03-24 19:00:00,106.64487
2011-03-24 20:00:00,105.091965
2011-03-24 21:00:00,100.31894
2011-03-24 22:00:00,98.64332
2011-03-24 23:00:00,86.45671
2011-03-25 00:00:00,93.85909
2011-03-25 01:00:00,93.79254
2011-03-25 02:00:00,90.06979
2011-03-25 03:00:00,72.40053
2011-03-25 04:00:00,88.582115
2011-03-25 05:00:00,106.99055
2011-03-25 06:00:00,113.170715
2011-03-25 07:00:00,106.2549
2011-03-25 08:00:00,91.27841
2011-03-25 09:00:00,94.69314
2011-03-25 10:00:00,75.6243
2011-03-25 11:00:00,85.26168
2011-03-25 12:00:00,78.33237
2011-03-25 13:00:00,83.023125
2011-03-25 14:00:00,69.069145
2011-03-25 15:00:00,84.958145
2011-03-25 16:00:00,82.163246
2011-03-25 17:00:00,84.48433
2011-03-25 18:00:00,89.34474
2011-03-25 19:00:00,101.800156
2011-03-25 20:00:00,92.68939
2011-03-25 21:00:00,90.8988
2011-03-25 22:00:00,88.3986
2011-03-25 23:00:00,87.19165
2011-03-26 00:00:00,68.13072
2011-03-26 01:00:00,74.3769
2011-03-26 02:00:00,43.62747
2011-03-26 03:00:00,39.224377
2011-03-26 04:00:00,43.628647
2011-03-26 05:00:00,31.890394
2011-03-26 06:00:00,29.936274
2011-03-26 07:00:00,31.891453
2011-03-26 08:00:00,39.249897
2011-03-26 09:00:00,48.56455
2011-03-26 10:00:00,58.728535
2011-03-26 11:00:00,61.381042
2011-03-26 12:00:00,69.20958
2011-03-26 13:00:00,75.61089
2011-03-26 14:00:00,90.26479
2011-03-26 15:00:00,90.968216
2011-03-26 16:00:00,94.48078
2011-03-26 17:00:00,97.95677
2011-03-26 18:00:00,87.39058
2011-03-26 19:00:00,51.54487
2011-03-26 20:00:00,51.545227
2011-03-26 21:00:00,42.576355
2011-03-26 22:00:00,51.898605
2011-03-26 23:00:00,43.78651
2011-03-27 00:00:00,51.861736
2011-03-27 01:00:00,29.759142
2011-03-27 02:00:00,20.116951
2011-03-27 03:00:00,12.772039
2011-03-27 04:00:00,13.630498
2011-03-27 06:00:00,19.579386
2011-03-27 07:00:00,18.04265
2011-03-27 08:00:00,13.827396
2011-03-27 09:00:00,18.427935
2011-03-27 10:00:00,26.17082
2011-03-27 11:00:00,38.580105
2011-03-27 12:00:00,44.041294
2011-03-27 13:00:00,67.725105
2011-03-27 14:00:00,71.782906
2011-03-27 15:00:00,69.87668
2011-03-27 16:00:00,78.910446
2011-03-27 17:00:00,92.47095
2011-03-27 18:00:00,67.88152
2011-03-27 19:00:00,75.028534
2011-03-27 20:00:00,58.21431
2011-03-27 21:00:00,55.4019
2011-03-27 22:00:00,55.402424
2011-03-27 23:00:00,41.858974
2011-03-28 00:00:00,118.97076
2011-03-28 01:00:00,78.61359
2011-03-28 02:00:00,76.35514
2011-03-28 03:00:00,76.3563
2011-03-28 05:00:00,74.78144
2011-03-28 06:00:00,117.778564
2011-03-28 07:00:00,115.29118
2011-03-28 08:00:00,91.69594
2011-03-28 09:00:00,88.973816
2011-03-28 10:00:00,80.613785
2011-03-28 11:00:00,93.542656
2011-03-28 12:00:00,85.87217
2011-03-28 13:00:00,107.752655
2011-03-28 14:00:00,111.135025
2011-03-28 15:00:00,104.28172
2011-03-28 16:00:00,114.18579
2011-03-28 17:00:00,101.45155
2011-03-28 18:00:00,109.56903
2011-03-28 19:00:00,143.4434
2011-03-28 20:00:00,113.77634
2011-03-28 21:00:00,111.66695
2011-03-28 22:00:00,117.72567
2011-03-28 23:00:00,93.99001
2011-03-29 00:00:00,96.54673
2011-03-29 01:00:00,99.52435
2011-03-29 02:00:00,99.52536
2011-03-29 03:00:00,99.52636
2011-03-29 04:00:00,65.65136
2011-03-29 05:00:00,88.0528
2011-03-29 06:00:00,93.50437
2011-03-29 07:00:00,102.94245
2011-03-29 08:00:00,114.41412
2011-03-29 09:00:00,81.31801
2011-03-29 10:00:00,96.19621
2011-03-29 11:00:00,101.406235
2011-03-29 12:00:00,97.20735
2011-03-29 13:00:00,89.35702
2011-03-29 14:00:00,95.41619
2011-03-29 15:00:00,104.25039
2011-03-29 16:00:00,106.89135
2011-03-29 17:00:00,122.81694
2011-03-29 18:00:00,140.0425
2011-03-29 19:00:00,100.90562
2011-03-29 20:00:00,140.04361
2011-03-29 21:00:00,94.31147
2011-03-29 22:00:00,71.73692
2011-03-29 23:00:00,100.50396
2011-03-30 00:00:00,105.94318
2011-03-30 01:00:00,88.10077
2011-03-30 02:00:00,105.94496
2011-03-30 03:00:00,80.83406
2011-03-30 04:00:00,105.94675
2011-03-30 05:00:00,120.61661
2011-03-30 06:00:00,93.191124
2011-03-30 07:00:00,86.509155
2011-03-30 08:00:00,76.34298
2011-03-30 09:00:00,80.956825
2011-03-30 10:00:00,82.38796
2011-03-30 11:00:00,80.636185
2011-03-30 12:00:00,75.848236
2011-03-30 13:00:00,82.754265
2011-03-30 14:00:00,75.73719
2011-03-30 15:00:00,51.853065
2011-03-30 16:00:00,48.951607
2011-03-30 17:00:00,27.03471
2011-03-30 18:00:00,46.133156
2011-03-30 19:00:00,46.133797
2011-03-30 20:00:00,48.426746
2011-03-30 21:00:00,47.58646
2011-03-30 22:00:00,28.699684
2011-03-30 23:00:00,47.723705
2011-03-31 00:00:00,27.136604
2011-03-31 01:00:00,26.861603
2011-03-31 02:00:00,26.862076
2011-03-31 03:00:00,27.13854
2011-03-31 04:00:00,18.477253
2011-03-31 05:00:00,27.13982
2011-03-31 06:00:00,48.84036
2011-03-31 07:00:00,18.479115
2011-03-31 08:00:00,52.630795
2011-03-31 09:00:00,22.863077
2011-03-31 10:00:00,22.863567
2011-03-31 11:00:00,25.357906
2011-03-31 12:00:00,25.358334
2011-03-31 13:00:00,52.550213
2011-03-31 14:00:00,52.55058
2011-03-31 15:00:00,41.52145
2011-03-31 16:00:00,82.698456
2011-03-31 17:00:00,82.69925
2011-03-31 18:00:00,75.24993
2011-03-31 19:00:00,75.2508
2011-03-31 20:00:00,17.064758
2011-03-31 21:00:00,42.16224
2011-03-31 22:00:00,17.142042
2011-03-31 23:00:00,15.593561
2011-04-20 00:00:00,34.937607
2011-04-20 01:00:00,36.63663
2011-04-20 02:00:00,36.63807
2011-04-20 03:00:00,26.713472
2011-04-20 04:00:00,29.818542
2011-04-20 05:00:00,38.923683
2011-04-20 06:00:00,36.64384
2011-04-20 07:00:00,26.748268
2011-04-20 08:00:00,264.82986
2011-04-20 09:00:00,257.24634
2011-04-20 10:00:00,291.1991
2011-04-20 11:00:00,291.1997
2011-04-20 12:00:00,320.63406
2011-04-20 13:00:00,320.6358
2011-04-20 14:00:00,256.06058
2011-04-20 15:00:00,238.96365
2011-04-20 16:00:00,238.96297
2011-04-20 17:00:00,253.29723
2011-04-20 18:00:00,260.8387
2011-04-20 19:00:00,284.89703
2011-04-20 20:00:00,265.71454
2011-04-20 21:00:00,298.3471
2011-04-20 22:00:00,265.27988
2011-04-20 23:00:00,259.98163
2011-04-21 00:00:00,230.85045
2011-04-21 01:00:00,211.69987
2011-04-21 02:00:00,202.98236
2011-04-21 03:00:00,165.7847
2011-04-21 04:00:00,150.43782
2011-04-21 05:00:00,148.43033
2011-04-21 06:00:00,158.68887
2011-04-21 07:00:00,165.97586
2011-04-21 08:00:00,175.47034
2011-04-21 09:00:00,172.56006
2011-04-21 10:00:00,201.5236
2011-04-21 11:00:00,179.4087
2011-04-21 12:00:00,169.6417
2011-04-21 13:00:00,230.18576
2011-04-21 14:00:00,220.13896
2011-04-21 15:00:00,229.54443
2011-04-21 16:00:00,227.05635
2011-04-21 17:00:00,235.7781
2011-04-21 18:00:00,255.53932
2011-04-21 19:00:00,223.65616
2011-04-21 20:00:00,227.71397
2011-04-21 21:00:00,109.39983
2011-04-21 22:00:00,176.70892
2011-04-21 23:00:00,185.6877
2011-04-22 00:00:00,60.91691
2011-04-22 01:00:00,135.04402
2011-04-22 02:00:00,138.03479
2011-04-22 03:00:00,138.03632
2011-04-22 04:00:00,119.555244
2011-04-22 05:00:00,102.858154
2011-04-22 06:00:00,119.49898
2011-04-22 07:00:00,129.29803
2011-04-22 08:00:00,129.02881
2011-04-22 09:00:00,122.74253
2011-04-22 10:00:00,105.87839
2011-04-22 11:00:00,99.8952
2011-04-22 12:00:00,60.73377
2011-04-22 13:00:00,42.417004
2011-04-22 14:00:00,34.8785
2011-04-22 15:00:00,42.564285
2011-04-22 16:00:00,43.436703
2011-04-22 17:00:00,58.743317
2011-04-22 18:00:00,58.743595
2011-04-22 19:00:00,58.743874
2011-04-22 20:00:00,44.424515
2011-04-22 21:00:00,51.593777
2011-04-22 22:00:00,75.016556
2011-04-22 23:00:00,60.832977
2011-04-23 00:00:00,69.06333
2011-04-23 01:00:00,69.03089
2011-04-23 02:00:00,69.88089
2011-04-23 03:00:00,63.25856
2011-04-23 04:00:00,43.05725
2011-04-23 05:00:00,43.023285
2011-04-23 06:00:00,48.66765
2011-04-23 07:00:00,50.371887
2011-04-23 08:00:00,53.781075
2011-04-23 09:00:00,42.100567
2011-04-23 10:00:00,38.84895
2011-04-23 11:00:00,40.359264
2011-04-23 12:00:00,140.6375
2011-04-23 13:00:00,140.4513
2011-04-23 14:00:00,171.10725
2011-04-23 15:00:00,237.83672
2011-04-23 16:00:00,258.45502
2011-04-23 17:00:00,238.79805
2011-04-23 18:00:00,167.55319
2011-04-23 19:00:00,159.94221
2011-04-23 20:00:00,159.10208
2011-04-23 21:00:00,164.42198
2011-04-23 22:00:00,166.61035
2011-04-23 23:00:00,153.97832
2011-04-24 00:00:00,134.26169
2011-04-24 01:00:00,70.48934
2011-04-24 02:00:00,70.48983
2011-04-24 03:00:00,38.913795
2011-04-24 04:00:00,38.914364
2011-04-24 05:00:00,38.914925
2011-04-24 06:00:00,45.72885
2011-04-24 07:00:00,45.729164
2011-04-24 08:00:00,61.304764
2011-04-24 09:00:00,125.35012
2011-04-24 10:00:00,183.64308
2011-04-24 11:00:00,338.12836
2011-04-24 12:00:00,344.3051
2011-04-24 13:00:00,331.53644
2011-04-24 14:00:00,318.52957
2011-04-24 15:00:00,311.6504
2011-04-24 16:00:00,391.89325
2011-04-24 17:00:00,336.99435
2011-04-24 18:00:00,329.76892
2011-04-24 19:00:00,169.69917
2011-04-24 20:00:00,168.72844
2011-04-24 21:00:00,132.35838
2011-04-24 22:00:00,132.77525
2011-04-24 23:00:00,119.91418
2011-04-25 00:00:00,102.14567
2011-04-25 01:00:00,90.85982
2011-04-25 02:00:00,90.8613
2011-04-25 03:00:00,35.481995
2011-04-25 04:00:00,77.799965
2011-04-25 05:00:00,35.945374
2011-04-25 06:00:00,36.30072
2011-04-25 07:00:00,85.28214
2011-04-25 08:00:00,81.55463
2011-04-25 09:00:00,158.2558
2011-04-25 10:00:00,245.27321
2011-04-25 11:00:00,245.27325
2011-04-25 12:00:00,294.88348
2011-04-25 13:00:00,298.35883
2011-04-25 14:00:00,249.63132
2011-04-25 15:00:00,230.66377
2011-04-25 16:00:00,286.7094
2011-04-25 17:00:00,292.01303
2011-04-25 18:00:00,240.60289
2011-04-25 19:00:00,243.21443
2011-04-25 20:00:00,245.50174
2011-04-25 21:00:00,270.2016
2011-04-25 22:00:00,213.86539
2011-04-25 23:00:00,172.8624
2011-04-26 00:00:00,302.33176
2011-04-26 01:00:00,229.22606
2011-04-26 02:00:00,129.29156
2011-04-26 03:00:00,158.23637
2011-04-26 04:00:00,128.70558
2011-04-26 05:00:00,103.0657
2011-04-26 06:00:00,88.197235
2011-04-26 07:00:00,124.82356
2011-04-26 08:00:00,124.81734
2011-04-26 09:00:00,256.75638
2011-04-26 10:00:00,280.63254
2011-04-26 11:00:00,297.47336
2011-04-26 12:00:00,250.15628
2011-04-26 13:00:00,272.9663
2011-04-26 14:00:00,270.42776
2011-04-26 15:00:00,272.12933
2011-04-26 16:00:00,252.10475
2011-04-26 17:00:00,258.88666
2011-04-26 18:00:00,286.54013
2011-04-26 19:00:00,252.22208
2011-04-26 20:00:00,256.7344
2011-04-26 21:00:00,192.58813
2011-04-26 22:00:00,158.53488
2011-04-26 23:00:00,151.48636
2011-04-27 00:00:00,151.72603
2011-04-27 01:00:00,142.18517
2011-04-27 02:00:00,102.58247
2011-04-27 03:00:00,168.66966
2011-04-27 04:00:00,101.51041
2011-04-27 05:00:00,127.01517
2011-04-27 06:00:00,95.875534
2011-04-27 07:00:00,168.66916
2011-04-27 08:00:00,160.17566
2011-04-27 09:00:00,154.19777
2011-04-27 10:00:00,155.37683
2011-04-27 11:00:00,177.3082
2011-04-27 12:00:00,255.8436
2011-04-27 13:00:00,203.11699
2011-04-27 14:00:00,287.4414
2011-04-27 15:00:00,298.40732
2011-04-27 16:00:00,290.66855
2011-04-27 17:00:00,184.79916
2011-04-27 18:00:00,184.79906
2011-04-27 19:00:00,205.7693
2011-04-27 20:00:00,164.6133
2011-04-27 21:00:00,155.81729
2011-04-27 22:00:00,160.20857
2011-04-27 23:00:00,150.5236
2011-04-28 00:00:00,201.14687
2011-04-28 01:00:00,146.04803
2011-04-28 02:00:00,147.2735
2011-04-28 03:00:00,168.3924
2011-04-28 04:00:00,146.1908
2011-04-28 05:00:00,146.04495
2011-04-28 06:00:00,165.42763
2011-04-28 07:00:00,165.9617
2011-04-28 08:00:00,216.39368
2011-04-28 09:00:00,173.58244
2011-04-28 10:00:00,161.97499
2011-04-28 11:00:00,154.9968
2011-04-28 12:00:00,173.83717
2011-04-28 13:00:00,151.271
2011-04-28 14:00:00,154.98558
2011-04-28 15:00:00,307.4936
2011-04-28 16:00:00,184.08084
2011-04-28 17:00:00,308.52945
2011-04-28 18:00:00,308.52972
2011-04-28 19:00:00,264.70557
2011-04-28 20:00:00,284.1489
2011-04-28 21:00:00,230.42526
2011-04-28 22:00:00,196.7376
2011-04-28 23:00:00,184.484
2011-04-29 00:00:00,192.54356
2011-04-29 01:00:00,150.75392
2011-04-29 02:00:00,116.03529
2011-04-29 03:00:00,96.5805
2011-04-29 04:00:00,117.14896
2011-04-29 05:00:00,107.91773
2011-04-29 06:00:00,158.44106
2011-04-29 07:00:00,172.39024
2011-04-29 08:00:00,203.11093
2011-04-29 09:00:00,200.99509
2011-04-29 10:00:00,217.29913
2011-04-29 11:00:00,238.4051
2011-04-29 12:00:00,209.81229
2011-04-29 13:00:00,209.39272
2011-04-29 14:00:00,243.57649
2011-04-29 15:00:00,211.55333
2011-04-29 16:00:00,203.78046
2011-04-29 17:00:00,191.33574
2011-04-29 18:00:00,177.41782
2011-04-29 19:00:00,141.93102
2011-04-29 20:00:00,130.29651
2011-04-29 21:00:00,101.42413
2011-04-29 22:00:00,67.84475
2011-04-29 23:00:00,119.773636
2011-04-30 00:00:00,138.66008
2011-04-30 01:00:00,117.11302
2011-04-30 02:00:00,124.13943
2011-04-30 03:00:00,111.18592
2011-04-30 04:00:00,117.45489
2011-04-30 05:00:00,127.75643
2011-04-30 06:00:00,106.416145
2011-04-30 07:00:00,109.800705
2011-04-30 08:00:00,114.91423
2011-04-30 09:00:00,132.30319
2011-04-30 10:00:00,197.51773
2011-04-30 11:00:00,227.85336
2011-04-30 12:00:00,248.54095
2011-04-30 13:00:00,251.27852
2011-04-30 14:00:00,226.32951
2011-04-30 15:00:00,214.51442
2011-04-30 16:00:00,287.2365
2011-04-30 17:00:00,213.91814
2011-04-30 18:00:00,214.53107
2011-04-30 19:00:00,214.53114
2011-04-30 20:00:00,71.84303
2011-04-30 21:00:00,71.84343
2011-04-30 22:00:00,64.94857
2011-04-30 23:00:00,64.94905
2011-05-20 00:00:00,75.0059
2011-05-20 01:00:00,102.39974
2011-05-20 02:00:00,105.62635
2011-05-20 03:00:00,108.985
2011-05-20 04:00:00,79.97765
2011-05-20 05:00:00,74.55322
2011-05-20 06:00:00,151.00246
2011-05-20 07:00:00,204.00351
2011-05-20 08:00:00,235.79529
2011-05-20 09:00:00,243.26949
2011-05-20 10:00:00,272.41165
2011-05-20 11:00:00,294.28024
2011-05-20 12:00:00,301.69104
2011-05-20 13:00:00,308.58414
2011-05-20 14:00:00,276.15192
2011-05-20 15:00:00,298.96793
2011-05-20 16:00:00,282.179
2011-05-20 17:00:00,278.04688
2011-05-20 18:00:00,290.28476
2011-05-20 19:00:00,274.21777
2011-05-20 20:00:00,282.0551
2011-05-20 21:00:00,278.62738
2011-05-20 22:00:00,190.91154
2011-05-20 23:00:00,226.48685
2011-05-21 00:00:00,167.78448
2011-05-21 01:00:00,170.47925
2011-05-21 02:00:00,185.28593
2011-05-21 03:00:00,124.15855
2011-05-21 04:00:00,113.53086
2011-05-21 05:00:00,106.199844
2011-05-21 06:00:00,121.37447
2011-05-21 07:00:00,216.16475
2011-05-21 08:00:00,290.16556
2011-05-21 09:00:00,345.1295
2011-05-21 10:00:00,367.97742
2011-05-21 11:00:00,304.5693
2011-05-21 12:00:00,323.8587
2011-05-21 13:00:00,343.3323
2011-05-21 14:00:00,388.64166
2011-05-21 15:00:00,413.3017
2011-05-21 16:00:00,388.4525
2011-05-21 17:00:00,372.3555
2011-05-21 18:00:00,347.0523
2011-05-21 19:00:00,351.80392
2011-05-21 20:00:00,334.28427
2011-05-21 21:00:00,368.5294
2011-05-21 22:00:00,351.35596
2011-05-21 23:00:00,230.47884
2011-05-22 00:00:00,138.5071
2011-05-22 01:00:00,58.084476
2011-05-22 02:00:00,51.91293
2011-05-22 03:00:00,62.49858
2011-05-22 04:00:00,76.338776
2011-05-22 05:00:00,62.50011
2011-05-22 06:00:00,51.91513
2011-05-22 07:00:00,120.8864
2011-05-22 08:00:00,242.37863
2011-05-22 09:00:00,353.66864
2011-05-22 10:00:00,374.88535
2011-05-22 11:00:00,370.47604
2011-05-22 12:00:00,373.4395
2011-05-22 13:00:00,298.77194
2011-05-22 14:00:00,330.487
2011-05-22 15:00:00,345.4801
2011-05-22 16:00:00,378.70135
2011-05-22 17:00:00,394.76306
2011-05-22 18:00:00,375.67007
2011-05-22 19:00:00,381.886
2011-05-22 20:00:00,372.3336
2011-05-22 21:00:00,278.80023
2011-05-22 22:00:00,210.7499
2011-05-22 23:00:00,197.63922
2011-05-23 00:00:00,157.11238
2011-05-23 01:00:00,118.68223
2011-05-23 02:00:00,139.20699
2011-05-23 03:00:00,75.595764
2011-05-23 04:00:00,129.22734
2011-05-23 05:00:00,129.22874
2011-05-23 06:00:00,148.31088
2011-05-23 07:00:00,89.77198
2011-05-23 08:00:00,165.43271
2011-05-23 09:00:00,173.31201
2011-05-23 10:00:00,280.01303
2011-05-23 11:00:00,314.72418
2011-05-23 12:00:00,314.71347
2011-05-23 13:00:00,260.94275
2011-05-23 14:00:00,305.73145
2011-05-23 15:00:00,301.99338
2011-05-23 16:00:00,299.64746
2011-05-23 17:00:00,271.9118
2011-05-23 18:00:00,308.9142
2011-05-23 19:00:00,322.21432
2011-05-23 20:00:00,247.14648
2011-05-23 21:00:00,161.68965
2011-05-23 22:00:00,58.721672
2011-05-23 23:00:00,149.78079
2011-05-24 00:00:00,73.49515
2011-05-24 01:00:00,77.34043
2011-05-24 02:00:00,73.49556
2011-05-24 03:00:00,68.54577
2011-05-24 04:00:00,116.69505
2011-05-24 05:00:00,87.501205
2011-05-24 06:00:00,65.71178
2011-05-24 07:00:00,210.92514
2011-05-24 08:00:00,200.70258
2011-05-24 09:00:00,259.28256
2011-05-24 10:00:00,343.7768
2011-05-24 11:00:00,229.91911
2011-05-24 12:00:00,261.13043
2011-05-24 13:00:00,276.28723
2011-05-24 14:00:00,268.73355
2011-05-24 15:00:00,253.96217
2011-05-24 16:00:00,342.56635
2011-05-24 17:00:00,304.99582
2011-05-24 18:00:00,338.6162
2011-05-24 19:00:00,306.01834
2011-05-24 20:00:00,310.0956
2011-05-24 21:00:00,253.04912
2011-05-24 22:00:00,152.36885
2011-05-24 23:00:00,259.6011
2011-05-25 00:00:00,174.23868
2011-05-25 01:00:00,164.90053
2011-05-25 02:00:00,115.83814
2011-05-25 03:00:00,53.065334
2011-05-25 04:00:00,52.80047
2011-05-25 05:00:00,136.54112
2011-05-25 06:00:00,40.743668
2011-05-25 07:00:00,245.50044
2011-05-25 08:00:00,319.4747
2011-05-25 09:00:00,326.71368
2011-05-25 10:00:00,294.7856
2011-05-25 11:00:00,205.07933
2011-05-25 12:00:00,248.9997
2011-05-25 13:00:00,248.9999
2011-05-25 14:00:00,280.33536
2011-05-25 15:00:00,252.23395
2011-05-25 16:00:00,258.3991
2011-05-25 17:00:00,226.97812
2011-05-25 18:00:00,298.22284
2011-05-25 19:00:00,298.37842
2011-05-25 20:00:00,299.75742
2011-05-25 21:00:00,301.69144
2011-05-25 22:00:00,344.9196
2011-05-25 23:00:00,280.13025
2011-05-26 00:00:00,295.59543
2011-05-26 01:00:00,295.59607
2011-05-26 02:00:00,228.90408
2011-05-26 03:00:00,135.65936
2011-05-26 04:00:00,150.48906
2011-05-26 05:00:00,179.25479
2011-05-26 06:00:00,136.3406
2011-05-26 07:00:00,82.08013
2011-05-26 08:00:00,243.40631
2011-05-26 09:00:00,328.71008
2011-05-26 10:00:00,345.68292
2011-05-26 11:00:00,294.886
2011-05-26 12:00:00,314.37958
2011-05-26 13:00:00,269.28696
2011-05-26 14:00:00,269.28714
2011-05-26 15:00:00,234.98703
2011-05-26 16:00:00,244.49927
2011-05-26 17:00:00,278.79517
2011-05-26 18:00:00,282.45758
2011-05-26 19:00:00,274.99823
2011-05-26 20:00:00,341.8544
2011-05-26 21:00:00,322.06558
2011-05-26 22:00:00,341.55194
2011-05-26 23:00:00,350.69458
2011-05-27 00:00:00,352.20337
2011-05-27 01:00:00,354.48386
2011-05-27 02:00:00,333.47897
2011-05-27 03:00:00,310.43823
2011-05-27 04:00:00,313.13232
2011-05-27 05:00:00,333.5577
2011-05-27 06:00:00,308.18228
2011-05-27 07:00:00,288.45016
2011-05-27 08:00:00,333.01678
2011-05-27 09:00:00,359.9848
2011-05-27 10:00:00,283.2655
2011-05-27 11:00:00,237.42705
2011-05-27 12:00:00,229.7617
2011-05-27 13:00:00,319.30402
2011-05-27 14:00:00,295.67627
2011-05-27 15:00:00,313.57617
2011-05-27 16:00:00,225.80704
2011-05-27 17:00:00,316.26254
2011-05-27 18:00:00,306.85266
2011-05-27 19:00:00,170.5148
2011-05-27 20:00:00,216.33177
2011-05-27 21:00:00,207.10912
2011-05-27 22:00:00,225.51266
2011-05-27 23:00:00,142.65387
2011-05-28 00:00:00,113.24181
2011-05-28 01:00:00,128.61995
2011-05-28 02:00:00,38.17182
2011-05-28 03:00:00,131.74236
2011-05-28 04:00:00,134.97705
2011-05-28 05:00:00,131.74208
2011-05-28 06:00:00,178.471
2011-05-28 07:00:00,186.83508
2011-05-28 08:00:00,211.34097
2011-05-28 09:00:00,330.8844
2011-05-28 10:00:00,376.94687
2011-05-28 11:00:00,376.94803
2011-05-28 12:00:00,376.33667
2011-05-28 13:00:00,378.36597
2011-05-28 14:00:00,320.60925
2011-05-28 15:00:00,403.13824
2011-05-28 16:00:00,402.62207
2011-05-28 17:00:00,402.49695
2011-05-28 18:00:00,380.56284
2011-05-28 19:00:00,382.0606
2011-05-28 20:00:00,377.15854
2011-05-28 21:00:00,364.60388
2011-05-28 22:00:00,301.63733
2011-05-28 23:00:00,219.03938
2011-05-29 00:00:00,207.6189
2011-05-29 01:00:00,112.42142
2011-05-29 02:00:00,104.82302
2011-05-29 03:00:00,104.82339
2011-05-29 04:00:00,87.56227
2011-05-29 05:00:00,40.444332
2011-05-29 06:00:00,119.87851
2011-05-29 07:00:00,125.61547
2011-05-29 08:00:00,122.3244
2011-05-29 09:00:00,76.74367
2011-05-29 10:00:00,288.95154
2011-05-29 11:00:00,296.56393
2011-05-29 12:00:00,337.44678
2011-05-29 13:00:00,378.7104
2011-05-29 14:00:00,339.35962
2011-05-29 15:00:00,337.53253
2011-05-29 16:00:00,339.33438
2011-05-29 17:00:00,339.3357
2011-05-29 18:00:00,376.209
2011-05-29 19:00:00,376.02948
2011-05-29 20:00:00,334.79507
2011-05-29 21:00:00,316.06906
2011-05-29 22:00:00,128.86595
2011-05-29 23:00:00,135.89607
2011-05-30 00:00:00,61.27337
2011-05-30 01:00:00,55.880955
2011-05-30 02:00:00,61.273552
2011-05-30 03:00:00,61.273636
2011-05-30 04:00:00,52.44571
2011-05-30 05:00:00,91.916046
2011-05-30 06:00:00,101.6718
2011-05-30 07:00:00,115.991486
2011-05-30 08:00:00,178.30136
2011-05-30 09:00:00,313.47034
2011-05-30 10:00:00,356.77353
2011-05-30 11:00:00,387.9355
2011-05-30 12:00:00,368.41428
2011-05-30 13:00:00,390.59482
2011-05-30 14:00:00,400.40598
2011-05-30 15:00:00,368.65536
2011-05-30 16:00:00,369.41003
2011-05-30 17:00:00,386.63245
2011-05-30 18:00:00,387.22986
2011-05-30 19:00:00,193.28377
2011-05-30 20:00:00,299.65506
2011-05-30 21:00:00,275.6973
2011-05-30 22:00:00,288.67508
2011-05-30 23:00:00,294.95718
2011-05-31 00:00:00,301.93378
2011-05-31 01:00:00,299.60123
2011-05-31 02:00:00,69.37322
2011-05-31 03:00:00,96.228355
2011-05-31 04:00:00,256.34747
2011-05-31 05:00:00,256.34808
2011-05-31 06:00:00,286.387
2011-05-31 07:00:00,249.8079
2011-05-31 08:00:00,283.8557
2011-05-31 09:00:00,253.51685
2011-05-31 10:00:00,272.1556
2011-05-31 11:00:00,197.47507
2011-05-31 12:00:00,197.93675
2011-05-31 13:00:00,205.02158
2011-05-31 14:00:00,200.8627
2011-05-31 15:00:00,204.06573
2011-05-31 16:00:00,204.55049
2011-05-31 17:00:00,212.9185
2011-05-31 18:00:00,212.49742
2011-05-31 19:00:00,266.14487
2011-05-31 20:00:00,266.1454
2011-05-31 21:00:00,281.3225
2011-05-31 22:00:00,266.67297
2011-05-31 23:00:00,311.68893
2011-06-20 00:00:00,77.15932
2011-06-20 01:00:00,69.77582
2011-06-20 02:00:00,69.77659
2011-06-20 03:00:00,103.534
2011-06-20 04:00:00,113.71186
2011-06-20 05:00:00,90.49641
2011-06-20 06:00:00,107.96602
2011-06-20 07:00:00,122.36457
2011-06-20 08:00:00,100.26155
2011-06-20 09:00:00,132.33334
2011-06-20 10:00:00,132.33272
2011-06-20 11:00:00,118.955864
2011-06-20 12:00:00,153.75278
2011-06-20 13:00:00,175.2123
2011-06-20 14:00:00,162.31812
2011-06-20 15:00:00,169.28389
2011-06-20 16:00:00,244.31012
2011-06-20 17:00:00,219.45747
2011-06-20 18:00:00,207.9134
2011-06-20 19:00:00,159.883
2011-06-20 20:00:00,139.92177
2011-06-20 21:00:00,56.116516
2011-06-20 22:00:00,88.16859
2011-06-20 23:00:00,110.09175
2011-06-21 00:00:00,78.83127
2011-06-21 01:00:00,111.90469
2011-06-21 02:00:00,103.04388
2011-06-21 03:00:00,103.04361
2011-06-21 04:00:00,128.00093
2011-06-21 05:00:00,136.10562
2011-06-21 06:00:00,136.1066
2011-06-21 07:00:00,152.29515
2011-06-21 08:00:00,119.40891
2011-06-21 09:00:00,135.19624
2011-06-21 10:00:00,123.1415
2011-06-21 11:00:00,91.89904
2011-06-21 12:00:00,148.75229
2011-06-21 13:00:00,226.33408
2011-06-21 14:00:00,308.06207
2011-06-21 15:00:00,295.43448
2011-06-21 16:00:00,334.67557
2011-06-21 17:00:00,238.52644
2011-06-21 18:00:00,248.4936
2011-06-21 19:00:00,233.76157
2011-06-21 20:00:00,241.40529
2011-06-21 21:00:00,181.60762
2011-06-21 22:00:00,148.83159
2011-06-21 23:00:00,131.36282
2011-06-22 00:00:00,129.2948
2011-06-22 01:00:00,129.22652
2011-06-22 02:00:00,106.41844
2011-06-22 03:00:00,129.22662
2011-06-22 04:00:00,74.8518
2011-06-22 05:00:00,93.09605
2011-06-22 06:00:00,111.491234
2011-06-22 07:00:00,159.02452
2011-06-22 08:00:00,212.62724
2011-06-22 09:00:00,230.1383
2011-06-22 10:00:00,251.30637
2011-06-22 11:00:00,236.66335
2011-06-22 12:00:00,268.51154
2011-06-22 13:00:00,218.49084
2011-06-22 14:00:00,241.19518
2011-06-22 15:00:00,226.43762
2011-06-22 16:00:00,230.48965
2011-06-22 17:00:00,240.06915
2011-06-22 18:00:00,250.54263
2011-06-22 19:00:00,238.37973
2011-06-22 20:00:00,231.36935
2011-06-22 21:00:00,234.13524
2011-06-22 22:00:00,237.45282
2011-06-22 23:00:00,239.39516
2011-06-23 00:00:00,239.32088
2011-06-23 01:00:00,226.75307
2011-06-23 02:00:00,226.75217
2011-06-23 03:00:00,206.87936
2011-06-23 04:00:00,184.7912
2011-06-23 05:00:00,200.8454
2011-06-23 06:00:00,200.84483
2011-06-23 07:00:00,231.57387
2011-06-23 08:00:00,225.51427
2011-06-23 09:00:00,228.48772
2011-06-23 10:00:00,255.03854
2011-06-23 11:00:00,248.7622
2011-06-23 12:00:00,249.21596
2011-06-23 13:00:00,234.62735
2011-06-23 14:00:00,251.02573
2011-06-23 15:00:00,214.45918
2011-06-23 16:00:00,211.4216
2011-06-23 17:00:00,205.42715
2011-06-23 18:00:00,202.00113
2011-06-23 19:00:00,204.81955
2011-06-23 20:00:00,212.16312
2011-06-23 21:00:00,209.06285
2011-06-23 22:00:00,228.35074
2011-06-23 23:00:00,222.18213
2011-06-24 00:00:00,181.00035
2011-06-24 01:00:00,206.16946
2011-06-24 02:00:00,206.16805
2011-06-24 03:00:00,150.98271
2011-06-24 04:00:00,138.53275
2011-06-24 05:00:00,63.549465
2011-06-24 06:00:00,149.46616
2011-06-24 07:00:00,174.40071
2011-06-24 08:00:00,204.47398
2011-06-24 09:00:00,260.15997
2011-06-24 10:00:00,336.85162
2011-06-24 11:00:00,354.57123
2011-06-24 12:00:00,341.73218
2011-06-24 13:00:00,309.52167
2011-06-24 14:00:00,336.0218
2011-06-24 15:00:00,329.2018
2011-06-24 16:00:00,338.97382
2011-06-24 17:00:00,377.25507
2011-06-24 18:00:00,380.25684
2011-06-24 19:00:00,361.48364
2011-06-24 20:00:00,329.984
2011-06-24 21:00:00,279.6603
2011-06-24 22:00:00,230.38211
2011-06-24 23:00:00,253.55357
2011-06-25 00:00:00,251.64755
2011-06-25 01:00:00,232.19594
2011-06-25 02:00:00,214.21927
2011-06-25 03:00:00,139.42067
2011-06-25 04:00:00,139.42055
2011-06-25 05:00:00,131.48183
2011-06-25 06:00:00,141.49915
2011-06-25 07:00:00,184.19388
2011-06-25 08:00:00,306.8916
2011-06-25 09:00:00,370.91718
2011-06-25 10:00:00,367.32938
2011-06-25 11:00:00,384.86475
2011-06-25 12:00:00,419.08157
2011-06-25 13:00:00,419.09
2011-06-25 14:00:00,414.87473
2011-06-25 15:00:00,380.70514
2011-06-25 16:00:00,436.08224
2011-06-25 17:00:00,412.60153
2011-06-25 18:00:00,371.11478
2011-06-25 19:00:00,361.16306
2011-06-25 20:00:00,303.09543
2011-06-25 21:00:00,228.80377
2011-06-25 22:00:00,250.7178
2011-06-25 23:00:00,234.16933
2011-06-26 00:00:00,185.33629
2011-06-26 01:00:00,197.76775
2011-06-26 02:00:00,104.31278
2011-06-26 03:00:00,108.203186
2011-06-26 04:00:00,99.81817
2011-06-26 05:00:00,90.24169
2011-06-26 06:00:00,90.24216
2011-06-26 07:00:00,100.05723
2011-06-26 08:00:00,129.01216
2011-06-26 09:00:00,209.77097
2011-06-26 10:00:00,350.17023
2011-06-26 11:00:00,359.5085
2011-06-26 12:00:00,399.33084
2011-06-26 13:00:00,389.4359
2011-06-26 14:00:00,394.00052
2011-06-26 15:00:00,389.43762
2011-06-26 16:00:00,397.9803
2011-06-26 17:00:00,344.80304
2011-06-26 18:00:00,347.13315
2011-06-26 19:00:00,334.0872
2011-06-26 20:00:00,284.51505
2011-06-26 21:00:00,270.3637
2011-06-26 22:00:00,294.12213
2011-06-26 23:00:00,287.36115
2011-06-27 00:00:00,137.76015
2011-06-27 01:00:00,114.18794
2011-06-27 02:00:00,103.65825
2011-06-27 03:00:00,103.658035
2011-06-27 04:00:00,97.07528
2011-06-27 05:00:00,100.04971
2011-06-27 06:00:00,110.44567
2011-06-27 07:00:00,104.21947
2011-06-27 08:00:00,128.08017
2011-06-27 09:00:00,191.87186
2011-06-27 10:00:00,239.8076
2011-06-27 11:00:00,200.94572
2011-06-27 12:00:00,191.87154
2011-06-27 13:00:00,195.23929
2011-06-27 14:00:00,230.65915
2011-06-27 15:00:00,177.37602
2011-06-27 16:00:00,238.93591
2011-06-27 17:00:00,297.679
2011-06-27 18:00:00,204.65672
2011-06-27 19:00:00,234.43224
2011-06-27 20:00:00,163.74506
2011-06-27 21:00:00,159.95425
2011-06-27 22:00:00,113.683365
2011-06-27 23:00:00,113.68347
2011-06-28 00:00:00,72.433014
2011-06-28 01:00:00,92.33705
2011-06-28 02:00:00,91.33959
2011-06-28 03:00:00,91.33962
2011-06-28 04:00:00,92.33813
2011-06-28 05:00:00,82.00527
2011-06-28 06:00:00,91.54869
2011-06-28 07:00:00,203.27708
2011-06-28 08:00:00,153.9413
2011-06-28 09:00:00,191.74742
2011-06-28 10:00:00,247.78319
2011-06-28 11:00:00,224.79619
2011-06-28 12:00:00,285.10284
2011-06-28 13:00:00,222.90416
2011-06-28 14:00:00,220.84464
2011-06-28 15:00:00,215.9297
2011-06-28 16:00:00,244.30037
2011-06-28 17:00:00,235.78569
2011-06-28 18:00:00,256.52322
2011-06-28 19:00:00,236.85948
2011-06-28 20:00:00,202.08788
2011-06-28 21:00:00,257.23135
2011-06-28 22:00:00,199.99434
2011-06-28 23:00:00,203.70871
2011-06-29 00:00:00,191.81795
2011-06-29 01:00:00,172.00018
2011-06-29 02:00:00,101.20693
2011-06-29 03:00:00,108.57441
2011-06-29 04:00:00,112.118416
2011-06-29 05:00:00,123.009674
2011-06-29 06:00:00,135.70059
2011-06-29 07:00:00,299.94525
2011-06-29 08:00:00,332.3414
2011-06-29 09:00:00,321.56427
2011-06-29 10:00:00,309.38873
2011-06-29 11:00:00,316.45715
2011-06-29 12:00:00,330.54166
2011-06-29 13:00:00,315.07852
2011-06-29 14:00:00,324.52707
2011-06-29 15:00:00,345.01846
2011-06-29 16:00:00,325.85986
2011-06-29 17:00:00,364.3293
2011-06-29 18:00:00,324.722
2011-06-29 19:00:00,298.20663
2011-06-29 20:00:00,321.79337
2011-06-29 21:00:00,341.42053
2011-06-29 22:00:00,323.89948
2011-06-29 23:00:00,280.55258
2011-06-30 00:00:00,264.981
2011-06-30 01:00:00,202.97562
2011-06-30 02:00:00,76.516846
2011-06-30 03:00:00,125.75283
2011-06-30 04:00:00,244.42174
2011-06-30 05:00:00,179.93474
2011-06-30 06:00:00,157.90688
2011-06-30 07:00:00,128.08577
2011-06-30 08:00:00,271.45416
2011-06-30 09:00:00,299.70135
2011-06-30 10:00:00,302.04984
2011-06-30 11:00:00,360.3896
2011-06-30 12:00:00,338.06427
2011-06-30 13:00:00,321.41852
2011-06-30 14:00:00,333.06488
2011-06-30 15:00:00,349.19537
2011-06-30 16:00:00,366.2792
2011-06-30 17:00:00,343.92365
2011-06-30 18:00:00,322.01178
2011-06-30 19:00:00,325.08914
2011-06-30 20:00:00,325.08942
2011-06-30 21:00:00,323.2436
2011-06-30 22:00:00,324.5937
2011-06-30 23:00:00,198.51335
2011-07-20 00:00:00,170.5335
2011-07-20 01:00:00,207.47433
2011-07-20 02:00:00,207.4742
2011-07-20 03:00:00,171.1333
2011-07-20 04:00:00,138.45065
2011-07-20 05:00:00,154.64563
2011-07-20 06:00:00,147.87947
2011-07-20 07:00:00,194.90094
2011-07-20 08:00:00,158.08377
2011-07-20 09:00:00,188.66606
2011-07-20 10:00:00,235.08646
2011-07-20 11:00:00,272.6162
2011-07-20 12:00:00,244.57677
2011-07-20 13:00:00,231.52446
2011-07-20 14:00:00,235.35306
2011-07-20 15:00:00,198.2117
2011-07-20 16:00:00,208.42586
2011-07-20 17:00:00,258.48477
2011-07-20 18:00:00,301.92734
2011-07-20 19:00:00,326.96072
2011-07-20 20:00:00,317.88696
2011-07-20 21:00:00,336.99673
2011-07-20 22:00:00,333.9354
2011-07-20 23:00:00,257.77487
2011-07-21 00:00:00,267.18768
2011-07-21 01:00:00,221.0769
2011-07-21 02:00:00,221.07639
2011-07-21 03:00:00,209.5022
2011-07-21 04:00:00,214.75436
2011-07-21 05:00:00,214.75394
2011-07-21 06:00:00,214.75351
2011-07-21 07:00:00,218.91028
2011-07-21 08:00:00,258.83887
2011-07-21 09:00:00,296.73886
2011-07-21 10:00:00,300.89767
2011-07-21 11:00:00,291.72018
2011-07-21 12:00:00,284.53882
2011-07-21 13:00:00,279.82126
2011-07-21 14:00:00,280.75757
2011-07-21 15:00:00,224.37363
2011-07-21 16:00:00,248.42598
2011-07-21 17:00:00,257.8414
2011-07-21 18:00:00,233.45747
2011-07-21 19:00:00,305.0771
2011-07-21 20:00:00,309.27716
2011-07-21 21:00:00,308.03162
2011-07-21 22:00:00,313.00613
2011-07-21 23:00:00,319.13428
2011-07-22 00:00:00,311.00735
2011-07-22 01:00:00,247.04982
2011-07-22 02:00:00,279.53397
2011-07-22 03:00:00,278.03375
2011-07-22 04:00:00,240.63095
2011-07-22 05:00:00,191.1819
2011-07-22 06:00:00,226.44792
2011-07-22 07:00:00,320.1562
2011-07-22 08:00:00,282.9643
2011-07-22 09:00:00,281.19028
2011-07-22 10:00:00,186.95976
2011-07-22 11:00:00,206.49219
2011-07-22 12:00:00,201.47148
2011-07-22 13:00:00,208.23904
2011-07-22 14:00:00,312.13
2011-07-22 15:00:00,302.4143
2011-07-22 16:00:00,359.21515
2011-07-22 17:00:00,210.44858
2011-07-22 18:00:00,245.17876
2011-07-22 19:00:00,245.26915
2011-07-22 20:00:00,218.56656
2011-07-22 21:00:00,259.00958
2011-07-22 22:00:00,199.48434
2011-07-22 23:00:00,301.00726
2011-07-23 00:00:00,332.02927
2011-07-23 01:00:00,369.54477
2011-07-23 02:00:00,378.1828
2011-07-23 03:00:00,334.30792
2011-07-23 04:00:00,307.69928
2011-07-23 05:00:00,310.76242
2011-07-23 06:00:00,379.42346
2011-07-23 07:00:00,375.36316
2011-07-23 08:00:00,381.5724
2011-07-23 09:00:00,378.39908
2011-07-23 10:00:00,382.38696
2011-07-23 11:00:00,375.14597
2011-07-23 12:00:00,357.14963
2011-07-23 13:00:00,359.93192
2011-07-23 14:00:00,365.676
2011-07-23 15:00:00,369.1951
2011-07-23 16:00:00,357.27966
2011-07-23 17:00:00,357.27945
2011-07-23 18:00:00,370.81046
2011-07-23 19:00:00,327.67682
2011-07-23 20:00:00,337.88632
2011-07-23 21:00:00,337.88657
2011-07-23 22:00:00,343.67203
2011-07-23 23:00:00,339.8069
2011-07-24 00:00:00,331.43692
2011-07-24 01:00:00,324.4132
2011-07-24 02:00:00,318.8066
2011-07-24 03:00:00,318.80746
2011-07-24 04:00:00,325.96152
2011-07-24 05:00:00,326.9819
2011-07-24 06:00:00,311.1632
2011-07-24 07:00:00,330.52902
2011-07-24 08:00:00,345.66043
2011-07-24 09:00:00,344.439
2011-07-24 10:00:00,369.7698
2011-07-24 11:00:00,376.21405
2011-07-24 12:00:00,352.95367
2011-07-24 13:00:00,376.95798
2011-07-24 14:00:00,374.8517
2011-07-24 15:00:00,358.93967
2011-07-24 16:00:00,358.9486
2011-07-24 17:00:00,358.0
2011-07-24 18:00:00,358.0662
2011-07-24 19:00:00,370.11664
2011-07-24 20:00:00,375.36423
2011-07-24 21:00:00,320.9529
2011-07-24 22:00:00,313.983
2011-07-24 23:00:00,305.43872
2011-07-25 00:00:00,249.91426
2011-07-25 01:00:00,235.19159
2011-07-25 02:00:00,190.11563
2011-07-25 03:00:00,149.06729
2011-07-25 04:00:00,151.22864
2011-07-25 05:00:00,151.229
2011-07-25 06:00:00,147.12053
2011-07-25 07:00:00,178.76604
2011-07-25 08:00:00,214.9699
2011-07-25 09:00:00,314.89014
2011-07-25 10:00:00,289.5309
2011-07-25 11:00:00,237.15816
2011-07-25 12:00:00,237.1573
2011-07-25 13:00:00,198.62941
2011-07-25 14:00:00,163.66292
2011-07-25 15:00:00,174.93906
2011-07-25 16:00:00,159.85545
2011-07-25 17:00:00,113.197426
2011-07-25 18:00:00,171.47955
2011-07-25 19:00:00,190.70428
2011-07-25 20:00:00,118.458206
2011-07-25 21:00:00,118.82923
2011-07-25 22:00:00,118.8298
2011-07-25 23:00:00,127.28812
2011-07-26 00:00:00,104.54456
2011-07-26 01:00:00,104.54511
2011-07-26 02:00:00,131.44843
2011-07-26 03:00:00,133.38492
2011-07-26 04:00:00,145.61574
2011-07-26 05:00:00,92.54048
2011-07-26 06:00:00,212.27458
2011-07-26 07:00:00,190.68513
2011-07-26 08:00:00,311.49835
2011-07-26 09:00:00,319.569
2011-07-26 10:00:00,302.81738
2011-07-26 11:00:00,247.06834
2011-07-26 12:00:00,242.6937
2011-07-26 13:00:00,235.31332
2011-07-26 14:00:00,239.43413
2011-07-26 15:00:00,304.53207
2011-07-26 16:00:00,251.88788
2011-07-26 17:00:00,261.05646
2011-07-26 18:00:00,263.39438
2011-07-26 19:00:00,270.68546
2011-07-26 20:00:00,293.0462
2011-07-26 21:00:00,339.9276
2011-07-26 22:00:00,249.15955
2011-07-26 23:00:00,217.50266
2011-07-27 00:00:00,163.32593
2011-07-27 01:00:00,325.07983
2011-07-27 02:00:00,294.89755
2011-07-27 03:00:00,204.49509
2011-07-27 04:00:00,338.5633
2011-07-27 05:00:00,313.64655
2011-07-27 06:00:00,319.98178
2011-07-27 07:00:00,339.94348
2011-07-27 08:00:00,351.2614
2011-07-27 09:00:00,343.094
2011-07-27 10:00:00,223.26698
2011-07-27 11:00:00,226.09772
2011-07-27 12:00:00,278.6212
2011-07-27 13:00:00,252.9294
2011-07-27 14:00:00,334.33618
2011-07-27 15:00:00,280.08823
2011-07-27 16:00:00,322.3837
2011-07-27 17:00:00,332.0402
2011-07-27 18:00:00,355.19714
2011-07-27 19:00:00,334.44434
2011-07-27 20:00:00,338.8942
2011-07-27 21:00:00,248.42638
2011-07-27 22:00:00,189.64774
2011-07-27 23:00:00,193.15599
2011-07-28 00:00:00,271.16492
2011-07-28 01:00:00,191.01086
2011-07-28 02:00:00,228.936
2011-07-28 03:00:00,174.48013
2011-07-28 04:00:00,161.96426
2011-07-28 05:00:00,137.3704
2011-07-28 06:00:00,118.305824
2011-07-28 07:00:00,122.67995
2011-07-28 08:00:00,202.96423
2011-07-28 09:00:00,260.1332
2011-07-28 10:00:00,311.38513
2011-07-28 11:00:00,276.21457
2011-07-28 12:00:00,234.85373
2011-07-28 13:00:00,281.71466
2011-07-28 14:00:00,309.25732
2011-07-28 15:00:00,192.74648
2011-07-28 16:00:00,222.74457
2011-07-28 17:00:00,219.66664
2011-07-28 18:00:00,236.60034
2011-07-28 19:00:00,266.3035
2011-07-28 20:00:00,289.2569
2011-07-28 21:00:00,304.74576
2011-07-28 22:00:00,297.54895
2011-07-28 23:00:00,275.0111
2011-07-29 00:00:00,216.07835
2011-07-29 01:00:00,199.89249
2011-07-29 02:00:00,162.53113
2011-07-29 03:00:00,162.53105
2011-07-29 04:00:00,209.98041
2011-07-29 05:00:00,182.42604
2011-07-29 06:00:00,195.199
2011-07-29 07:00:00,190.29008
2011-07-29 08:00:00,232.5356
2011-07-29 09:00:00,308.9414
2011-07-29 10:00:00,325.9693
2011-07-29 11:00:00,330.11368
2011-07-29 12:00:00,296.00128
2011-07-29 13:00:00,232.21007
2011-07-29 14:00:00,286.9044
2011-07-29 15:00:00,305.68283
2011-07-29 16:00:00,297.07193
2011-07-29 17:00:00,294.9488
2011-07-29 18:00:00,338.1744
2011-07-29 19:00:00,309.0555
2011-07-29 20:00:00,323.67352
2011-07-29 21:00:00,243.84332
2011-07-29 22:00:00,325.01437
2011-07-29 23:00:00,195.69963
2011-07-30 00:00:00,373.582
2011-07-30 01:00:00,366.0535
2011-07-30 02:00:00,362.84906
2011-07-30 03:00:00,277.74994
2011-07-30 04:00:00,189.96397
2011-07-30 05:00:00,176.89507
2011-07-30 06:00:00,182.80632
2011-07-30 07:00:00,314.24835
2011-07-30 08:00:00,336.50864
2011-07-30 09:00:00,387.7649
2011-07-30 10:00:00,387.58575
2011-07-30 11:00:00,398.78537
2011-07-30 12:00:00,395.6237
2011-07-30 13:00:00,406.14764
2011-07-30 14:00:00,401.48218
2011-07-30 15:00:00,376.6616
2011-07-30 16:00:00,385.6821
2011-07-30 17:00:00,381.42987
2011-07-30 18:00:00,394.81015
2011-07-30 19:00:00,415.18164
2011-07-30 20:00:00,380.87286
2011-07-30 21:00:00,390.46332
2011-07-30 22:00:00,364.84323
2011-07-30 23:00:00,366.0798
2011-07-31 00:00:00,365.96243
2011-07-31 01:00:00,260.37265
2011-07-31 02:00:00,245.86261
2011-07-31 03:00:00,233.2389
2011-07-31 04:00:00,117.55144
2011-07-31 05:00:00,114.915
2011-07-31 06:00:00,212.01425
2011-07-31 07:00:00,271.43347
2011-07-31 08:00:00,380.3103
2011-07-31 09:00:00,387.758
2011-07-31 10:00:00,393.86523
2011-07-31 11:00:00,397.09506
2011-07-31 12:00:00,389.01447
2011-07-31 13:00:00,391.3645
2011-07-31 14:00:00,390.98547
2011-07-31 15:00:00,371.0657
2011-07-31 16:00:00,377.2359
2011-07-31 17:00:00,380.8105
2011-07-31 18:00:00,373.35773
2011-07-31 19:00:00,385.9389
2011-07-31 20:00:00,385.93927
2011-07-31 21:00:00,342.60663
2011-07-31 22:00:00,263.80438
2011-07-31 23:00:00,248.05533
2011-08-20 00:00:00,67.359474
2011-08-20 01:00:00,50.30744
2011-08-20 02:00:00,51.838905
2011-08-20 03:00:00,51.839596
2011-08-20 04:00:00,80.62224
2011-08-20 05:00:00,50.56102
2011-08-20 06:00:00,82.36806
2011-08-20 07:00:00,50.31155
2011-08-20 08:00:00,134.19954
2011-08-20 09:00:00,190.76035
2011-08-20 10:00:00,260.97156
2011-08-20 11:00:00,253.27312
2011-08-20 12:00:00,324.69925
2011-08-20 13:00:00,372.7929
2011-08-20 14:00:00,392.10223
2011-08-20 15:00:00,389.90204
2011-08-20 16:00:00,385.39142
2011-08-20 17:00:00,392.1043
2011-08-20 18:00:00,348.83533
2011-08-20 19:00:00,319.8049
2011-08-20 20:00:00,321.12735
2011-08-20 21:00:00,243.34319
2011-08-20 22:00:00,201.62454
2011-08-20 23:00:00,178.43182
2011-08-21 00:00:00,196.66422
2011-08-21 01:00:00,203.13728
2011-08-21 02:00:00,197.69603
2011-08-21 03:00:00,147.79868
2011-08-21 04:00:00,204.55858
2011-08-21 05:00:00,123.93148
2011-08-21 06:00:00,120.102646
2011-08-21 07:00:00,224.37004
2011-08-21 08:00:00,201.1123
2011-08-21 09:00:00,236.6658
2011-08-21 10:00:00,280.54565
2011-08-21 11:00:00,361.17575
2011-08-21 12:00:00,363.28168
2011-08-21 13:00:00,376.75916
2011-08-21 14:00:00,231.08409
2011-08-21 15:00:00,221.04553
2011-08-21 16:00:00,218.78043
2011-08-21 17:00:00,205.69406
2011-08-21 18:00:00,253.01445
2011-08-21 19:00:00,239.75496
2011-08-21 20:00:00,225.28331
2011-08-21 21:00:00,225.28343
2011-08-21 22:00:00,203.06837
2011-08-21 23:00:00,183.13753
2011-08-22 00:00:00,197.7337
2011-08-22 01:00:00,166.88477
2011-08-22 02:00:00,201.28192
2011-08-22 03:00:00,197.37941
2011-08-22 04:00:00,174.08923
2011-08-22 05:00:00,205.30383
2011-08-22 06:00:00,176.95032
2011-08-22 07:00:00,204.43405
2011-08-22 08:00:00,204.4334
2011-08-22 09:00:00,329.8777
2011-08-22 10:00:00,369.40527
2011-08-22 11:00:00,397.15793
2011-08-22 12:00:00,357.26895
2011-08-22 13:00:00,410.9988
2011-08-22 14:00:00,397.0671
2011-08-22 15:00:00,447.4119
2011-08-22 16:00:00,397.07443
2011-08-22 17:00:00,446.76544
2011-08-22 18:00:00,444.30722
2011-08-22 19:00:00,430.25095
2011-08-22 20:00:00,368.48074
2011-08-22 21:00:00,358.52274
2011-08-22 22:00:00,381.026
2011-08-22 23:00:00,324.76443
2011-08-23 00:00:00,255.48657
2011-08-23 01:00:00,303.7939
2011-08-23 02:00:00,243.09955
2011-08-23 03:00:00,255.84924
2011-08-23 04:00:00,252.02661
2011-08-23 05:00:00,240.55188
2011-08-23 06:00:00,229.26414
2011-08-23 07:00:00,216.50154
2011-08-23 08:00:00,192.20847
2011-08-23 09:00:00,212.1622
2011-08-23 10:00:00,247.62762
2011-08-23 11:00:00,307.38214
2011-08-23 12:00:00,252.38022
2011-08-23 13:00:00,392.18237
2011-08-23 14:00:00,379.30338
2011-08-23 15:00:00,376.88562
2011-08-23 16:00:00,372.06903
2011-08-23 17:00:00,376.88928
2011-08-23 18:00:00,367.0089
2011-08-23 19:00:00,322.84943
2011-08-23 20:00:00,271.97543
2011-08-23 21:00:00,188.50963
2011-08-23 22:00:00,175.67497
2011-08-23 23:00:00,229.33315
2011-08-24 00:00:00,164.3297
2011-08-24 01:00:00,201.36743
2011-08-24 02:00:00,249.65579
2011-08-24 03:00:00,248.07098
2011-08-24 04:00:00,91.8239
2011-08-24 05:00:00,91.82467
2011-08-24 06:00:00,82.277176
2011-08-24 07:00:00,173.00597
2011-08-24 08:00:00,188.7143
2011-08-24 09:00:00,211.57335
2011-08-24 10:00:00,192.13162
2011-08-24 11:00:00,308.0047
2011-08-24 12:00:00,325.70737
2011-08-24 13:00:00,329.09647
2011-08-24 14:00:00,329.0971
2011-08-24 15:00:00,308.0264
2011-08-24 16:00:00,291.08856
2011-08-24 17:00:00,291.2692
2011-08-24 18:00:00,330.06784
2011-08-24 19:00:00,330.0693
2011-08-24 20:00:00,232.08926
2011-08-24 21:00:00,189.13905
2011-08-24 22:00:00,184.43715
2011-08-24 23:00:00,175.71323
2011-08-25 00:00:00,232.38812
2011-08-25 01:00:00,174.66443
2011-08-25 02:00:00,174.67207
2011-08-25 03:00:00,236.13162
2011-08-25 04:00:00,222.71356
2011-08-25 05:00:00,206.4797
2011-08-25 06:00:00,203.01291
2011-08-25 07:00:00,224.04213
2011-08-25 08:00:00,176.71432
2011-08-25 09:00:00,173.6616
2011-08-25 10:00:00,214.33806
2011-08-25 11:00:00,177.87267
2011-08-25 12:00:00,177.87321
2011-08-25 13:00:00,146.84454
2011-08-25 14:00:00,183.07932
2011-08-25 15:00:00,212.61967
2011-08-25 16:00:00,197.57109
2011-08-25 17:00:00,197.5714
2011-08-25 18:00:00,197.83856
2011-08-25 19:00:00,202.6728
2011-08-25 20:00:00,212.00182
2011-08-25 21:00:00,116.557556
2011-08-25 22:00:00,88.51788
2011-08-25 23:00:00,98.918945
2011-08-26 00:00:00,105.719345
2011-08-26 01:00:00,83.96345
2011-08-26 02:00:00,121.27497
2011-08-26 03:00:00,111.15724
2011-08-26 04:00:00,107.55126
2011-08-26 05:00:00,106.1401
2011-08-26 06:00:00,107.552666
2011-08-26 07:00:00,75.431435
2011-08-26 08:00:00,203.21251
2011-08-26 09:00:00,147.46556
2011-08-26 10:00:00,205.10886
2011-08-26 11:00:00,226.12971
2011-08-26 12:00:00,253.36272
2011-08-26 13:00:00,238.74081
2011-08-26 14:00:00,287.71667
2011-08-26 15:00:00,279.07437
2011-08-26 16:00:00,267.7312
2011-08-26 17:00:00,235.30814
2011-08-26 18:00:00,201.84076
2011-08-26 19:00:00,164.61858
2011-08-26 20:00:00,171.02332
2011-08-26 21:00:00,176.73328
2011-08-26 22:00:00,164.61833
2011-08-26 23:00:00,168.76758
2011-08-27 00:00:00,182.55986
2011-08-27 01:00:00,200.12201
2011-08-27 02:00:00,201.04839
2011-08-27 03:00:00,186.43018
2011-08-27 04:00:00,186.54362
2011-08-27 05:00:00,184.48154
2011-08-27 06:00:00,184.4809
2011-08-27 07:00:00,189.93779
2011-08-27 08:00:00,182.22318
2011-08-27 09:00:00,185.94705
2011-08-27 10:00:00,226.73401
2011-08-27 11:00:00,111.23006
2011-08-27 12:00:00,174.8599
2011-08-27 13:00:00,169.0761
2011-08-27 14:00:00,81.71074
2011-08-27 15:00:00,81.7099
2011-08-27 16:00:00,82.80453
2011-08-27 17:00:00,102.546906
2011-08-28 07:00:00,112.27596
2011-08-28 08:00:00,119.59058
2011-08-28 09:00:00,231.59245
2011-08-28 10:00:00,272.1555
2011-08-28 11:00:00,237.42957
2011-08-28 12:00:00,373.75336
2011-08-28 13:00:00,409.03748
2011-08-28 14:00:00,380.76358
2011-08-28 15:00:00,385.10483
2011-08-28 16:00:00,385.65497
2011-08-28 17:00:00,420.50983
2011-08-28 18:00:00,405.14938
2011-08-28 19:00:00,340.41934
2011-08-28 20:00:00,344.01443
2011-08-28 21:00:00,155.83054
2011-08-28 22:00:00,134.60323
2011-08-28 23:00:00,53.830353
2011-08-29 00:00:00,76.076385
2011-08-29 01:00:00,211.80527
2011-08-29 02:00:00,202.98454
2011-08-29 03:00:00,211.80653
2011-08-29 04:00:00,216.26398
2011-08-29 05:00:00,108.53375
2011-08-29 06:00:00,108.53441
2011-08-29 07:00:00,190.61546
2011-08-29 08:00:00,179.14455
2011-08-29 09:00:00,247.44351
2011-08-29 10:00:00,329.01318
2011-08-29 11:00:00,305.33215
2011-08-29 12:00:00,313.16992
2011-08-29 13:00:00,242.44568
2011-08-29 14:00:00,251.9095
2011-08-29 15:00:00,363.3681
2011-08-29 16:00:00,357.51373
2011-08-29 17:00:00,351.00775
2011-08-29 18:00:00,342.0735
2011-08-29 19:00:00,342.07452
2011-08-29 20:00:00,250.42691
2011-08-29 21:00:00,263.4084
2011-08-29 22:00:00,188.13773
2011-08-29 23:00:00,193.33125
2011-08-30 00:00:00,102.96753
2011-08-30 01:00:00,179.09631
2011-08-30 02:00:00,82.3572
2011-08-30 03:00:00,99.06209
2011-08-30 04:00:00,85.89134
2011-08-30 05:00:00,74.31585
2011-08-30 06:00:00,82.359535
2011-08-30 07:00:00,219.27892
2011-08-30 08:00:00,167.20248
2011-08-30 09:00:00,309.30423
2011-08-30 10:00:00,360.554
2011-08-30 11:00:00,354.87424
2011-08-30 12:00:00,240.63712
2011-08-30 13:00:00,295.13647
2011-08-30 14:00:00,356.7953
2011-08-30 15:00:00,360.5604
2011-08-30 16:00:00,344.9047
2011-08-30 17:00:00,355.6844
2011-08-30 18:00:00,330.3292
2011-08-30 19:00:00,232.12592
2011-08-30 20:00:00,226.50604
2011-08-30 21:00:00,186.97011
2011-08-30 22:00:00,186.71545
2011-08-30 23:00:00,186.8611
2011-08-31 00:00:00,164.73853
2011-08-31 01:00:00,164.69295
2011-08-31 02:00:00,77.663574
2011-08-31 03:00:00,85.17178
2011-08-31 04:00:00,77.66893
2011-08-31 05:00:00,84.81768
2011-08-31 06:00:00,77.035736
2011-08-31 07:00:00,75.01923
2011-08-31 08:00:00,154.22101
2011-08-31 09:00:00,160.40494
2011-08-31 10:00:00,222.59639
2011-08-31 11:00:00,296.69043
2011-08-31 12:00:00,260.24863
2011-08-31 13:00:00,257.5596
2011-08-31 14:00:00,303.23148
2011-08-31 15:00:00,303.2321
2011-08-31 16:00:00,264.64145
2011-08-31 17:00:00,298.0422
2011-08-31 18:00:00,333.70227
2011-08-31 19:00:00,301.17374
2011-08-31 20:00:00,173.2654
2011-08-31 21:00:00,172.12103
2011-08-31 22:00:00,158.98189
2011-08-31 23:00:00,78.59832
2011-09-20 00:00:00,127.28579
2011-09-20 01:00:00,128.37355
2011-09-20 02:00:00,128.37482
2011-09-20 03:00:00,248.89665
2011-09-20 04:00:00,164.66685
2011-09-20 05:00:00,132.80344
2011-09-20 06:00:00,132.80453
2011-09-20 07:00:00,128.38118
2011-09-20 08:00:00,66.87883
2011-09-20 09:00:00,66.14807
2011-09-20 10:00:00,121.30552
2011-09-20 11:00:00,121.30566
2011-09-20 12:00:00,65.241844
2011-09-20 13:00:00,61.94142
2011-09-20 14:00:00,136.98308
2011-09-20 15:00:00,213.5616
2011-09-20 16:00:00,185.6654
2011-09-20 17:00:00,209.14883
2011-09-20 18:00:00,209.15096
2011-09-20 19:00:00,125.29801
2011-09-20 20:00:00,61.661835
2011-09-20 21:00:00,61.66301
2011-09-20 22:00:00,61.66419
2011-09-20 23:00:00,61.665367
2011-09-21 00:00:00,69.59713
2011-09-21 01:00:00,57.2907
2011-09-21 02:00:00,57.29211
2011-09-21 03:00:00,68.02293
2011-09-21 04:00:00,76.65313
2011-09-21 05:00:00,72.609024
2011-09-21 06:00:00,76.88573
2011-09-21 07:00:00,76.88669
2011-09-21 08:00:00,73.000725
2011-09-21 09:00:00,82.99041
2011-09-21 10:00:00,127.9249
2011-09-21 11:00:00,174.32181
2011-09-21 12:00:00,174.8235
2011-09-21 13:00:00,204.27744
2011-09-21 14:00:00,210.16615
2011-09-21 15:00:00,205.58435
2011-09-21 16:00:00,205.58412
2011-09-21 17:00:00,204.66736
2011-09-21 18:00:00,172.1857
2011-09-21 19:00:00,106.510376
2011-09-21 20:00:00,106.5108
2011-09-21 21:00:00,93.01695
2011-09-21 22:00:00,106.17698
2011-09-21 23:00:00,55.6688
2011-09-22 00:00:00,59.076347
2011-09-22 01:00:00,82.32809
2011-09-22 02:00:00,67.59371
2011-09-22 03:00:00,82.32995
2011-09-22 04:00:00,82.33087
2011-09-22 05:00:00,67.595795
2011-09-22 06:00:00,81.38449
2011-09-22 07:00:00,81.63532
2011-09-22 08:00:00,84.22363
2011-09-22 09:00:00,97.50085
2011-09-22 10:00:00,149.85658
2011-09-22 11:00:00,145.87259
2011-09-22 12:00:00,226.02267
2011-09-22 13:00:00,221.50754
2011-09-22 14:00:00,231.76422
2011-09-22 15:00:00,243.41806
2011-09-22 16:00:00,203.4761
2011-09-22 17:00:00,223.88402
2011-09-22 18:00:00,196.07147
2011-09-22 19:00:00,123.564125
2011-09-22 20:00:00,89.05676
2011-09-22 21:00:00,123.565346
2011-09-22 22:00:00,101.71614
2011-09-22 23:00:00,113.52548
2011-09-23 00:00:00,72.46719
2011-09-23 01:00:00,102.880066
2011-09-23 02:00:00,61.1255
2011-09-23 03:00:00,102.881676
2011-09-23 04:00:00,102.180016
2011-09-23 05:00:00,91.49911
2011-09-23 06:00:00,72.564575
2011-09-23 07:00:00,98.08306
2011-09-23 08:00:00,98.08314
2011-09-23 09:00:00,92.68538
2011-09-23 10:00:00,90.93303
2011-09-23 11:00:00,90.933136
2011-09-23 12:00:00,87.66842
2011-09-23 13:00:00,92.78301
2011-09-23 14:00:00,92.783134
2011-09-23 15:00:00,87.66892
2011-09-23 16:00:00,95.996765
2011-09-23 17:00:00,106.755974
2011-09-23 18:00:00,71.31272
2011-09-23 19:00:00,80.80619
2011-09-23 20:00:00,66.969406
2011-09-23 21:00:00,61.64538
2011-09-23 22:00:00,51.424496
2011-09-23 23:00:00,61.68798
2011-09-24 00:00:00,42.448326
2011-09-24 01:00:00,50.983196
2011-09-24 02:00:00,50.983437
2011-09-24 03:00:00,42.938454
2011-09-24 04:00:00,38.91462
2011-09-24 05:00:00,48.392372
2011-09-24 06:00:00,48.366447
2011-09-24 07:00:00,90.143135
2011-09-24 08:00:00,91.29559
2011-09-24 09:00:00,87.05081
2011-09-24 10:00:00,86.9983
2011-09-24 11:00:00,157.97464
2011-09-24 12:00:00,157.97481
2011-09-24 13:00:00,163.96227
2011-09-24 14:00:00,225.50653
2011-09-24 15:00:00,225.50656
2011-09-24 16:00:00,183.24628
2011-09-24 17:00:00,238.8745
2011-09-24 18:00:00,183.29904
2011-09-24 19:00:00,95.89871
2011-09-24 20:00:00,138.85165
2011-09-24 21:00:00,153.0307
2011-09-24 22:00:00,90.20541
2011-09-24 23:00:00,87.22787
2011-09-25 00:00:00,87.95741
2011-09-25 01:00:00,84.694626
2011-09-25 02:00:00,84.72707
2011-09-25 03:00:00,84.72707
2011-09-25 04:00:00,81.05875
2011-09-25 05:00:00,97.33319
2011-09-25 06:00:00,85.08398
2011-09-25 07:00:00,61.648403
2011-09-25 08:00:00,92.34425
2011-09-25 09:00:00,144.79291
2011-09-25 10:00:00,144.79312
2011-09-25 11:00:00,213.84933
2011-09-25 12:00:00,211.9362
2011-09-25 13:00:00,233.34631
2011-09-25 14:00:00,211.91922
2011-09-25 15:00:00,211.91988
2011-09-25 16:00:00,255.2999
2011-09-25 17:00:00,231.86484
2011-09-25 18:00:00,231.86655
2011-09-25 19:00:00,177.65662
2011-09-25 20:00:00,155.81693
2011-09-25 21:00:00,69.9341
2011-09-25 22:00:00,101.21121
2011-09-25 23:00:00,63.46749
2011-09-26 00:00:00,87.27317
2011-09-26 01:00:00,81.99774
2011-09-26 02:00:00,81.99881
2011-09-26 03:00:00,87.27597
2011-09-26 04:00:00,55.49262
2011-09-26 05:00:00,81.93418
2011-09-26 06:00:00,55.49463
2011-09-26 07:00:00,87.27971
2011-09-26 08:00:00,87.28064
2011-09-26 09:00:00,104.481415
2011-09-26 10:00:00,104.48222
2011-09-26 11:00:00,227.64784
2011-09-26 12:00:00,223.03056
2011-09-26 13:00:00,230.99606
2011-09-26 14:00:00,221.67918
2011-09-26 15:00:00,342.4737
2011-09-26 16:00:00,233.10081
2011-09-26 17:00:00,212.76126
2011-09-26 18:00:00,206.46008
2011-09-26 19:00:00,206.29439
2011-09-26 20:00:00,116.83681
2011-09-26 21:00:00,116.83773
2011-09-26 22:00:00,59.27334
2011-09-26 23:00:00,59.274044
2011-09-27 00:00:00,64.50808
2011-09-27 01:00:00,72.40516
2011-09-27 02:00:00,56.124283
2011-09-27 03:00:00,85.778305
2011-09-27 04:00:00,66.99878
2011-09-27 05:00:00,66.999245
2011-09-27 06:00:00,45.647667
2011-09-27 07:00:00,45.648148
2011-09-27 08:00:00,86.4759
2011-09-27 09:00:00,107.70647
2011-09-27 10:00:00,74.69109
2011-09-27 11:00:00,98.552055
2011-09-27 12:00:00,125.59047
2011-09-27 13:00:00,241.24968
2011-09-27 14:00:00,194.73882
2011-09-27 15:00:00,216.69641
2011-09-27 16:00:00,184.56863
2011-09-27 17:00:00,138.97926
2011-09-27 18:00:00,123.67019
2011-09-27 19:00:00,92.7802
2011-09-27 20:00:00,158.67476
2011-09-27 21:00:00,162.0126
2011-09-27 22:00:00,95.27167
2011-09-27 23:00:00,95.27238
2011-09-28 00:00:00,103.80791
2011-09-28 01:00:00,103.80861
2011-09-28 02:00:00,134.24225
2011-09-28 03:00:00,59.987156
2011-09-28 04:00:00,103.81069
2011-09-28 05:00:00,74.70158
2011-09-28 06:00:00,67.74745
2011-09-28 07:00:00,67.74757
2011-09-28 08:00:00,83.06418
2011-09-28 09:00:00,83.06412
2011-09-28 10:00:00,92.74599
2011-09-28 11:00:00,202.69026
2011-09-28 12:00:00,221.22665
2011-09-28 13:00:00,240.06226
2011-09-28 14:00:00,329.30725
2011-09-28 15:00:00,219.88168
2011-09-28 16:00:00,233.67636
2011-09-28 17:00:00,236.94914
2011-09-28 18:00:00,173.43468
2011-09-28 19:00:00,173.43518
2011-09-28 20:00:00,151.81921
2011-09-28 21:00:00,105.898476
2011-09-28 22:00:00,102.29281
2011-09-28 23:00:00,42.839165
2011-09-29 00:00:00,48.84654
2011-09-29 01:00:00,70.84863
2011-09-29 02:00:00,70.84935
2011-09-29 03:00:00,58.80406
2011-09-29 04:00:00,113.21039
2011-09-29 05:00:00,110.294945
2011-09-29 06:00:00,124.019424
2011-09-29 07:00:00,109.06934
2011-09-29 08:00:00,132.52771
2011-09-29 09:00:00,179.81764
2011-09-29 10:00:00,176.88255
2011-09-29 11:00:00,200.55544
2011-09-29 12:00:00,214.69267
2011-09-29 13:00:00,209.98875
2011-09-29 14:00:00,324.4949
2011-09-29 15:00:00,325.2244
2011-09-29 16:00:00,334.6833
2011-09-29 17:00:00,313.98062
2011-09-29 18:00:00,301.19867
2011-09-29 19:00:00,283.04135
2011-09-29 20:00:00,256.71524
2011-09-29 21:00:00,259.02426
2011-09-29 22:00:00,165.13498
2011-09-29 23:00:00,110.24654
2011-09-30 00:00:00,137.5726
2011-09-30 01:00:00,116.946526
2011-09-30 02:00:00,137.5742
2011-09-30 03:00:00,137.575
2011-09-30 04:00:00,139.4109
2011-09-30 05:00:00,139.41159
2011-09-30 06:00:00,163.76553
2011-09-30 07:00:00,163.7664
2011-09-30 08:00:00,117.41113
2011-09-30 09:00:00,93.371765
2011-09-30 10:00:00,223.11879
2011-09-30 11:00:00,231.4875
2011-09-30 12:00:00,253.27458
2011-09-30 13:00:00,281.11163
2011-09-30 14:00:00,261.2585
2011-09-30 15:00:00,297.19907
2011-09-30 16:00:00,263.23697
2011-09-30 17:00:00,257.19406
2011-09-30 18:00:00,275.70758
2011-09-30 19:00:00,180.37408
2011-09-30 20:00:00,180.37505
2011-09-30 21:00:00,170.1323
2011-09-30 22:00:00,178.46059
2011-09-30 23:00:00,178.46115
2011-10-20 00:00:00,120.485245
2011-10-20 01:00:00,217.8651
2011-10-20 02:00:00,195.28345
2011-10-20 03:00:00,89.550545
2011-10-20 04:00:00,89.55043
2011-10-20 05:00:00,107.65859
2011-10-20 06:00:00,81.34492
2011-10-20 07:00:00,70.14996
2011-10-20 08:00:00,129.90782
2011-10-20 09:00:00,134.32971
2011-10-20 10:00:00,181.09703
2011-10-20 11:00:00,152.54138
2011-10-20 12:00:00,172.60243
2011-10-20 13:00:00,222.8256
2011-10-20 14:00:00,180.15572
2011-10-20 15:00:00,205.29686
2011-10-20 16:00:00,205.29575
2011-10-20 17:00:00,180.72719
2011-10-20 18:00:00,189.40079
2011-10-20 19:00:00,165.57991
2011-10-20 20:00:00,186.82658
2011-10-20 21:00:00,163.65814
2011-10-20 22:00:00,163.68755
2011-10-20 23:00:00,141.63274
2011-10-21 00:00:00,131.59644
2011-10-21 01:00:00,130.98471
2011-10-21 02:00:00,101.74044
2011-10-21 03:00:00,103.947075
2011-10-21 04:00:00,104.744545
2011-10-21 05:00:00,89.50349
2011-10-21 06:00:00,104.75628
2011-10-21 07:00:00,104.757225
2011-10-21 08:00:00,109.09074
2011-10-21 09:00:00,133.01682
2011-10-21 10:00:00,162.89648
2011-10-21 11:00:00,191.65918
2011-10-21 12:00:00,198.46832
2011-10-21 13:00:00,166.04555
2011-10-21 14:00:00,272.7008
2011-10-21 15:00:00,207.37091
2011-10-21 16:00:00,205.37628
2011-10-21 17:00:00,199.17557
2011-10-21 18:00:00,181.0419
2011-10-21 19:00:00,166.49487
2011-10-21 20:00:00,179.36809
2011-10-21 21:00:00,101.76197
2011-10-21 22:00:00,123.07463
2011-10-21 23:00:00,129.95326
2011-10-22 00:00:00,98.44643
2011-10-22 01:00:00,98.446884
2011-10-22 02:00:00,111.12703
2011-10-22 03:00:00,94.12307
2011-10-22 04:00:00,80.71941
2011-10-22 05:00:00,77.696884
2011-10-22 06:00:00,68.87165
2011-10-22 07:00:00,77.65548
2011-10-22 08:00:00,76.466255
2011-10-22 09:00:00,105.48501
2011-10-22 10:00:00,137.4416
2011-10-22 11:00:00,137.44156
2011-10-22 12:00:00,158.72482
2011-10-22 13:00:00,201.63318
2011-10-22 14:00:00,197.94673
2011-10-22 15:00:00,189.64337
2011-10-22 16:00:00,200.35995
2011-10-22 17:00:00,153.43365
2011-10-22 18:00:00,137.9084
2011-10-22 19:00:00,102.95468
2011-10-22 20:00:00,95.22272
2011-10-22 21:00:00,72.03771
2011-10-22 22:00:00,72.03837
2011-10-22 23:00:00,68.477615
2011-10-23 00:00:00,130.5295
2011-10-23 01:00:00,130.53003
2011-10-23 02:00:00,124.18458
2011-10-23 03:00:00,121.68808
2011-10-23 04:00:00,121.68861
2011-10-23 05:00:00,117.65268
2011-10-23 06:00:00,116.303085
2011-10-23 07:00:00,124.79122
2011-10-23 08:00:00,110.48172
2011-10-23 09:00:00,73.36474
2011-10-23 10:00:00,96.32673
2011-10-23 11:00:00,106.65247
2011-10-23 12:00:00,181.91191
2011-10-23 13:00:00,157.96902
2011-10-23 14:00:00,181.33061
2011-10-23 15:00:00,179.86688
2011-10-23 16:00:00,157.88045
2011-10-23 17:00:00,192.2334
2011-10-23 18:00:00,195.76117
2011-10-23 19:00:00,106.478264
2011-10-23 20:00:00,101.85019
2011-10-23 21:00:00,101.85076
2011-10-23 22:00:00,87.39061
2011-10-23 23:00:00,72.85685
2011-10-24 00:00:00,147.22595
2011-10-24 01:00:00,140.21104
2011-10-24 02:00:00,198.67693
2011-10-24 03:00:00,150.11569
2011-10-24 04:00:00,140.56718
2011-10-24 05:00:00,179.65865
2011-10-24 06:00:00,198.97849
2011-10-24 07:00:00,77.27325
2011-10-24 08:00:00,146.5138
2011-10-24 09:00:00,115.083786
2011-10-24 10:00:00,132.14224
2011-10-24 11:00:00,158.10785
2011-10-24 12:00:00,219.63826
2011-10-24 13:00:00,194.9624
2011-10-24 14:00:00,192.9587
2011-10-24 15:00:00,200.9176
2011-10-24 16:00:00,173.35751
2011-10-24 17:00:00,200.96507
2011-10-24 18:00:00,229.88713
2011-10-24 19:00:00,119.417274
2011-10-24 20:00:00,158.42682
2011-10-24 21:00:00,187.75461
2011-10-24 22:00:00,110.285904
2011-10-24 23:00:00,159.27219
2011-10-25 00:00:00,126.34649
2011-10-25 01:00:00,126.09211
2011-10-25 02:00:00,113.455124
2011-10-25 03:00:00,161.58862
2011-10-25 04:00:00,179.25352
2011-10-25 05:00:00,179.2565
2011-10-25 06:00:00,117.17803
2011-10-25 07:00:00,82.40955
2011-10-25 08:00:00,137.1078
2011-10-25 09:00:00,209.50914
2011-10-25 10:00:00,243.05557
2011-10-25 11:00:00,190.65092
2011-10-25 12:00:00,239.24078
2011-10-25 13:00:00,258.7334
2011-10-25 14:00:00,254.83868
2011-10-25 15:00:00,198.52263
2011-10-25 16:00:00,234.11656
2011-10-25 17:00:00,198.5237
2011-10-25 18:00:00,212.53685
2011-10-25 19:00:00,163.2492
2011-10-25 20:00:00,151.03334
2011-10-25 21:00:00,129.44049
2011-10-25 22:00:00,165.51689
2011-10-25 23:00:00,129.44144
2011-10-26 00:00:00,86.57605
2011-10-26 01:00:00,122.600624
2011-10-26 02:00:00,138.0784
2011-10-26 03:00:00,124.49919
2011-10-26 04:00:00,81.78838
2011-10-26 05:00:00,91.260086
2011-10-26 06:00:00,91.26058
2011-10-26 07:00:00,88.888794
2011-10-26 08:00:00,169.34949
2011-10-26 09:00:00,204.69995
2011-10-26 10:00:00,160.91512
2011-10-26 11:00:00,111.13214
2011-10-26 12:00:00,227.24556
2011-10-26 13:00:00,238.01396
2011-10-26 14:00:00,138.1402
2011-10-26 15:00:00,138.14085
2011-10-26 16:00:00,151.28201
2011-10-26 17:00:00,160.65414
2011-10-26 18:00:00,34.482708
2011-10-26 19:00:00,101.724266
2011-10-26 20:00:00,166.0416
2011-10-26 21:00:00,138.00977
2011-10-26 22:00:00,173.47552
2011-10-26 23:00:00,173.43788
2011-10-27 00:00:00,66.60513
2011-10-27 01:00:00,66.60613
2011-10-27 02:00:00,100.340675
2011-10-27 03:00:00,100.34103
2011-10-27 04:00:00,144.46265
2011-10-27 05:00:00,155.16151
2011-10-27 06:00:00,118.173164
2011-10-27 07:00:00,62.40022
2011-10-27 08:00:00,132.97186
2011-10-27 09:00:00,60.657482
2011-10-27 10:00:00,134.45564
2011-10-27 11:00:00,136.38754
2011-10-27 12:00:00,136.79591
2011-10-27 13:00:00,155.45764
2011-10-27 14:00:00,110.33518
2011-10-27 15:00:00,144.45917
2011-10-27 16:00:00,79.00701
2011-10-27 17:00:00,131.57272
2011-10-27 18:00:00,151.63168
2011-10-27 19:00:00,126.81828
2011-10-27 20:00:00,132.25545
2011-10-27 21:00:00,126.832726
2011-10-27 22:00:00,121.11599
2011-10-27 23:00:00,122.15369
2011-10-28 00:00:00,103.88274
2011-10-28 01:00:00,104.76249
2011-10-28 02:00:00,107.008064
2011-10-28 03:00:00,102.05522
2011-10-28 04:00:00,110.16026
2011-10-28 05:00:00,111.036705
2011-10-28 06:00:00,102.245995
2011-10-28 07:00:00,102.24714
2011-10-28 08:00:00,101.78617
2011-10-28 09:00:00,110.25975
2011-10-28 10:00:00,123.77536
2011-10-28 11:00:00,141.75014
2011-10-28 12:00:00,205.8654
2011-10-28 13:00:00,210.08675
2011-10-28 14:00:00,179.49626
2011-10-28 15:00:00,205.04785
2011-10-28 16:00:00,173.0462
2011-10-28 17:00:00,154.17113
2011-10-28 18:00:00,154.58586
2011-10-28 19:00:00,154.17142
2011-10-28 20:00:00,146.11961
2011-10-28 21:00:00,99.131615
2011-10-28 22:00:00,91.43266
2011-10-28 23:00:00,90.2989
2011-10-29 00:00:00,53.891216
2011-10-29 01:00:00,55.16825
2011-10-29 02:00:00,55.16804
2011-10-29 03:00:00,71.92262
2011-10-29 04:00:00,71.9222
2011-10-29 05:00:00,47.295868
2011-10-29 06:00:00,55.258312
2011-10-29 07:00:00,55.258045
2011-10-29 08:00:00,58.89059
2011-10-29 09:00:00,58.890324
2011-10-29 10:00:00,43.429306
2011-10-29 11:00:00,52.886665
2011-10-29 12:00:00,61.679226
2011-10-29 13:00:00,61.1803
2011-10-29 14:00:00,62.691124
2011-10-29 15:00:00,34.896
2011-10-29 16:00:00,40.942177
2011-10-29 17:00:00,40.94198
2011-10-29 18:00:00,40.941784
2011-10-29 19:00:00,72.868225
2011-10-29 20:00:00,72.868614
2011-10-29 21:00:00,72.869
2011-10-29 22:00:00,51.02429
2011-10-29 23:00:00,54.37403
2011-10-30 00:00:00,50.745163
2011-10-30 01:00:00,49.67403
2011-10-30 02:00:00,54.037083
2011-10-30 03:00:00,53.538784
2011-10-30 04:00:00,52.20071
2011-10-30 05:00:00,41.523705
2011-10-30 06:00:00,34.291843
2011-10-30 07:00:00,31.333555
2011-10-30 08:00:00,38.356087
2011-10-30 09:00:00,60.04912
2011-10-30 10:00:00,74.21605
2011-10-30 11:00:00,105.94453
2011-10-30 12:00:00,110.85607
2011-10-30 13:00:00,237.79825
2011-10-30 14:00:00,256.58606
2011-10-30 15:00:00,267.92136
2011-10-30 16:00:00,263.04886
2011-10-30 17:00:00,245.28128
2011-10-30 18:00:00,185.8549
2011-10-30 19:00:00,183.65387
2011-10-30 20:00:00,89.03571
2011-10-30 21:00:00,65.57618
2011-10-30 22:00:00,55.05921
2011-10-30 23:00:00,85.13862
2011-10-31 00:00:00,142.34758
2011-10-31 01:00:00,123.48308
2011-10-31 02:00:00,131.98149
2011-10-31 03:00:00,112.53715
2011-10-31 04:00:00,131.98447
2011-10-31 05:00:00,133.09161
2011-10-31 06:00:00,131.98743
2011-10-31 07:00:00,106.35956
2011-10-31 08:00:00,95.86228
2011-10-31 09:00:00,103.21278
2011-10-31 10:00:00,155.10051
2011-10-31 11:00:00,147.993
2011-10-31 12:00:00,190.22417
2011-10-31 13:00:00,184.81264
2011-10-31 14:00:00,174.62846
2011-10-31 15:00:00,145.13228
2011-10-31 16:00:00,143.22845
2011-10-31 17:00:00,145.67708
2011-10-31 18:00:00,124.221855
2011-10-31 19:00:00,124.222855
2011-10-31 20:00:00,124.02801
2011-10-31 21:00:00,120.07822
2011-10-31 22:00:00,120.07907
2011-10-31 23:00:00,120.07992
2011-11-20 00:00:00,113.065865
2011-11-20 01:00:00,100.553375
2011-11-20 02:00:00,101.83121
2011-11-20 03:00:00,111.87621
2011-11-20 04:00:00,121.48762
2011-11-20 05:00:00,124.27407
2011-11-20 06:00:00,122.07913
2011-11-20 07:00:00,130.56544
2011-11-20 08:00:00,114.70566
2011-11-20 09:00:00,134.66594
2011-11-20 10:00:00,143.71164
2011-11-20 11:00:00,176.1614
2011-11-20 12:00:00,162.88008
2011-11-20 13:00:00,161.19524
2011-11-20 14:00:00,131.12527
2011-11-20 15:00:00,179.5543
2011-11-20 16:00:00,209.56009
2011-11-20 17:00:00,160.99641
2011-11-20 18:00:00,170.54405
2011-11-20 19:00:00,174.16406
2011-11-20 20:00:00,252.70183
2011-11-20 21:00:00,122.80082
2011-11-20 22:00:00,105.38634
2011-11-20 23:00:00,105.530334
2011-11-21 00:00:00,122.15947
2011-11-21 01:00:00,72.19866
2011-11-21 02:00:00,80.9487
2011-11-21 03:00:00,97.299995
2011-11-21 04:00:00,97.30051
2011-11-21 05:00:00,129.31657
2011-11-21 06:00:00,136.68115
2011-11-21 07:00:00,120.465965
2011-11-21 08:00:00,122.40098
2011-11-21 09:00:00,116.38807
2011-11-21 10:00:00,170.51659
2011-11-21 11:00:00,176.5155
2011-11-21 12:00:00,171.04114
2011-11-21 13:00:00,171.45448
2011-11-21 14:00:00,117.153435
2011-11-21 15:00:00,83.462746
2011-11-21 16:00:00,83.46312
2011-11-21 17:00:00,108.64765
2011-11-21 18:00:00,83.74981
2011-11-21 19:00:00,82.375824
2011-11-21 20:00:00,95.03028
2011-11-21 21:00:00,93.69988
2011-11-21 22:00:00,95.19422
2011-11-21 23:00:00,93.69538
2011-11-22 00:00:00,97.55433
2011-11-22 01:00:00,98.96979
2011-11-22 02:00:00,94.56657
2011-11-22 03:00:00,94.567116
2011-11-22 04:00:00,99.03227
2011-11-22 05:00:00,98.89808
2011-11-22 06:00:00,92.10065
2011-11-22 07:00:00,103.38606
2011-11-22 08:00:00,103.38625
2011-11-22 09:00:00,112.56012
2011-11-22 10:00:00,112.11093
2011-11-22 11:00:00,98.99733
2011-11-22 12:00:00,102.57903
2011-11-22 13:00:00,103.88316
2011-11-22 14:00:00,103.88387
2011-11-22 15:00:00,106.32675
2011-11-22 16:00:00,106.327286
2011-11-22 17:00:00,95.55122
2011-11-22 18:00:00,105.72796
2011-11-22 19:00:00,83.71881
2011-11-22 20:00:00,100.8471
2011-11-22 21:00:00,92.64953
2011-11-22 22:00:00,118.11597
2011-11-22 23:00:00,119.90655
2011-11-23 00:00:00,100.58121
2011-11-23 01:00:00,96.47947
2011-11-23 02:00:00,103.47021
2011-11-23 03:00:00,103.47
2011-11-23 04:00:00,128.5325
2011-11-23 05:00:00,64.55161
2011-11-23 06:00:00,83.55094
2011-11-23 07:00:00,73.30197
2011-11-23 08:00:00,87.74245
2011-11-23 09:00:00,109.82763
2011-11-23 10:00:00,109.82875
2011-11-23 11:00:00,147.53703
2011-11-23 12:00:00,107.056145
2011-11-23 13:00:00,94.93733
2011-11-23 14:00:00,88.819916
2011-11-23 15:00:00,105.12847
2011-11-23 16:00:00,96.1601
2011-11-23 17:00:00,125.73759
2011-11-23 18:00:00,95.57372
2011-11-23 19:00:00,95.90161
2011-11-23 20:00:00,88.06176
2011-11-23 21:00:00,130.95941
2011-11-23 22:00:00,133.06548
2011-11-23 23:00:00,113.86139
2011-11-24 00:00:00,110.21816
2011-11-24 01:00:00,163.57474
2011-11-24 02:00:00,114.90117
2011-11-24 03:00:00,77.49709
2011-11-24 04:00:00,125.88746
2011-11-24 05:00:00,128.46402
2011-11-24 06:00:00,125.88788
2011-11-24 07:00:00,71.6562
2011-11-24 08:00:00,123.42329
2011-11-24 09:00:00,136.84981
2011-11-24 10:00:00,140.7449
2011-11-24 11:00:00,226.49165
2011-11-24 12:00:00,222.77559
2011-11-24 13:00:00,229.25058
2011-11-24 14:00:00,255.90225
2011-11-24 15:00:00,264.3641
2011-11-24 16:00:00,246.26283
2011-11-24 17:00:00,249.51723
2011-11-24 18:00:00,155.29688
2011-11-24 19:00:00,141.83337
2011-11-24 20:00:00,120.58195
2011-11-24 21:00:00,135.40771
2011-11-24 22:00:00,135.40787
2011-11-24 23:00:00,128.3349
2011-11-25 00:00:00,117.442535
2011-11-25 01:00:00,108.232994
2011-11-25 02:00:00,97.16521
2011-11-25 03:00:00,83.04674
2011-11-25 04:00:00,113.03841
2011-11-25 05:00:00,119.15325
2011-11-25 06:00:00,94.43173
2011-11-25 07:00:00,137.00049
2011-11-25 08:00:00,96.8784
2011-11-25 09:00:00,116.481346
2011-11-25 10:00:00,120.54491
2011-11-25 11:00:00,112.62383
2011-11-25 12:00:00,166.25679
2011-11-25 13:00:00,194.33292
2011-11-25 14:00:00,235.85982
2011-11-25 15:00:00,234.65448
2011-11-25 16:00:00,229.81592
2011-11-25 17:00:00,228.32228
2011-11-25 18:00:00,211.05475
2011-11-25 19:00:00,122.96043
2011-11-25 20:00:00,112.25213
2011-11-25 21:00:00,123.75223
2011-11-25 22:00:00,125.16602
2011-11-25 23:00:00,112.98975
2011-11-26 00:00:00,120.46707
2011-11-26 01:00:00,129.07751
2011-11-26 02:00:00,125.03206
2011-11-26 03:00:00,123.16676
2011-11-26 04:00:00,123.16725
2011-11-26 05:00:00,128.39726
2011-11-26 06:00:00,127.432144
2011-11-26 07:00:00,84.37219
2011-11-26 08:00:00,129.11185
2011-11-26 09:00:00,125.84774
2011-11-26 10:00:00,81.52226
2011-11-26 11:00:00,124.698524
2011-11-26 12:00:00,149.83269
2011-11-26 13:00:00,230.00761
2011-11-26 14:00:00,187.43935
2011-11-26 15:00:00,258.60364
2011-11-26 16:00:00,177.32121
2011-11-26 17:00:00,177.3205
2011-11-26 18:00:00,115.83114
2011-11-26 19:00:00,121.67865
2011-11-26 20:00:00,128.25348
2011-11-26 21:00:00,69.308334
2011-11-26 22:00:00,102.75018
2011-11-26 23:00:00,81.54126
2011-11-27 00:00:00,78.70581
2011-11-27 01:00:00,78.70638
2011-11-27 02:00:00,88.24663
2011-11-27 03:00:00,87.530556
2011-11-27 04:00:00,79.568085
2011-11-27 05:00:00,83.98193
2011-11-27 06:00:00,87.738365
2011-11-27 07:00:00,87.4902
2011-11-27 08:00:00,101.76968
2011-11-27 09:00:00,137.90662
2011-11-27 10:00:00,137.90732
2011-11-27 11:00:00,114.56444
2011-11-27 12:00:00,181.60437
2011-11-27 13:00:00,137.7341
2011-11-27 14:00:00,438.7397
2011-11-27 15:00:00,444.73724
2011-11-27 16:00:00,190.8478
2011-11-27 17:00:00,162.62535
2011-11-27 18:00:00,140.03
2011-11-27 19:00:00,154.86676
2011-11-27 20:00:00,127.38315
2011-11-27 21:00:00,145.74951
2011-11-27 22:00:00,137.6229
2011-11-27 23:00:00,137.62311
2011-11-28 00:00:00,145.46474
2011-11-28 01:00:00,146.77081
2011-11-28 03:00:00,148.16061
2011-11-28 04:00:00,148.50844
2011-11-28 05:00:00,120.75723
2011-11-28 06:00:00,124.564285
2011-11-28 07:00:00,120.24192
2011-11-28 08:00:00,125.22452
2011-11-28 09:00:00,105.93361
2011-11-28 10:00:00,148.78835
2011-11-28 11:00:00,245.99686
2011-11-28 12:00:00,259.54657
2011-11-28 13:00:00,206.04027
2011-11-28 14:00:00,301.9441
2011-11-28 15:00:00,203.42355
2011-11-28 16:00:00,176.85716
2011-11-28 17:00:00,209.73172
2011-11-28 18:00:00,168.37823
2011-11-28 19:00:00,145.4571
2011-11-28 20:00:00,172.96864
2011-11-28 21:00:00,171.19418
2011-11-28 22:00:00,164.62129
2011-11-28 23:00:00,156.28146
2011-11-29 00:00:00,158.61084
2011-11-29 01:00:00,175.23997
2011-11-29 02:00:00,171.22917
2011-11-29 03:00:00,171.23007
2011-11-29 04:00:00,120.56723
2011-11-29 05:00:00,166.83284
2011-11-29 06:00:00,121.32349
2011-11-29 07:00:00,103.656815
2011-11-29 08:00:00,132.2979
2011-11-29 09:00:00,143.91632
2011-11-29 10:00:00,143.91563
2011-11-29 11:00:00,114.37022
2011-11-29 12:00:00,111.02757
2011-11-29 13:00:00,124.12341
2011-11-29 14:00:00,84.561226
2011-11-29 15:00:00,105.3939
2011-11-29 16:00:00,80.0757
2011-11-29 17:00:00,86.14641
2011-11-29 18:00:00,94.9772
2011-11-29 19:00:00,102.633835
2011-11-29 20:00:00,77.036766
2011-11-29 21:00:00,77.03713
2011-11-29 22:00:00,97.78185
2011-11-29 23:00:00,113.472336
2011-11-30 00:00:00,84.12135
2011-11-30 01:00:00,100.699844
2011-11-30 02:00:00,119.65921
2011-11-30 03:00:00,119.66048
2011-11-30 04:00:00,102.01091
2011-11-30 05:00:00,86.90688
2011-11-30 06:00:00,89.53156
2011-11-30 07:00:00,71.2114
2011-11-30 08:00:00,86.9092
2011-11-30 09:00:00,99.194466
2011-11-30 10:00:00,142.18518
2011-11-30 11:00:00,114.95125
2011-11-30 12:00:00,125.19291
2011-11-30 13:00:00,200.31258
2011-11-30 14:00:00,200.31313
2011-11-30 15:00:00,173.63391
2011-11-30 16:00:00,174.05692
2011-11-30 17:00:00,112.20998
2011-11-30 18:00:00,110.9526
2011-11-30 19:00:00,109.50566
2011-11-30 20:00:00,109.506805
2011-11-30 21:00:00,156.15955
2011-11-30 22:00:00,104.47247
2011-11-30 23:00:00,92.283165
2011-12-20 00:00:00,142.37991
2011-12-20 01:00:00,142.97983
2011-12-20 02:00:00,164.47827
2011-12-20 03:00:00,164.47932
2011-12-20 04:00:00,145.48302
2011-12-20 05:00:00,154.33156
2011-12-20 06:00:00,154.33252
2011-12-20 07:00:00,161.7214
2011-12-20 08:00:00,160.3315
2011-12-20 09:00:00,190.4981
2011-12-20 10:00:00,141.30574
2011-12-20 11:00:00,158.17741
2011-12-20 12:00:00,151.87276
2011-12-20 13:00:00,151.87347
2011-12-20 14:00:00,150.55579
2011-12-20 15:00:00,154.3716
2011-12-20 16:00:00,154.20439
2011-12-20 17:00:00,135.54617
2011-12-20 18:00:00,204.16711
2011-12-20 19:00:00,162.49245
2011-12-20 20:00:00,165.25539
2011-12-20 21:00:00,172.53792
2011-12-20 22:00:00,190.04935
2011-12-20 23:00:00,161.2975
2011-12-21 00:00:00,129.16492
2011-12-21 01:00:00,169.79715
2011-12-21 02:00:00,147.72203
2011-12-21 03:00:00,147.72327
2011-12-21 04:00:00,147.72449
2011-12-21 05:00:00,85.26636
2011-12-21 06:00:00,211.16487
2011-12-21 07:00:00,137.50032
2011-12-21 08:00:00,118.32932
2011-12-21 09:00:00,123.360466
2011-12-21 10:00:00,116.6675
2011-12-21 11:00:00,116.667595
2011-12-21 12:00:00,117.10092
2011-12-21 13:00:00,72.59743
2011-12-21 14:00:00,167.73058
2011-12-21 15:00:00,168.43378
2011-12-21 16:00:00,76.52795
2011-12-21 17:00:00,76.528694
2011-12-21 18:00:00,85.08571
2011-12-21 19:00:00,83.099785
2011-12-21 20:00:00,92.83721
2011-12-21 21:00:00,202.97064
2011-12-21 22:00:00,173.61104
2011-12-21 23:00:00,186.32697
2011-12-22 00:00:00,119.20149
2011-12-22 01:00:00,86.82154
2011-12-22 02:00:00,96.90598
2011-12-22 03:00:00,170.43542
2011-12-22 04:00:00,93.43603
2011-12-22 05:00:00,116.64524
2011-12-22 06:00:00,193.78714
2011-12-22 07:00:00,131.08496
2011-12-22 08:00:00,222.18286
2011-12-22 09:00:00,199.93251
2011-12-22 10:00:00,85.53002
2011-12-22 11:00:00,146.0797
2011-12-22 12:00:00,130.3707
2011-12-22 13:00:00,161.94373
2011-12-22 14:00:00,161.94418
2011-12-22 15:00:00,123.56831
2011-12-22 16:00:00,161.94507
2011-12-22 17:00:00,174.37929
2011-12-22 18:00:00,155.82698
2011-12-22 19:00:00,160.71156
2011-12-22 20:00:00,151.76967
2011-12-22 21:00:00,151.7696
2011-12-22 22:00:00,92.31901
2011-12-22 23:00:00,191.66278
2011-12-23 00:00:00,112.236946
2011-12-23 01:00:00,112.2372
2011-12-23 02:00:00,82.138954
2011-12-23 03:00:00,82.139336
2011-12-23 04:00:00,74.86947
2011-12-23 05:00:00,103.506485
2011-12-23 06:00:00,84.03065
2011-12-23 07:00:00,98.10216
2011-12-23 08:00:00,110.65448
2011-12-23 09:00:00,151.16365
2011-12-23 10:00:00,123.31494
2011-12-23 11:00:00,127.526375
2011-12-23 12:00:00,120.32846
2011-12-23 13:00:00,152.0621
2011-12-23 14:00:00,117.50219
2011-12-23 15:00:00,110.45315
2011-12-23 16:00:00,146.77678
2011-12-23 17:00:00,123.9235
2011-12-23 18:00:00,160.26422
2011-12-23 19:00:00,144.88081
2011-12-23 20:00:00,152.4529
2011-12-23 21:00:00,171.05676
2011-12-23 22:00:00,196.77484
2011-12-23 23:00:00,150.88963
2011-12-24 00:00:00,148.29192
2011-12-24 01:00:00,144.19461
2011-12-24 02:00:00,154.65773
2011-12-24 03:00:00,130.12473
2011-12-24 04:00:00,180.79253
2011-12-24 05:00:00,180.79231
2011-12-24 06:00:00,145.76901
2011-12-24 07:00:00,172.86967
2011-12-24 08:00:00,141.07063
2011-12-24 09:00:00,191.88406
2011-12-24 10:00:00,157.19635
2011-12-24 11:00:00,202.37485
2011-12-24 12:00:00,201.67593
2011-12-24 13:00:00,197.54642
2011-12-24 14:00:00,197.54565
2011-12-24 15:00:00,190.22006
2011-12-24 16:00:00,199.5443
2011-12-24 17:00:00,139.57248
2011-12-24 18:00:00,161.90804
2011-12-24 19:00:00,138.44923
2011-12-24 20:00:00,101.2154
2011-12-24 21:00:00,113.057014
2011-12-24 22:00:00,85.30483
2011-12-24 23:00:00,73.6399
2011-12-25 00:00:00,111.553734
2011-12-25 01:00:00,80.61007
2011-12-25 02:00:00,70.05262
2011-12-25 03:00:00,68.29814
2011-12-25 05:00:00,66.363235
2011-12-25 06:00:00,66.363716
2011-12-25 07:00:00,84.45664
2011-12-25 08:00:00,86.226555
2011-12-25 09:00:00,91.15341
2011-12-25 10:00:00,129.98341
2011-12-25 11:00:00,151.75699
2011-12-25 12:00:00,158.6534
2011-12-25 13:00:00,163.88652
2011-12-25 14:00:00,184.83394
2011-12-25 15:00:00,157.77716
2011-12-25 16:00:00,134.19484
2011-12-25 17:00:00,139.16075
2011-12-25 18:00:00,175.04178
2011-12-25 19:00:00,140.27582
2011-12-25 20:00:00,142.62747
2011-12-25 21:00:00,129.89792
2011-12-25 22:00:00,128.87624
2011-12-25 23:00:00,99.58233
2011-12-26 00:00:00,132.05533
2011-12-26 01:00:00,145.41335
2011-12-26 02:00:00,183.58438
2011-12-26 04:00:00,161.51625
2011-12-26 05:00:00,194.45076
2011-12-26 06:00:00,188.1691
2011-12-26 07:00:00,188.46246
2011-12-26 08:00:00,174.51651
2011-12-26 09:00:00,161.51558
2011-12-26 10:00:00,178.92351
2011-12-26 11:00:00,155.82559
2011-12-26 12:00:00,205.62521
2011-12-26 13:00:00,179.42285
2011-12-26 14:00:00,175.301
2011-12-26 15:00:00,194.11792
2011-12-26 16:00:00,187.22377
2011-12-26 17:00:00,183.5843
2011-12-26 18:00:00,152.0258
2011-12-26 19:00:00,145.50891
2011-12-26 20:00:00,163.04405
2011-12-26 21:00:00,81.866325
2011-12-26 22:00:00,81.86951
2011-12-26 23:00:00,110.705246
2011-12-27 00:00:00,147.98811
2011-12-27 01:00:00,136.09776
2011-12-27 02:00:00,136.09956
2011-12-27 03:00:00,137.63968
2011-12-27 04:00:00,161.03374
2011-12-27 05:00:00,148.09947
2011-12-27 06:00:00,128.07025
2011-12-27 07:00:00,148.9708
2011-12-27 08:00:00,168.5323
2011-12-27 09:00:00,151.73459
2011-12-27 10:00:00,162.60274
2011-12-27 11:00:00,151.73582
2011-12-27 12:00:00,140.71681
2011-12-27 13:00:00,169.57722
2011-12-27 14:00:00,132.01723
2011-12-27 15:00:00,132.01744
2011-12-27 16:00:00,126.32028
2011-12-27 17:00:00,128.00565
2011-12-27 18:00:00,180.4007
2011-12-27 19:00:00,148.29445
2011-12-27 20:00:00,165.8806
2011-12-27 21:00:00,176.06406
2011-12-27 22:00:00,176.06711
2011-12-27 23:00:00,124.55631
2011-12-28 00:00:00,178.1818
2011-12-28 01:00:00,157.3951
2011-12-28 02:00:00,158.9598
2011-12-28 03:00:00,158.96204
2011-12-28 05:00:00,180.61946
2011-12-28 06:00:00,143.18709
2011-12-28 07:00:00,143.18846
2011-12-28 08:00:00,180.1415
2011-12-28 09:00:00,126.96888
2011-12-28 10:00:00,156.89986
2011-12-28 11:00:00,190.63336
2011-12-28 12:00:00,125.12388
2011-12-28 13:00:00,183.7895
2011-12-28 14:00:00,189.83511
2011-12-28 15:00:00,189.31277
2011-12-28 16:00:00,188.23439
2011-12-28 17:00:00,189.36124
2011-12-28 18:00:00,197.83002
2011-12-28 19:00:00,176.83887
2011-12-28 20:00:00,163.786
2011-12-28 21:00:00,138.15387
2011-12-28 22:00:00,144.12202
2011-12-28 23:00:00,150.04556
2011-12-29 00:00:00,119.01498
2011-12-29 01:00:00,102.1301
2011-12-29 02:00:00,105.228485
2011-12-29 03:00:00,108.539474
2011-12-29 04:00:00,111.14964
2011-12-29 05:00:00,111.05794
2011-12-29 06:00:00,88.92047
2011-12-29 07:00:00,78.58985
2011-12-29 08:00:00,177.07707
2011-12-29 09:00:00,136.76158
2011-12-29 10:00:00,112.823524
2011-12-29 11:00:00,146.69907
2011-12-29 12:00:00,120.65738
2011-12-29 13:00:00,158.0197
2011-12-29 14:00:00,154.56891
2011-12-29 15:00:00,167.09651
2011-12-29 16:00:00,149.1379
2011-12-29 17:00:00,162.63123
2011-12-29 18:00:00,129.88075
2011-12-29 19:00:00,144.46477
2011-12-29 20:00:00,114.66705
2011-12-29 21:00:00,135.99333
2011-12-29 22:00:00,120.66233
2011-12-29 23:00:00,174.5595
2011-12-30 00:00:00,120.91701
2011-12-30 01:00:00,94.01076
2011-12-30 02:00:00,123.57415
2011-12-30 03:00:00,123.5756
2011-12-30 04:00:00,98.554474
2011-12-30 05:00:00,84.73143
2011-12-30 06:00:00,98.78221
2011-12-30 07:00:00,86.89734
2011-12-30 08:00:00,144.98447
2011-12-30 09:00:00,64.894806
2011-12-30 10:00:00,167.12895
2011-12-30 11:00:00,182.61833
2011-12-30 12:00:00,126.00382
2011-12-30 13:00:00,121.27055
2011-12-30 14:00:00,152.53835
2011-12-30 15:00:00,202.89018
2011-12-30 16:00:00,156.26186
2011-12-30 17:00:00,82.902824
2011-12-30 18:00:00,115.20049
2011-12-30 19:00:00,166.55396
2011-12-30 20:00:00,154.79887
2011-12-30 21:00:00,156.24742
2011-12-30 22:00:00,140.08716
2011-12-30 23:00:00,188.9193
2011-12-31 00:00:00,137.89362
2011-12-31 01:00:00,126.75062
2011-12-31 02:00:00,126.749596
2011-12-31 03:00:00,126.74858
2011-12-31 04:00:00,131.3813
2011-12-31 05:00:00,116.09115
2011-12-31 06:00:00,121.46166
2011-12-31 07:00:00,115.14861
2011-12-31 08:00:00,109.760155
2011-12-31 09:00:00,112.225136
2011-12-31 10:00:00,117.210365
2011-12-31 11:00:00,127.156296
2011-12-31 12:00:00,297.20737
2011-12-31 13:00:00,284.66177
2011-12-31 14:00:00,129.8525
2011-12-31 15:00:00,179.3444
2011-12-31 16:00:00,144.29263
2011-12-31 17:00:00,124.55392
2011-12-31 18:00:00,126.37469
2011-12-31 19:00:00,120.44238
2011-12-31 20:00:00,120.442055
2011-12-31 21:00:00,123.54141
2011-12-31 22:00:00,130.22302
2011-12-31 23:00:00,133.44972
2012-01-20 00:00:00,124.92699
2012-01-20 01:00:00,98.70789
2012-01-20 02:00:00,98.733284
2012-01-20 03:00:00,97.909424
2012-01-20 04:00:00,98.38064
2012-01-20 05:00:00,98.38152
2012-01-20 06:00:00,118.05481
2012-01-20 07:00:00,180.67879
2012-01-20 08:00:00,171.05954
2012-01-20 09:00:00,141.47934
2012-01-20 10:00:00,158.33502
2012-01-20 11:00:00,206.1545
2012-01-20 12:00:00,187.8313
2012-01-20 13:00:00,193.95564
2012-01-20 14:00:00,176.49596
2012-01-20 15:00:00,155.69012
2012-01-20 16:00:00,150.96037
2012-01-20 17:00:00,179.15915
2012-01-20 18:00:00,161.72078
2012-01-20 19:00:00,147.38173
2012-01-20 20:00:00,161.72182
2012-01-20 21:00:00,140.84274
2012-01-20 22:00:00,152.29565
2012-01-20 23:00:00,189.75275
2012-01-21 00:00:00,119.63563
2012-01-21 01:00:00,114.925995
2012-01-21 02:00:00,122.55497
2012-01-21 03:00:00,101.9857
2012-01-21 04:00:00,108.11904
2012-01-21 05:00:00,110.099846
2012-01-21 06:00:00,80.00935
2012-01-21 07:00:00,80.00175
2012-01-21 08:00:00,109.76822
2012-01-21 09:00:00,109.769
2012-01-21 10:00:00,90.358376
2012-01-21 11:00:00,122.27816
2012-01-21 12:00:00,115.24602
2012-01-21 13:00:00,140.43433
2012-01-21 14:00:00,115.93234
2012-01-21 15:00:00,115.93243
2012-01-21 16:00:00,133.65279
2012-01-21 17:00:00,135.44818
2012-01-21 18:00:00,116.64128
2012-01-21 19:00:00,157.84741
2012-01-21 20:00:00,148.24135
2012-01-21 21:00:00,134.18819
2012-01-21 22:00:00,116.90273
2012-01-21 23:00:00,160.93936
2012-01-22 00:00:00,158.34598
2012-01-22 01:00:00,110.40411
2012-01-22 02:00:00,111.34582
2012-01-22 03:00:00,95.46921
2012-01-22 04:00:00,110.62798
2012-01-22 05:00:00,113.480194
2012-01-22 06:00:00,128.69704
2012-01-22 07:00:00,128.69759
2012-01-22 08:00:00,128.69812
2012-01-22 09:00:00,128.76395
2012-01-22 10:00:00,122.60652
2012-01-22 11:00:00,116.79772
2012-01-22 12:00:00,144.08884
2012-01-22 13:00:00,117.669685
2012-01-22 14:00:00,124.85309
2012-01-22 15:00:00,135.28175
2012-01-22 16:00:00,135.2824
2012-01-22 17:00:00,119.024605
2012-01-22 18:00:00,102.71872
2012-01-22 19:00:00,102.82272
2012-01-22 20:00:00,101.9658
2012-01-22 21:00:00,102.82308
2012-01-22 22:00:00,91.82087
2012-01-22 23:00:00,97.41069
2012-01-23 00:00:00,146.17886
2012-01-23 01:00:00,124.29333
2012-01-23 02:00:00,124.29419
2012-01-23 03:00:00,146.18506
2012-01-23 04:00:00,171.78331
2012-01-23 05:00:00,144.04008
2012-01-23 06:00:00,144.04213
2012-01-23 07:00:00,157.26373
2012-01-23 08:00:00,135.97636
2012-01-23 09:00:00,127.76387
2012-01-23 10:00:00,131.17139
2012-01-23 11:00:00,105.41525
2012-01-23 12:00:00,122.98248
2012-01-23 13:00:00,117.534454
2012-01-23 14:00:00,99.45563
2012-01-23 15:00:00,212.03804
2012-01-23 16:00:00,91.19329
2012-01-23 17:00:00,64.25966
2012-01-23 18:00:00,92.28917
2012-01-23 19:00:00,96.3985
2012-01-23 20:00:00,235.92683
2012-01-23 21:00:00,239.58363
2012-01-23 22:00:00,239.58734
2012-01-23 23:00:00,97.736015
2012-01-24 00:00:00,247.42038
2012-01-24 01:00:00,88.853584
2012-01-24 02:00:00,87.3288
2012-01-24 03:00:00,103.5725
2012-01-24 04:00:00,245.23772
2012-01-24 05:00:00,245.24301
2012-01-24 06:00:00,84.28657
2012-01-24 07:00:00,103.61682
2012-01-24 08:00:00,103.618256
2012-01-24 09:00:00,149.74568
2012-01-24 10:00:00,147.61397
2012-01-24 11:00:00,118.66499
2012-01-24 12:00:00,118.12334
2012-01-24 13:00:00,118.13654
2012-01-24 14:00:00,120.3173
2012-01-24 15:00:00,91.033936
2012-01-24 16:00:00,100.90831
2012-01-24 17:00:00,96.90912
2012-01-24 18:00:00,80.02497
2012-01-24 19:00:00,83.17783
2012-01-24 20:00:00,150.35785
2012-01-24 21:00:00,110.43238
2012-01-24 22:00:00,120.3295
2012-01-24 23:00:00,155.28967
2012-01-25 00:00:00,141.21873
2012-01-25 01:00:00,150.28708
2012-01-25 02:00:00,115.56457
2012-01-25 03:00:00,136.25435
2012-01-25 04:00:00,132.1277
2012-01-25 05:00:00,131.89008
2012-01-25 06:00:00,125.66559
2012-01-25 07:00:00,132.9215
2012-01-25 08:00:00,196.79102
2012-01-25 09:00:00,196.79488
2012-01-25 10:00:00,78.683
2012-01-25 11:00:00,104.06623
2012-01-25 12:00:00,88.98295
2012-01-25 13:00:00,123.29966
2012-01-25 14:00:00,104.14577
2012-01-25 15:00:00,176.90501
2012-01-25 16:00:00,102.09018
2012-01-25 17:00:00,67.868
2012-01-25 18:00:00,74.4806
2012-01-25 19:00:00,90.89715
2012-01-25 20:00:00,98.55801
2012-01-25 21:00:00,117.495285
2012-01-25 22:00:00,120.34092
2012-01-25 23:00:00,72.66516
2012-01-26 00:00:00,75.31662
2012-01-26 01:00:00,79.87655
2012-01-26 02:00:00,88.74566
2012-01-26 03:00:00,82.18625
2012-01-26 04:00:00,94.89491
2012-01-26 05:00:00,86.92536
2012-01-26 06:00:00,88.807144
2012-01-26 07:00:00,82.82582
2012-01-26 08:00:00,82.8264
2012-01-26 09:00:00,95.8507
2012-01-26 10:00:00,87.33628
2012-01-26 11:00:00,113.78084
2012-01-26 12:00:00,70.106834
2012-01-26 13:00:00,105.802086
2012-01-26 14:00:00,96.00278
2012-01-26 15:00:00,87.75074
2012-01-26 16:00:00,94.92876
2012-01-26 17:00:00,94.99871
2012-01-26 18:00:00,94.99902
2012-01-26 19:00:00,89.11534
2012-01-26 20:00:00,33.278957
2012-01-26 21:00:00,89.115616
2012-01-26 22:00:00,50.730827
2012-01-26 23:00:00,59.26549
2012-01-27 00:00:00,41.808346
2012-01-27 01:00:00,105.68261
2012-01-27 02:00:00,29.345581
2012-01-27 03:00:00,73.38008
2012-01-27 04:00:00,114.26585
2012-01-27 05:00:00,84.56802
2012-01-27 06:00:00,107.9
2012-01-27 07:00:00,102.66774
2012-01-27 08:00:00,126.46664
2012-01-27 09:00:00,126.466995
2012-01-27 10:00:00,83.771286
2012-01-27 11:00:00,48.95021
2012-01-27 12:00:00,109.57303
2012-01-27 13:00:00,128.1712
2012-01-27 14:00:00,108.92056
2012-01-27 15:00:00,98.84353
2012-01-27 16:00:00,54.3394
2012-01-27 17:00:00,78.81595
2012-01-27 18:00:00,101.1077
2012-01-27 19:00:00,119.324104
2012-01-27 20:00:00,103.62442
2012-01-27 21:00:00,165.14104
2012-01-27 22:00:00,122.516396
2012-01-27 23:00:00,166.55377
2012-01-28 00:00:00,142.35947
2012-01-28 01:00:00,131.68822
2012-01-28 02:00:00,76.12528
2012-01-28 03:00:00,83.49804
2012-01-28 04:00:00,96.66119
2012-01-28 05:00:00,60.400608
2012-01-28 06:00:00,61.449528
2012-01-28 07:00:00,53.601776
2012-01-28 08:00:00,81.631714
2012-01-28 09:00:00,58.812756
2012-01-28 10:00:00,78.16824
2012-01-28 11:00:00,122.53134
2012-01-28 12:00:00,136.11343
2012-01-28 13:00:00,130.80568
2012-01-28 14:00:00,104.245224
2012-01-28 15:00:00,77.37061
2012-01-28 16:00:00,255.17317
2012-01-28 17:00:00,244.66814
2012-01-28 18:00:00,265.00424
2012-01-28 19:00:00,242.98247
2012-01-28 20:00:00,294.84058
2012-01-28 21:00:00,256.5093
2012-01-28 22:00:00,254.36517
2012-01-28 23:00:00,216.5882
2012-01-29 00:00:00,186.27863
2012-01-29 01:00:00,193.11736
2012-01-29 02:00:00,195.67384
2012-01-29 03:00:00,183.40479
2012-01-29 04:00:00,159.19293
2012-01-29 05:00:00,87.81494
2012-01-29 06:00:00,126.370804
2012-01-29 07:00:00,141.77838
2012-01-29 08:00:00,94.05825
2012-01-29 09:00:00,64.06433
2012-01-29 10:00:00,150.97354
2012-01-29 11:00:00,185.98776
2012-01-29 12:00:00,181.52666
2012-01-29 13:00:00,181.72832
2012-01-29 14:00:00,194.26141
2012-01-29 15:00:00,242.53928
2012-01-29 16:00:00,229.27106
2012-01-29 17:00:00,229.27141
2012-01-29 18:00:00,206.09148
2012-01-29 19:00:00,197.22514
2012-01-29 20:00:00,149.98264
2012-01-29 21:00:00,190.05902
2012-01-29 22:00:00,182.1485
2012-01-29 23:00:00,195.54784
2012-01-30 00:00:00,147.82704
2012-01-30 01:00:00,95.86424
2012-01-30 02:00:00,94.737236
2012-01-30 03:00:00,77.96975
2012-01-30 04:00:00,99.226425
2012-01-30 05:00:00,99.277275
2012-01-30 06:00:00,94.98917
2012-01-30 07:00:00,104.13186
2012-01-30 08:00:00,102.992516
2012-01-30 09:00:00,102.994095
2012-01-30 10:00:00,128.12912
2012-01-30 11:00:00,136.87727
2012-01-30 12:00:00,139.07701
2012-01-30 13:00:00,154.88072
2012-01-30 14:00:00,209.0276
2012-01-30 15:00:00,192.10527
2012-01-30 16:00:00,206.47665
2012-01-30 17:00:00,225.57918
2012-01-30 18:00:00,219.35323
2012-01-30 19:00:00,161.29291
2012-01-30 20:00:00,163.46776
2012-01-30 21:00:00,159.12032
2012-01-30 22:00:00,96.27304
2012-01-30 23:00:00,91.975746
2012-01-31 00:00:00,116.53919
2012-01-31 01:00:00,129.65659
2012-01-31 02:00:00,131.23827
2012-01-31 03:00:00,142.70349
2012-01-31 04:00:00,122.19928
2012-01-31 05:00:00,122.20012
2012-01-31 06:00:00,95.31638
2012-01-31 07:00:00,75.461205
2012-01-31 08:00:00,68.01839
2012-01-31 09:00:00,117.70972
2012-01-31 10:00:00,90.20589
2012-01-31 11:00:00,200.83649
2012-01-31 12:00:00,202.84178
2012-01-31 13:00:00,274.26855
2012-01-31 14:00:00,234.33798
2012-01-31 15:00:00,225.77219
2012-01-31 16:00:00,225.7729
2012-01-31 17:00:00,232.42123
2012-01-31 18:00:00,246.5349
2012-01-31 19:00:00,237.00922
2012-01-31 20:00:00,76.86254
2012-01-31 21:00:00,210.07307
2012-01-31 22:00:00,215.29007
2012-01-31 23:00:00,225.71841
2012-02-20 00:00:00,149.08922
2012-02-20 01:00:00,149.08983
2012-02-20 02:00:00,149.09044
2012-02-20 03:00:00,180.2977
2012-02-20 05:00:00,152.00426
2012-02-20 06:00:00,135.23553
2012-02-20 07:00:00,133.13799
2012-02-20 08:00:00,146.77629
2012-02-20 09:00:00,146.77644
2012-02-20 10:00:00,151.03345
2012-02-20 11:00:00,108.66494
2012-02-20 12:00:00,117.69987
2012-02-20 13:00:00,125.79044
2012-02-20 14:00:00,142.58571
2012-02-20 15:00:00,175.57623
2012-02-20 16:00:00,197.47787
2012-02-20 17:00:00,213.8253
2012-02-20 18:00:00,175.57626
2012-02-20 19:00:00,175.65128
2012-02-20 20:00:00,175.81967
2012-02-20 21:00:00,96.077515
2012-02-20 22:00:00,154.08832
2012-02-20 23:00:00,100.9972
2012-02-21 00:00:00,130.8003
2012-02-21 01:00:00,108.55629
2012-02-21 02:00:00,125.71851
2012-02-21 04:00:00,157.28036
2012-02-21 05:00:00,157.01491
2012-02-21 06:00:00,157.32301
2012-02-21 07:00:00,157.28947
2012-02-21 08:00:00,138.96237
2012-02-21 09:00:00,177.0487
2012-02-21 10:00:00,227.14536
2012-02-21 11:00:00,195.86879
2012-02-21 12:00:00,197.97983
2012-02-21 13:00:00,173.21869
2012-02-21 14:00:00,253.41815
2012-02-21 15:00:00,173.2226
2012-02-21 16:00:00,206.79082
2012-02-21 17:00:00,183.914
2012-02-21 18:00:00,183.91444
2012-02-21 19:00:00,198.7869
2012-02-21 20:00:00,156.73747
2012-02-21 21:00:00,154.57611
2012-02-21 22:00:00,142.87747
2012-02-21 23:00:00,190.12975
2012-02-22 00:00:00,184.18695
2012-02-22 01:00:00,128.74092
2012-02-22 02:00:00,164.88368
2012-02-22 03:00:00,105.08565
2012-02-22 04:00:00,140.78424
2012-02-22 05:00:00,138.62746
2012-02-22 06:00:00,106.66727
2012-02-22 07:00:00,180.12775
2012-02-22 08:00:00,216.82501
2012-02-22 09:00:00,202.67262
2012-02-22 10:00:00,197.09914
2012-02-22 11:00:00,162.20824
2012-02-22 12:00:00,155.10999
2012-02-22 13:00:00,154.68895
2012-02-22 14:00:00,167.09059
2012-02-22 15:00:00,310.98618
2012-02-22 16:00:00,328.52057
2012-02-22 17:00:00,299.5477
2012-02-22 18:00:00,247.72038
2012-02-22 19:00:00,256.60907
2012-02-22 20:00:00,157.46756
2012-02-22 21:00:00,250.04868
2012-02-22 22:00:00,171.31194
2012-02-22 23:00:00,227.1784
2012-02-23 00:00:00,151.72997
2012-02-23 01:00:00,153.18103
2012-02-23 02:00:00,148.66191
2012-02-23 03:00:00,143.65236
2012-02-23 04:00:00,109.383316
2012-02-23 05:00:00,109.45439
2012-02-23 06:00:00,220.55402
2012-02-23 07:00:00,151.19746
2012-02-23 08:00:00,214.50757
2012-02-23 09:00:00,120.77188
2012-02-23 10:00:00,156.38979
2012-02-23 11:00:00,198.79073
2012-02-23 12:00:00,251.0181
2012-02-23 13:00:00,247.72531
2012-02-23 14:00:00,282.96677
2012-02-23 15:00:00,254.41086
2012-02-23 16:00:00,275.7353
2012-02-23 17:00:00,265.18414
2012-02-23 18:00:00,254.45264
2012-02-23 19:00:00,219.7226
2012-02-23 20:00:00,180.80948
2012-02-23 21:00:00,155.72054
2012-02-23 22:00:00,148.51237
2012-02-23 23:00:00,102.09841
2012-02-24 00:00:00,92.72163
2012-02-24 01:00:00,152.82391
2012-02-24 02:00:00,102.31216
2012-02-24 03:00:00,68.07346
2012-02-24 04:00:00,158.23088
2012-02-24 05:00:00,163.5286
2012-02-24 06:00:00,171.29875
2012-02-24 07:00:00,94.149315
2012-02-24 08:00:00,148.17017
2012-02-24 09:00:00,113.27831
2012-02-24 10:00:00,114.229546
2012-02-24 11:00:00,116.61587
2012-02-24 12:00:00,112.07985
2012-02-24 13:00:00,117.44837
2012-02-24 14:00:00,144.8996
2012-02-24 15:00:00,148.97266
2012-02-24 16:00:00,148.97339
2012-02-24 17:00:00,100.667854
2012-02-24 18:00:00,124.806885
2012-02-24 19:00:00,169.97092
2012-02-24 20:00:00,166.2728
2012-02-24 21:00:00,194.20653
2012-02-24 22:00:00,184.87996
2012-02-24 23:00:00,179.36957
2012-02-25 00:00:00,188.51556
2012-02-25 01:00:00,177.87363
2012-02-25 02:00:00,204.7056
2012-02-25 03:00:00,132.39127
2012-02-25 04:00:00,94.88238
2012-02-25 05:00:00,83.79961
2012-02-25 06:00:00,83.79952
2012-02-25 07:00:00,95.81093
2012-02-25 08:00:00,96.37352
2012-02-25 09:00:00,120.78108
2012-02-25 10:00:00,158.93019
2012-02-25 11:00:00,90.22232
2012-02-25 12:00:00,191.70929
2012-02-25 13:00:00,199.50017
2012-02-25 14:00:00,202.87404
2012-02-25 15:00:00,206.42044
2012-02-25 16:00:00,202.17358
2012-02-25 17:00:00,140.74467
2012-02-25 18:00:00,164.07123
2012-02-25 19:00:00,140.64484
2012-02-25 20:00:00,145.52168
2012-02-25 21:00:00,88.9586
2012-02-25 22:00:00,95.623146
2012-02-25 23:00:00,74.91857
2012-02-26 00:00:00,60.43472
2012-02-26 01:00:00,75.52829
2012-02-26 02:00:00,75.528725
2012-02-26 03:00:00,52.86336
2012-02-26 04:00:00,52.950474
2012-02-26 05:00:00,59.522556
2012-02-26 06:00:00,71.18153
2012-02-26 07:00:00,84.35016
2012-02-26 08:00:00,96.221405
2012-02-26 09:00:00,79.84178
2012-02-26 10:00:00,56.193985
2012-02-26 11:00:00,43.891865
2012-02-26 12:00:00,82.32845
2012-02-26 13:00:00,127.206535
2012-02-26 14:00:00,161.50452
2012-02-26 15:00:00,164.0106
2012-02-26 16:00:00,189.0939
2012-02-26 17:00:00,183.79831
2012-02-26 18:00:00,159.664
2012-02-26 19:00:00,169.19386
2012-02-26 20:00:00,119.74651
2012-02-26 21:00:00,131.72289
2012-02-26 22:00:00,75.4173
2012-02-26 23:00:00,96.02853
2012-02-27 00:00:00,140.80884
2012-02-27 01:00:00,149.87158
2012-02-27 02:00:00,172.16049
2012-02-27 03:00:00,226.79192
2012-02-27 04:00:00,204.61464
2012-02-27 05:00:00,204.61906
2012-02-27 06:00:00,223.87567
2012-02-27 07:00:00,157.8338
2012-02-27 08:00:00,136.00829
2012-02-27 09:00:00,115.955795
2012-02-27 10:00:00,184.93555
2012-02-27 11:00:00,181.06416
2012-02-27 12:00:00,197.82288
2012-02-27 13:00:00,195.60924
2012-02-27 14:00:00,221.2241
2012-02-27 15:00:00,262.59604
2012-02-27 16:00:00,248.14693
2012-02-27 17:00:00,239.4543
2012-02-27 18:00:00,309.31503
2012-02-27 19:00:00,242.69954
2012-02-27 20:00:00,267.34152
2012-02-27 21:00:00,221.26447
2012-02-27 22:00:00,213.19861
2012-02-27 23:00:00,156.93498
2012-02-28 00:00:00,136.88875
2012-02-28 01:00:00,104.46639
2012-02-28 02:00:00,107.79511
2012-02-28 03:00:00,199.24533
2012-02-28 04:00:00,159.1726
2012-02-28 05:00:00,159.17361
2012-02-28 06:00:00,128.4665
2012-02-28 07:00:00,89.81797
2012-02-28 08:00:00,104.60976
2012-02-28 09:00:00,85.53584
2012-02-28 10:00:00,105.88254
2012-02-28 11:00:00,174.85692
2012-02-28 12:00:00,182.1464
2012-02-28 13:00:00,194.77583
2012-02-28 14:00:00,204.33054
2012-02-28 15:00:00,211.31778
2012-02-28 16:00:00,190.34688
2012-02-28 17:00:00,211.51617
2012-02-28 18:00:00,191.54834
2012-02-28 19:00:00,196.83408
2012-02-28 20:00:00,204.68164
2012-02-28 21:00:00,140.43433
2012-02-28 22:00:00,140.43555
2012-02-28 23:00:00,135.11017
2012-02-29 00:00:00,131.51509
2012-02-29 01:00:00,136.77725
2012-02-29 02:00:00,130.05855
2012-02-29 03:00:00,178.52666
2012-02-29 05:00:00,197.8148
2012-02-29 06:00:00,257.09717
2012-02-29 07:00:00,167.41591
2012-02-29 08:00:00,222.56783
2012-02-29 09:00:00,145.83722
2012-02-29 10:00:00,145.83862
2012-02-29 11:00:00,143.1963
2012-02-29 12:00:00,123.811615
2012-02-29 13:00:00,108.45585
2012-02-29 14:00:00,108.94368
2012-02-29 15:00:00,101.57042
2012-02-29 16:00:00,92.23408
2012-02-29 17:00:00,166.4196
2012-02-29 18:00:00,181.58366
2012-02-29 19:00:00,183.53957
2012-02-29 20:00:00,141.82448
2012-02-29 21:00:00,141.82533
2012-02-29 22:00:00,104.47985
2012-02-29 23:00:00,104.480484
2012-03-20 00:00:00,161.95712
2012-03-20 01:00:00,206.25012
2012-03-20 02:00:00,229.36769
2012-03-20 03:00:00,261.3199
2012-03-20 04:00:00,273.82758
2012-03-20 05:00:00,198.66191
2012-03-20 06:00:00,219.88145
2012-03-20 07:00:00,147.76225
2012-03-20 08:00:00,286.55786
2012-03-20 09:00:00,303.46945
2012-03-20 10:00:00,302.11407
2012-03-20 11:00:00,223.67845
2012-03-20 12:00:00,203.57654
2012-03-20 13:00:00,151.397
2012-03-20 14:00:00,213.202
2012-03-20 15:00:00,273.95847
2012-03-20 16:00:00,349.95718
2012-03-20 17:00:00,191.54167
2012-03-20 18:00:00,211.7638
2012-03-20 19:00:00,133.15791
2012-03-20 20:00:00,148.78236
2012-03-20 21:00:00,159.62875
2012-03-20 22:00:00,154.37201
2012-03-20 23:00:00,190.94287
2012-03-21 00:00:00,221.85545
2012-03-21 01:00:00,262.2392
2012-03-21 02:00:00,400.3077
2012-03-21 03:00:00,359.68137
2012-03-21 04:00:00,305.0337
2012-03-21 05:00:00,305.03674
2012-03-21 06:00:00,266.3836
2012-03-21 07:00:00,142.95683
2012-03-21 08:00:00,191.252
2012-03-21 09:00:00,326.30194
2012-03-21 10:00:00,277.5763
2012-03-21 11:00:00,277.57916
2012-03-21 12:00:00,275.883
2012-03-21 13:00:00,224.36636
2012-03-21 14:00:00,227.18364
2012-03-21 15:00:00,227.18452
2012-03-21 16:00:00,182.79997
2012-03-21 17:00:00,227.05685
2012-03-21 18:00:00,230.65477
2012-03-21 19:00:00,328.90543
2012-03-21 20:00:00,116.43805
2012-03-21 21:00:00,240.62077
2012-03-21 22:00:00,270.182
2012-03-21 23:00:00,182.39214
2012-03-22 00:00:00,232.67595
2012-03-22 01:00:00,232.67654
2012-03-22 02:00:00,232.67712
2012-03-22 03:00:00,232.67772
2012-03-22 04:00:00,244.84518
2012-03-22 05:00:00,244.84927
2012-03-22 06:00:00,244.85338
2012-03-22 07:00:00,244.85745
2012-03-22 08:00:00,241.62042
2012-03-22 09:00:00,241.62099
2012-03-22 10:00:00,227.87836
2012-03-22 11:00:00,182.64093
2012-03-22 12:00:00,294.93964
2012-03-22 13:00:00,158.13643
2012-03-22 14:00:00,240.89708
2012-03-22 15:00:00,342.9255
2012-03-22 16:00:00,348.04514
2012-03-22 17:00:00,400.34042
2012-03-22 18:00:00,400.34128
2012-03-22 19:00:00,383.66205
2012-03-22 20:00:00,267.17517
2012-03-22 21:00:00,151.57762
2012-03-22 22:00:00,226.7558
2012-03-22 23:00:00,183.68782
2012-03-23 00:00:00,176.96207
2012-03-23 01:00:00,199.93394
2012-03-23 02:00:00,221.27519
2012-03-23 03:00:00,294.52203
2012-03-23 04:00:00,245.65123
2012-03-23 05:00:00,207.1868
2012-03-23 06:00:00,246.16832
2012-03-23 07:00:00,222.8258
2012-03-23 08:00:00,236.01224
2012-03-23 09:00:00,236.90007
2012-03-23 10:00:00,259.3423
2012-03-23 11:00:00,284.0229
2012-03-23 12:00:00,370.77902
2012-03-23 13:00:00,369.26688
2012-03-23 14:00:00,398.24463
2012-03-23 15:00:00,408.5337
2012-03-23 16:00:00,409.9
2012-03-23 17:00:00,409.9008
2012-03-23 18:00:00,521.7665
2012-03-23 19:00:00,471.7138
2012-03-23 20:00:00,495.9147
2012-03-23 21:00:00,439.77518
2012-03-23 22:00:00,354.32993
2012-03-23 23:00:00,314.53787
2012-03-24 00:00:00,309.21655
2012-03-24 01:00:00,270.06064
2012-03-24 02:00:00,204.27867
2012-03-24 03:00:00,204.27846
2012-03-24 04:00:00,228.65375
2012-03-24 05:00:00,305.31982
2012-03-24 06:00:00,306.57297
2012-03-24 07:00:00,330.04944
2012-03-24 08:00:00,203.66417
2012-03-24 09:00:00,307.1416
2012-03-24 10:00:00,298.2503
2012-03-24 11:00:00,203.62427
2012-03-24 12:00:00,146.61075
2012-03-24 13:00:00,142.48328
2012-03-24 14:00:00,196.41165
2012-03-24 15:00:00,148.33636
2012-03-24 16:00:00,146.42296
2012-03-24 17:00:00,198.71292
2012-03-24 18:00:00,141.65363
2012-03-24 19:00:00,183.86633
2012-03-24 20:00:00,148.13371
2012-03-24 21:00:00,148.13376
2012-03-24 22:00:00,144.481
2012-03-24 23:00:00,218.50658
2012-03-25 00:00:00,211.24829
2012-03-25 01:00:00,171.07446
2012-03-25 02:00:00,140.23497
2012-03-25 03:00:00,136.33972
2012-03-25 04:00:00,186.65489
2012-03-25 05:00:00,187.02097
2012-03-25 06:00:00,187.02106
2012-03-25 07:00:00,191.37619
2012-03-25 08:00:00,191.37622
2012-03-25 09:00:00,178.4876
2012-03-25 10:00:00,263.84967
2012-03-25 11:00:00,178.48775
2012-03-25 12:00:00,177.89168
2012-03-25 13:00:00,251.67006
2012-03-25 14:00:00,273.81915
2012-03-25 15:00:00,272.71603
2012-03-25 16:00:00,163.70448
2012-03-25 17:00:00,190.26349
2012-03-25 18:00:00,193.40944
2012-03-25 19:00:00,210.40057
2012-03-25 20:00:00,153.99641
2012-03-25 21:00:00,125.09889
2012-03-25 22:00:00,179.79208
2012-03-25 23:00:00,156.10495
2012-03-26 00:00:00,195.8889
2012-03-26 01:00:00,177.12839
2012-03-26 02:00:00,303.46848
2012-03-26 03:00:00,239.49353
2012-03-26 04:00:00,214.16762
2012-03-26 05:00:00,261.0316
2012-03-26 06:00:00,227.51477
2012-03-26 07:00:00,266.87274
2012-03-26 08:00:00,272.01624
2012-03-26 09:00:00,202.55548
2012-03-26 10:00:00,343.73358
2012-03-26 11:00:00,303.55185
2012-03-26 12:00:00,306.51935
2012-03-26 13:00:00,327.84784
2012-03-26 14:00:00,233.64606
2012-03-26 15:00:00,313.308
2012-03-26 16:00:00,302.57907
2012-03-26 17:00:00,317.283
2012-03-26 18:00:00,284.14352
2012-03-26 19:00:00,250.83972
2012-03-26 20:00:00,287.91315
2012-03-26 21:00:00,298.76862
2012-03-26 22:00:00,227.74341
2012-03-26 23:00:00,287.9195
2012-03-27 00:00:00,265.8388
2012-03-27 01:00:00,257.35574
2012-03-27 02:00:00,214.71318
2012-03-27 03:00:00,240.67317
2012-03-27 04:00:00,193.69571
2012-03-27 05:00:00,127.46359
2012-03-27 06:00:00,108.34514
2012-03-27 07:00:00,108.34663
2012-03-27 08:00:00,158.95483
2012-03-27 09:00:00,88.75978
2012-03-27 10:00:00,149.12357
2012-03-27 11:00:00,218.62888
2012-03-27 12:00:00,201.61221
2012-03-27 13:00:00,227.31747
2012-03-27 14:00:00,243.45058
2012-03-27 15:00:00,235.55988
2012-03-27 16:00:00,235.54048
2012-03-27 17:00:00,244.14764
2012-03-27 18:00:00,248.60152
2012-03-27 19:00:00,241.35805
2012-03-27 20:00:00,248.59772
2012-03-27 21:00:00,222.9333
2012-03-27 22:00:00,212.75594
2012-03-27 23:00:00,206.46907
2012-03-28 00:00:00,203.56136
2012-03-28 01:00:00,197.84624
2012-03-28 02:00:00,242.73106
2012-03-28 03:00:00,256.28305
2012-03-28 04:00:00,201.8567
2012-03-28 05:00:00,201.85963
2012-03-28 06:00:00,200.40596
2012-03-28 07:00:00,209.5783
2012-03-28 08:00:00,175.44029
2012-03-28 09:00:00,218.27296
2012-03-28 10:00:00,252.91614
2012-03-28 11:00:00,222.6934
2012-03-28 12:00:00,265.71796
2012-03-28 13:00:00,265.09076
2012-03-28 14:00:00,397.44135
2012-03-28 15:00:00,354.31296
2012-03-28 16:00:00,406.7626
2012-03-28 17:00:00,366.1884
2012-03-28 18:00:00,366.2172
2012-03-28 19:00:00,368.47003
2012-03-28 20:00:00,450.38333
2012-03-28 21:00:00,299.97586
2012-03-28 22:00:00,299.49915
2012-03-28 23:00:00,196.08621
2012-03-29 00:00:00,221.25882
2012-03-29 01:00:00,285.63037
2012-03-29 02:00:00,434.2274
2012-03-29 03:00:00,380.37607
2012-03-29 04:00:00,228.31073
2012-03-29 05:00:00,165.0657
2012-03-29 06:00:00,227.93591
2012-03-29 07:00:00,248.47516
2012-03-29 08:00:00,266.55655
2012-03-29 09:00:00,266.27707
2012-03-29 10:00:00,287.16776
2012-03-29 11:00:00,253.18533
2012-03-29 12:00:00,323.2894
2012-03-29 13:00:00,223.86906
2012-03-29 14:00:00,249.64343
2012-03-29 15:00:00,293.7812
2012-03-29 16:00:00,303.74054
2012-03-29 17:00:00,251.08775
2012-03-29 18:00:00,266.13574
2012-03-29 19:00:00,173.99068
2012-03-29 20:00:00,215.29953
2012-03-29 21:00:00,165.28845
2012-03-29 22:00:00,171.59084
2012-03-29 23:00:00,213.78018
2012-03-30 00:00:00,218.65175
2012-03-30 01:00:00,202.04295
2012-03-30 02:00:00,222.48517
2012-03-30 03:00:00,232.43645
2012-03-30 04:00:00,204.3597
2012-03-30 05:00:00,183.84114
2012-03-30 06:00:00,202.01552
2012-03-30 07:00:00,204.80602
2012-03-30 08:00:00,136.45055
2012-03-30 09:00:00,222.52797
2012-03-30 10:00:00,173.90526
2012-03-30 11:00:00,205.2606
2012-03-30 12:00:00,188.763
2012-03-30 13:00:00,126.90342
2012-03-30 14:00:00,153.91081
2012-03-30 15:00:00,149.64145
2012-03-30 16:00:00,184.96484
2012-03-30 17:00:00,228.06473
2012-03-30 18:00:00,235.58475
2012-03-30 19:00:00,235.83524
2012-03-30 20:00:00,234.45474
2012-03-30 21:00:00,162.16142
2012-03-30 22:00:00,162.134
2012-03-30 23:00:00,165.60718
2012-03-31 00:00:00,141.55275
2012-03-31 01:00:00,242.75818
2012-03-31 02:00:00,237.3679
2012-03-31 03:00:00,156.85338
2012-03-31 04:00:00,176.65431
2012-03-31 05:00:00,164.9904
2012-03-31 06:00:00,153.89769
2012-03-31 07:00:00,153.89796
2012-03-31 08:00:00,153.16324
2012-03-31 09:00:00,242.76346
2012-03-31 10:00:00,213.34694
2012-03-31 11:00:00,165.58162
2012-03-31 12:00:00,151.39989
2012-03-31 13:00:00,300.7301
2012-03-31 14:00:00,245.06888
2012-03-31 15:00:00,270.86346
2012-03-31 16:00:00,236.2366
2012-03-31 17:00:00,228.26065
2012-03-31 18:00:00,279.8929
2012-03-31 19:00:00,220.54483
2012-03-31 20:00:00,249.2328
2012-03-31 21:00:00,249.23268
2012-03-31 22:00:00,221.90977
2012-03-31 23:00:00,123.72227
2012-04-20 00:00:00,215.60234
2012-04-20 01:00:00,304.62366
2012-04-20 02:00:00,347.64493
2012-04-20 03:00:00,330.97192
2012-04-20 04:00:00,296.26364
2012-04-20 05:00:00,200.69421
2012-04-20 06:00:00,286.8169
2012-04-20 07:00:00,200.69917
2012-04-20 08:00:00,217.79768
2012-04-20 09:00:00,284.0502
2012-04-20 10:00:00,331.62067
2012-04-20 11:00:00,262.59424
2012-04-20 12:00:00,322.7534
2012-04-20 13:00:00,531.86005
2012-04-20 14:00:00,461.08157
2012-04-20 15:00:00,417.37283
2012-04-20 16:00:00,465.63293
2012-04-20 17:00:00,417.42
2012-04-20 18:00:00,335.954
2012-04-20 19:00:00,354.73788
2012-04-20 20:00:00,318.67392
2012-04-20 21:00:00,241.04378
2012-04-20 22:00:00,286.26132
2012-04-20 23:00:00,226.66481
2012-04-21 00:00:00,203.30371
2012-04-21 01:00:00,203.30385
2012-04-21 02:00:00,174.07126
2012-04-21 03:00:00,214.6173
2012-04-21 04:00:00,203.9473
2012-04-21 05:00:00,203.9474
2012-04-21 06:00:00,214.61827
2012-04-21 07:00:00,208.4272
2012-04-21 08:00:00,211.19554
2012-04-21 09:00:00,188.8873
2012-04-21 10:00:00,368.0905
2012-04-21 11:00:00,369.1319
2012-04-21 12:00:00,397.963
2012-04-21 13:00:00,396.6584
2012-04-21 14:00:00,476.1084
2012-04-21 15:00:00,593.2231
2012-04-21 16:00:00,497.28482
2012-04-21 17:00:00,600.747
2012-04-21 18:00:00,354.0397
2012-04-21 19:00:00,221.91393
2012-04-21 20:00:00,186.98611
2012-04-21 21:00:00,184.67896
2012-04-21 22:00:00,214.5786
2012-04-21 23:00:00,299.78506
2012-04-22 00:00:00,291.24463
2012-04-22 01:00:00,285.02118
2012-04-22 02:00:00,154.09213
2012-04-22 03:00:00,298.6069
2012-04-22 04:00:00,253.98677
2012-04-22 05:00:00,266.11786
2012-04-22 06:00:00,248.40807
2012-04-22 07:00:00,173.99826
2012-04-22 08:00:00,175.34877
2012-04-22 09:00:00,175.34848
2012-04-22 10:00:00,178.50941
2012-04-22 11:00:00,172.02042
2012-04-22 12:00:00,174.1555
2012-04-22 13:00:00,178.93944
2012-04-22 14:00:00,174.15486
2012-04-22 15:00:00,175.31393
2012-04-22 16:00:00,176.69908
2012-04-22 17:00:00,113.2187
2012-04-22 18:00:00,113.218475
2012-04-22 19:00:00,149.44658
2012-04-22 20:00:00,115.36228
2012-04-22 21:00:00,130.86624
2012-04-22 22:00:00,151.97011
2012-04-22 23:00:00,142.63437
2012-04-23 00:00:00,113.07659
2012-04-23 01:00:00,115.50048
2012-04-23 02:00:00,171.07222
2012-04-23 03:00:00,239.11685
2012-04-23 04:00:00,107.1775
2012-04-23 05:00:00,107.177765
2012-04-23 06:00:00,197.53711
2012-04-23 07:00:00,107.92659
2012-04-23 08:00:00,220.94328
2012-04-23 09:00:00,208.87576
2012-04-23 10:00:00,281.20715
2012-04-23 11:00:00,280.3467
2012-04-23 12:00:00,205.9779
2012-04-23 13:00:00,284.40848
2012-04-23 14:00:00,319.173
2012-04-23 15:00:00,325.6235
2012-04-23 16:00:00,116.26977
2012-04-23 17:00:00,111.85257
2012-04-23 18:00:00,140.20906
2012-04-23 19:00:00,255.74222
2012-04-23 20:00:00,265.63412
2012-04-23 21:00:00,267.19684
2012-04-23 22:00:00,213.63829
2012-04-23 23:00:00,200.08006
2012-04-24 00:00:00,277.81854
2012-04-24 01:00:00,310.0293
2012-04-24 02:00:00,260.3242
2012-04-24 03:00:00,275.67792
2012-04-24 04:00:00,196.53238
2012-04-24 05:00:00,196.53671
2012-04-24 06:00:00,210.06706
2012-04-24 07:00:00,284.48737
2012-04-24 08:00:00,308.76974
2012-04-24 09:00:00,205.22018
2012-04-24 10:00:00,197.25485
2012-04-24 11:00:00,266.71686
2012-04-24 12:00:00,269.24246
2012-04-24 13:00:00,277.15265
2012-04-24 14:00:00,343.05774
2012-04-24 15:00:00,409.59863
2012-04-24 16:00:00,311.5931
2012-04-24 17:00:00,397.36212
2012-04-24 18:00:00,336.90216
2012-04-24 19:00:00,371.40738
2012-04-24 20:00:00,346.30835
2012-04-24 21:00:00,317.83557
2012-04-24 22:00:00,252.64735
2012-04-24 23:00:00,217.40047
2012-04-25 00:00:00,217.71066
2012-04-25 01:00:00,209.63835
2012-04-25 02:00:00,264.78577
2012-04-25 03:00:00,221.20209
2012-04-25 04:00:00,195.51096
2012-04-25 05:00:00,154.94292
2012-04-25 06:00:00,154.77821
2012-04-25 07:00:00,182.4164
2012-04-25 08:00:00,189.91568
2012-04-25 09:00:00,209.30719
2012-04-25 10:00:00,255.56778
2012-04-25 11:00:00,266.56546
2012-04-25 12:00:00,321.20047
2012-04-25 13:00:00,313.31137
2012-04-25 14:00:00,383.6133
2012-04-25 15:00:00,378.08054
2012-04-25 16:00:00,413.66693
2012-04-25 17:00:00,389.32208
2012-04-25 18:00:00,395.82794
2012-04-25 19:00:00,376.07297
2012-04-25 20:00:00,332.43515
2012-04-25 21:00:00,260.01303
2012-04-25 22:00:00,154.91095
2012-04-25 23:00:00,148.37402
2012-04-26 00:00:00,165.09018
2012-04-26 01:00:00,150.21814
2012-04-26 02:00:00,164.43056
2012-04-26 03:00:00,182.41222
2012-04-26 04:00:00,143.96722
2012-04-26 05:00:00,213.66507
2012-04-26 06:00:00,189.57332
2012-04-26 07:00:00,181.43768
2012-04-26 08:00:00,196.0992
2012-04-26 09:00:00,170.60532
2012-04-26 10:00:00,220.29408
2012-04-26 11:00:00,237.09326
2012-04-26 12:00:00,281.60168
2012-04-26 13:00:00,278.05505
2012-04-26 14:00:00,286.19824
2012-04-26 15:00:00,296.5939
2012-04-26 16:00:00,295.57056
2012-04-26 17:00:00,214.38997
2012-04-26 18:00:00,288.58456
2012-04-26 19:00:00,305.57074
2012-04-26 20:00:00,256.5515
2012-04-26 21:00:00,233.46587
2012-04-26 22:00:00,214.44582
2012-04-26 23:00:00,242.78305
2012-04-27 00:00:00,355.72095
2012-04-27 01:00:00,341.83148
2012-04-27 02:00:00,298.42145
2012-04-27 03:00:00,275.01276
2012-04-27 04:00:00,213.58751
2012-04-27 05:00:00,288.97128
2012-04-27 06:00:00,197.61218
2012-04-27 07:00:00,183.03052
2012-04-27 08:00:00,184.04959
2012-04-27 09:00:00,307.91663
2012-04-27 10:00:00,296.09882
2012-04-27 11:00:00,275.75903
2012-04-27 12:00:00,274.28275
2012-04-27 13:00:00,303.72458
2012-04-27 14:00:00,301.56427
2012-04-27 15:00:00,356.59985
2012-04-27 16:00:00,330.03918
2012-04-27 17:00:00,426.33762
2012-04-27 18:00:00,407.13434
2012-04-27 19:00:00,400.95117
2012-04-27 20:00:00,293.83795
2012-04-27 21:00:00,297.33215
2012-04-27 22:00:00,172.62157
2012-04-27 23:00:00,185.46407
2012-04-28 00:00:00,262.31677
2012-04-28 01:00:00,190.6057
2012-04-28 02:00:00,232.1653
2012-04-28 03:00:00,164.1555
2012-04-28 04:00:00,147.74821
2012-04-28 05:00:00,226.97853
2012-04-28 06:00:00,134.98843
2012-04-28 07:00:00,147.77913
2012-04-28 08:00:00,270.40866
2012-04-28 09:00:00,248.25735
2012-04-28 10:00:00,255.9146
2012-04-28 11:00:00,230.04556
2012-04-28 12:00:00,236.556
2012-04-28 13:00:00,236.069
2012-04-28 14:00:00,226.92035
2012-04-28 15:00:00,200.56711
2012-04-28 16:00:00,231.6614
2012-04-28 17:00:00,222.98323
2012-04-28 18:00:00,119.70794
2012-04-28 19:00:00,110.60802
2012-04-28 20:00:00,139.55772
2012-04-28 21:00:00,114.911644
2012-04-28 22:00:00,145.57222
2012-04-28 23:00:00,220.77654
2012-04-29 00:00:00,151.85143
2012-04-29 01:00:00,213.37814
2012-04-29 02:00:00,193.14134
2012-04-29 03:00:00,178.64595
2012-04-29 04:00:00,196.85912
2012-04-29 05:00:00,123.40248
2012-04-29 06:00:00,121.8824
2012-04-29 07:00:00,143.50421
2012-04-29 08:00:00,159.11093
2012-04-29 09:00:00,132.74457
2012-04-29 10:00:00,96.22331
2012-04-29 11:00:00,128.5879
2012-04-29 12:00:00,208.76102
2012-04-29 13:00:00,218.70316
2012-04-29 14:00:00,269.56686
2012-04-29 15:00:00,355.48932
2012-04-29 16:00:00,486.1808
2012-04-29 17:00:00,503.65805
2012-04-29 18:00:00,495.58807
2012-04-29 19:00:00,355.81403
2012-04-29 20:00:00,361.3487
2012-04-29 21:00:00,216.3974
2012-04-29 22:00:00,199.5473
2012-04-29 23:00:00,92.1171
2012-04-30 00:00:00,196.62831
2012-04-30 01:00:00,252.5565
2012-04-30 02:00:00,238.4787
2012-04-30 03:00:00,289.74167
2012-04-30 04:00:00,231.27434
2012-04-30 05:00:00,230.89755
2012-04-30 06:00:00,166.05792
2012-04-30 07:00:00,192.15309
2012-04-30 08:00:00,187.32034
2012-04-30 09:00:00,191.9184
2012-04-30 10:00:00,233.18593
2012-04-30 11:00:00,237.37688
2012-04-30 12:00:00,210.82579
2012-04-30 13:00:00,146.54457
2012-04-30 14:00:00,202.0538
2012-04-30 15:00:00,194.47595
2012-04-30 16:00:00,269.77014
2012-04-30 17:00:00,258.39847
2012-04-30 18:00:00,299.41562
2012-04-30 19:00:00,238.68634
2012-04-30 20:00:00,240.44873
2012-04-30 21:00:00,240.44954
2012-04-30 22:00:00,234.00494
2012-04-30 23:00:00,237.51144
2012-05-20 00:00:00,243.29112
2012-05-20 01:00:00,241.156
2012-05-20 02:00:00,241.1561
2012-05-20 03:00:00,149.21
2012-05-20 04:00:00,83.95934
2012-05-20 05:00:00,58.12208
2012-05-20 06:00:00,102.21444
2012-05-20 07:00:00,83.91152
2012-05-20 08:00:00,234.29004
2012-05-20 09:00:00,581.3822
2012-05-20 10:00:00,625.0772
2012-05-20 11:00:00,623.1102
2012-05-20 12:00:00,623.3967
2012-05-20 13:00:00,626.7225
2012-05-20 14:00:00,594.04443
2012-05-20 15:00:00,542.9375
2012-05-20 16:00:00,500.27634
2012-05-20 17:00:00,491.29886
2012-05-20 18:00:00,481.83282
2012-05-20 19:00:00,371.2378
2012-05-20 20:00:00,371.23727
2012-05-20 21:00:00,246.32307
2012-05-20 22:00:00,137.12688
2012-05-20 23:00:00,124.17841
2012-05-21 00:00:00,199.01013
2012-05-21 01:00:00,192.92879
2012-05-21 02:00:00,141.09778
2012-05-21 03:00:00,190.83153
2012-05-21 04:00:00,153.75014
2012-05-21 05:00:00,153.74991
2012-05-21 06:00:00,153.74966
2012-05-21 07:00:00,153.74944
2012-05-21 08:00:00,148.51048
2012-05-21 09:00:00,134.47559
2012-05-21 10:00:00,197.66902
2012-05-21 11:00:00,147.29594
2012-05-21 12:00:00,185.043
2012-05-21 13:00:00,211.37143
2012-05-21 14:00:00,136.2653
2012-05-21 15:00:00,303.67935
2012-05-21 16:00:00,237.43735
2012-05-21 17:00:00,441.31116
2012-05-21 18:00:00,289.8565
2012-05-21 19:00:00,430.2846
2012-05-21 20:00:00,268.75644
2012-05-21 21:00:00,237.20494
2012-05-21 22:00:00,180.00911
2012-05-21 23:00:00,165.90968
2012-05-22 00:00:00,138.4226
2012-05-22 01:00:00,155.36449
2012-05-22 02:00:00,196.55797
2012-05-22 03:00:00,196.55821
2012-05-22 04:00:00,126.84793
2012-05-22 05:00:00,81.6759
2012-05-22 06:00:00,106.57424
2012-05-22 07:00:00,106.57471
2012-05-22 08:00:00,117.53662
2012-05-22 09:00:00,167.80771
2012-05-22 10:00:00,187.56496
2012-05-22 11:00:00,267.7379
2012-05-22 12:00:00,184.40747
2012-05-22 13:00:00,273.26443
2012-05-22 14:00:00,283.0014
2012-05-22 15:00:00,440.93384
2012-05-22 16:00:00,454.8078
2012-05-22 17:00:00,467.7139
2012-05-22 18:00:00,436.83585
2012-05-22 19:00:00,447.47452
2012-05-22 20:00:00,274.06708
2012-05-22 21:00:00,140.11363
2012-05-22 22:00:00,170.9131
2012-05-22 23:00:00,159.12143
2012-05-23 00:00:00,136.62437
2012-05-23 01:00:00,71.73398
2012-05-23 02:00:00,109.77882
2012-05-23 03:00:00,131.79749
2012-05-23 04:00:00,87.28954
2012-05-23 05:00:00,113.46063
2012-05-23 06:00:00,223.3482
2012-05-23 07:00:00,170.24588
2012-05-23 08:00:00,170.24544
2012-05-23 09:00:00,236.53969
2012-05-23 10:00:00,214.04437
2012-05-23 11:00:00,291.32388
2012-05-23 12:00:00,380.52728
2012-05-23 13:00:00,359.92548
2012-05-23 14:00:00,441.2099
2012-05-23 15:00:00,392.0384
2012-05-23 16:00:00,414.82745
2012-05-23 17:00:00,284.39838
2012-05-23 18:00:00,284.39862
2012-05-23 19:00:00,135.14725
2012-05-23 20:00:00,218.02747
2012-05-23 21:00:00,287.61014
2012-05-23 22:00:00,135.14355
2012-05-23 23:00:00,153.36253
2012-05-24 00:00:00,255.52599
2012-05-24 01:00:00,315.53818
2012-05-24 02:00:00,306.04068
2012-05-24 03:00:00,157.23714
2012-05-24 04:00:00,92.682274
2012-05-24 05:00:00,92.68163
2012-05-24 06:00:00,92.68101
2012-05-24 07:00:00,198.40561
2012-05-24 08:00:00,146.42566
2012-05-24 09:00:00,116.769516
2012-05-24 10:00:00,302.88654
2012-05-24 11:00:00,387.78235
2012-05-24 12:00:00,447.53348
2012-05-24 13:00:00,569.4885
2012-05-24 14:00:00,566.1271
2012-05-24 15:00:00,536.0903
2012-05-24 16:00:00,513.37
2012-05-24 17:00:00,519.5348
2012-05-24 18:00:00,512.4274
2012-05-24 19:00:00,387.1242
2012-05-24 20:00:00,314.5035
2012-05-24 21:00:00,116.99638
2012-05-24 22:00:00,202.88828
2012-05-24 23:00:00,178.05183
2012-05-25 00:00:00,223.82191
2012-05-25 01:00:00,278.02267
2012-05-25 02:00:00,249.5586
2012-05-25 03:00:00,159.48094
2012-05-25 04:00:00,222.9298
2012-05-25 05:00:00,176.00414
2012-05-25 06:00:00,159.48102
2012-05-25 07:00:00,131.03792
2012-05-25 08:00:00,190.06108
2012-05-25 09:00:00,190.85025
2012-05-25 10:00:00,352.20187
2012-05-25 11:00:00,360.3437
2012-05-25 12:00:00,427.24487
2012-05-25 13:00:00,353.2217
2012-05-25 14:00:00,368.15378
2012-05-25 15:00:00,364.51984
2012-05-25 16:00:00,547.98486
2012-05-25 17:00:00,395.03555
2012-05-25 18:00:00,365.4396
2012-05-25 19:00:00,392.80466
2012-05-25 20:00:00,396.37308
2012-05-25 21:00:00,434.41238
2012-05-25 22:00:00,342.48264
2012-05-25 23:00:00,296.69138
2012-05-26 00:00:00,129.92702
2012-05-26 01:00:00,179.45453
2012-05-26 02:00:00,170.66946
2012-05-26 03:00:00,133.10007
2012-05-26 04:00:00,121.25903
2012-05-26 05:00:00,100.59551
2012-05-26 06:00:00,92.63855
2012-05-26 07:00:00,141.47885
2012-05-26 08:00:00,166.32584
2012-05-26 09:00:00,126.30421
2012-05-26 10:00:00,373.0141
2012-05-26 11:00:00,374.5463
2012-05-26 12:00:00,395.9802
2012-05-26 13:00:00,389.21176
2012-05-26 14:00:00,418.1669
2012-05-26 15:00:00,412.06085
2012-05-26 16:00:00,535.2566
2012-05-26 17:00:00,416.3844
2012-05-26 18:00:00,425.58298
2012-05-26 19:00:00,362.00507
2012-05-26 20:00:00,421.8623
2012-05-26 21:00:00,374.3425
2012-05-26 22:00:00,385.95328
2012-05-26 23:00:00,385.95328
2012-05-27 00:00:00,343.75134
2012-05-27 01:00:00,339.63553
2012-05-27 02:00:00,250.39345
2012-05-27 03:00:00,243.30849
2012-05-27 04:00:00,98.78499
2012-05-27 05:00:00,98.78532
2012-05-27 06:00:00,102.366264
2012-05-27 07:00:00,98.55808
2012-05-27 08:00:00,133.67064
2012-05-27 09:00:00,225.82114
2012-05-27 10:00:00,362.11075
2012-05-27 11:00:00,431.8556
2012-05-27 12:00:00,401.75275
2012-05-27 13:00:00,425.14658
2012-05-27 14:00:00,428.78888
2012-05-27 15:00:00,513.0602
2012-05-27 16:00:00,513.0605
2012-05-27 17:00:00,492.6351
2012-05-27 18:00:00,419.251
2012-05-27 19:00:00,425.0552
2012-05-27 20:00:00,550.9946
2012-05-27 21:00:00,320.35187
2012-05-27 22:00:00,166.4646
2012-05-27 23:00:00,114.04556
2012-05-28 00:00:00,144.40495
2012-05-28 01:00:00,168.51141
2012-05-28 02:00:00,139.45364
2012-05-28 03:00:00,141.44753
2012-05-28 04:00:00,105.17925
2012-05-28 05:00:00,105.17903
2012-05-28 06:00:00,141.44548
2012-05-28 07:00:00,158.11264
2012-05-28 08:00:00,349.95505
2012-05-28 09:00:00,438.33624
2012-05-28 10:00:00,438.33774
2012-05-28 11:00:00,454.77487
2012-05-28 12:00:00,365.94543
2012-05-28 13:00:00,420.279
2012-05-28 14:00:00,420.28052
2012-05-28 15:00:00,444.5263
2012-05-28 16:00:00,443.2437
2012-05-28 17:00:00,444.52975
2012-05-28 18:00:00,423.73062
2012-05-28 19:00:00,480.66226
2012-05-28 20:00:00,389.2187
2012-05-28 21:00:00,379.11237
2012-05-28 22:00:00,366.9871
2012-05-28 23:00:00,387.76236
2012-05-29 00:00:00,438.04868
2012-05-29 01:00:00,436.9625
2012-05-29 02:00:00,391.74036
2012-05-29 03:00:00,382.46796
2012-05-29 04:00:00,293.53415
2012-05-29 05:00:00,293.53384
2012-05-29 06:00:00,293.53354
2012-05-29 07:00:00,293.31915
2012-05-29 08:00:00,434.14395
2012-05-29 09:00:00,457.50354
2012-05-29 10:00:00,336.54517
2012-05-29 11:00:00,378.49258
2012-05-29 12:00:00,497.27112
2012-05-29 13:00:00,479.8383
2012-05-29 14:00:00,474.1464
2012-05-29 15:00:00,435.08307
2012-05-29 16:00:00,452.55145
2012-05-29 17:00:00,494.9378
2012-05-29 18:00:00,461.32654
2012-05-29 19:00:00,497.23337
2012-05-29 20:00:00,327.28403
2012-05-29 21:00:00,121.08897
2012-05-29 22:00:00,188.9243
2012-05-29 23:00:00,162.82059
2012-05-30 00:00:00,135.4824
2012-05-30 01:00:00,110.92067
2012-05-30 02:00:00,162.27534
2012-05-30 03:00:00,112.80901
2012-05-30 04:00:00,135.65346
2012-05-30 05:00:00,127.445404
2012-05-30 06:00:00,114.314
2012-05-30 07:00:00,89.256035
2012-05-30 08:00:00,144.16321
2012-05-30 09:00:00,238.18175
2012-05-30 10:00:00,201.98546
2012-05-30 11:00:00,369.55695
2012-05-30 12:00:00,404.4467
2012-05-30 13:00:00,445.5402
2012-05-30 14:00:00,471.82693
2012-05-30 15:00:00,533.5523
2012-05-30 16:00:00,552.66547
2012-05-30 17:00:00,489.4423
2012-05-30 18:00:00,559.8958
2012-05-30 19:00:00,561.63245
2012-05-30 20:00:00,265.66342
2012-05-30 21:00:00,422.3397
2012-05-30 22:00:00,399.48715
2012-05-30 23:00:00,400.60825
2012-05-31 00:00:00,274.36874
2012-05-31 01:00:00,285.61642
2012-05-31 02:00:00,291.00067
2012-05-31 03:00:00,230.77432
2012-05-31 04:00:00,212.96172
2012-05-31 05:00:00,220.78625
2012-05-31 06:00:00,63.543865
2012-05-31 07:00:00,192.01828
2012-05-31 08:00:00,318.0953
2012-05-31 09:00:00,363.7094
2012-05-31 10:00:00,480.83047
2012-05-31 11:00:00,469.90115
2012-05-31 12:00:00,488.92844
2012-05-31 13:00:00,548.31635
2012-05-31 14:00:00,559.5256
2012-05-31 15:00:00,538.4491
2012-05-31 16:00:00,532.087
2012-05-31 17:00:00,582.20337
2012-05-31 18:00:00,548.708
2012-05-31 19:00:00,568.1858
2012-05-31 20:00:00,424.90375
2012-05-31 21:00:00,424.90466
2012-05-31 22:00:00,382.3335
2012-05-31 23:00:00,342.8578
2012-06-20 00:00:00,264.83978
2012-06-20 01:00:00,298.9415
2012-06-20 02:00:00,277.3818
2012-06-20 03:00:00,242.44215
2012-06-20 04:00:00,207.92842
2012-06-20 05:00:00,207.9282
2012-06-20 06:00:00,287.0092
2012-06-20 07:00:00,313.8576
2012-06-20 08:00:00,203.59198
2012-06-20 09:00:00,227.90265
2012-06-20 10:00:00,576.49115
2012-06-20 11:00:00,585.1018
2012-06-20 12:00:00,512.05963
2012-06-20 13:00:00,462.51965
2012-06-20 14:00:00,485.19485
2012-06-20 15:00:00,498.13934
2012-06-20 16:00:00,473.2791
2012-06-20 17:00:00,482.32355
2012-06-20 18:00:00,482.32623
2012-06-20 19:00:00,479.06125
2012-06-20 20:00:00,522.911
2012-06-20 21:00:00,468.07904
2012-06-20 22:00:00,493.35724
2012-06-20 23:00:00,293.7367
2012-06-21 00:00:00,322.00867
2012-06-21 01:00:00,217.71481
2012-06-21 02:00:00,226.8304
2012-06-21 03:00:00,185.26086
2012-06-21 04:00:00,302.1531
2012-06-21 05:00:00,278.09137
2012-06-21 06:00:00,191.2762
2012-06-21 07:00:00,191.2758
2012-06-21 08:00:00,236.95634
2012-06-21 09:00:00,552.909
2012-06-21 10:00:00,468.49478
2012-06-21 11:00:00,555.6227
2012-06-21 12:00:00,527.8192
2012-06-21 13:00:00,518.0773
2012-06-21 14:00:00,519.86725
2012-06-21 15:00:00,528.9673
2012-06-21 16:00:00,526.1439
2012-06-21 17:00:00,502.86377
2012-06-21 18:00:00,548.16724
2012-06-21 19:00:00,500.22504
2012-06-21 20:00:00,493.53848
2012-06-21 21:00:00,548.0382
2012-06-21 22:00:00,338.06
2012-06-21 23:00:00,354.0894
2012-06-22 00:00:00,257.2322
2012-06-22 01:00:00,210.35626
2012-06-22 02:00:00,174.57397
2012-06-22 03:00:00,174.57413
2012-06-22 04:00:00,282.69635
2012-06-22 05:00:00,232.11453
2012-06-22 06:00:00,243.40884
2012-06-22 07:00:00,296.1659
2012-06-22 08:00:00,481.3568
2012-06-22 09:00:00,358.62753
2012-06-22 10:00:00,497.4054
2012-06-22 11:00:00,535.62494
2012-06-22 12:00:00,464.02902
2012-06-22 13:00:00,517.0107
2012-06-22 14:00:00,517.0141
2012-06-22 15:00:00,511.89853
2012-06-22 16:00:00,520.87213
2012-06-22 17:00:00,550.2405
2012-06-22 18:00:00,439.05182
2012-06-22 19:00:00,372.80145
2012-06-22 20:00:00,372.8024
2012-06-22 21:00:00,305.38925
2012-06-22 22:00:00,230.25711
2012-06-22 23:00:00,229.65344
2012-06-23 00:00:00,205.87408
2012-06-23 01:00:00,201.5209
2012-06-23 02:00:00,224.36685
2012-06-23 03:00:00,233.12012
2012-06-23 04:00:00,234.1375
2012-06-23 05:00:00,224.3651
2012-06-23 06:00:00,180.82048
2012-06-23 07:00:00,158.28107
2012-06-23 08:00:00,269.54382
2012-06-23 09:00:00,294.7928
2012-06-23 10:00:00,518.696
2012-06-23 11:00:00,536.41327
2012-06-23 12:00:00,534.99615
2012-06-23 13:00:00,566.3061
2012-06-23 14:00:00,598.4813
2012-06-23 15:00:00,556.5611
2012-06-23 16:00:00,561.9964
2012-06-23 17:00:00,561.63544
2012-06-23 18:00:00,567.94025
2012-06-23 19:00:00,583.64246
2012-06-23 20:00:00,605.4662
2012-06-23 21:00:00,601.06866
2012-06-23 22:00:00,586.1467
2012-06-23 23:00:00,469.4083
2012-06-24 00:00:00,455.40604
2012-06-24 01:00:00,283.12317
2012-06-24 02:00:00,321.11493
2012-06-24 03:00:00,258.1849
2012-06-24 04:00:00,287.27237
2012-06-24 05:00:00,166.13385
2012-06-24 06:00:00,188.74866
2012-06-24 07:00:00,167.97852
2012-06-24 08:00:00,341.0298
2012-06-24 09:00:00,477.38602
2012-06-24 10:00:00,552.2949
2012-06-24 11:00:00,558.2131
2012-06-24 12:00:00,576.63715
2012-06-24 13:00:00,583.24835
2012-06-24 14:00:00,553.28784
2012-06-24 15:00:00,537.90814
2012-06-24 16:00:00,550.72565
2012-06-24 17:00:00,550.1541
2012-06-24 18:00:00,555.89905
2012-06-24 19:00:00,581.2097
2012-06-24 20:00:00,512.0401
2012-06-24 21:00:00,503.1593
2012-06-24 22:00:00,487.45206
2012-06-24 23:00:00,350.5072
2012-06-25 00:00:00,288.79126
2012-06-25 01:00:00,313.16235
2012-06-25 02:00:00,331.63495
2012-06-25 03:00:00,379.61987
2012-06-25 04:00:00,488.99564
2012-06-25 05:00:00,485.3204
2012-06-25 06:00:00,484.6795
2012-06-25 07:00:00,465.5024
2012-06-25 08:00:00,365.5943
2012-06-25 09:00:00,251.94641
2012-06-25 10:00:00,618.19965
2012-06-25 11:00:00,519.6795
2012-06-25 12:00:00,423.4648
2012-06-25 13:00:00,544.2576
2012-06-25 14:00:00,542.42194
2012-06-25 15:00:00,637.5906
2012-06-25 16:00:00,595.91895
2012-06-25 17:00:00,644.748
2012-06-25 18:00:00,637.6358
2012-06-25 19:00:00,633.93317
2012-06-25 20:00:00,645.93
2012-06-25 21:00:00,552.55493
2012-06-25 22:00:00,517.2108
2012-06-25 23:00:00,542.8391
2012-06-26 00:00:00,474.26572
2012-06-26 01:00:00,437.41727
2012-06-26 02:00:00,376.5466
2012-06-26 03:00:00,371.844
2012-06-26 04:00:00,390.64038
2012-06-26 05:00:00,295.53354
2012-06-26 06:00:00,165.24364
2012-06-26 07:00:00,195.26315
2012-06-26 08:00:00,309.32547
2012-06-26 09:00:00,409.61102
2012-06-26 10:00:00,454.6178
2012-06-26 11:00:00,530.1626
2012-06-26 12:00:00,568.9785
2012-06-26 13:00:00,619.1776
2012-06-26 14:00:00,619.1795
2012-06-26 15:00:00,623.46405
2012-06-26 16:00:00,606.09595
2012-06-26 17:00:00,607.5714
2012-06-26 18:00:00,604.1651
2012-06-26 19:00:00,580.2534
2012-06-26 20:00:00,586.45294
2012-06-26 21:00:00,555.57904
2012-06-26 22:00:00,535.62665
2012-06-26 23:00:00,419.12784
2012-06-27 00:00:00,428.37158
2012-06-27 01:00:00,426.44916
2012-06-27 02:00:00,321.12872
2012-06-27 03:00:00,335.6406
2012-06-27 04:00:00,436.10117
2012-06-27 05:00:00,421.51865
2012-06-27 06:00:00,403.2191
2012-06-27 07:00:00,420.1942
2012-06-27 08:00:00,413.91077
2012-06-27 09:00:00,500.95245
2012-06-27 10:00:00,549.13776
2012-06-27 11:00:00,629.8388
2012-06-27 12:00:00,610.34607
2012-06-27 13:00:00,610.4362
2012-06-27 14:00:00,617.7643
2012-06-27 15:00:00,606.9066
2012-06-27 16:00:00,606.56354
2012-06-27 17:00:00,608.5573
2012-06-27 18:00:00,610.4509
2012-06-27 19:00:00,612.9985
2012-06-27 20:00:00,619.57025
2012-06-27 21:00:00,568.3299
2012-06-27 22:00:00,451.18594
2012-06-27 23:00:00,394.96307
2012-06-28 00:00:00,372.0179
2012-06-28 01:00:00,344.27002
2012-06-28 02:00:00,363.93008
2012-06-28 03:00:00,363.93015
2012-06-28 04:00:00,237.41634
2012-06-28 05:00:00,300.2957
2012-06-28 06:00:00,300.29633
2012-06-28 07:00:00,237.42056
2012-06-28 08:00:00,375.4223
2012-06-28 09:00:00,428.6351
2012-06-28 10:00:00,504.7647
2012-06-28 11:00:00,591.9404
2012-06-28 12:00:00,528.55
2012-06-28 13:00:00,523.7231
2012-06-28 14:00:00,538.0745
2012-06-28 15:00:00,538.0772
2012-06-28 16:00:00,526.4431
2012-06-28 17:00:00,518.26587
2012-06-28 18:00:00,537.53076
2012-06-28 19:00:00,541.9642
2012-06-28 20:00:00,581.27277
2012-06-28 21:00:00,497.64944
2012-06-28 22:00:00,486.23145
2012-06-28 23:00:00,467.51648
2012-06-29 00:00:00,450.13953
2012-06-29 01:00:00,459.7581
2012-06-29 02:00:00,229.01596
2012-06-29 03:00:00,229.01584
2012-06-29 04:00:00,231.32697
2012-06-29 05:00:00,209.57468
2012-06-29 06:00:00,210.82396
2012-06-29 07:00:00,209.57414
2012-06-29 08:00:00,358.91534
2012-06-29 09:00:00,479.1956
2012-06-29 10:00:00,501.72818
2012-06-29 11:00:00,472.35934
2012-06-29 12:00:00,461.9854
2012-06-29 13:00:00,496.88525
2012-06-29 14:00:00,485.72327
2012-06-29 15:00:00,476.24112
2012-06-29 16:00:00,476.2423
2012-06-29 17:00:00,486.98557
2012-06-29 18:00:00,480.75623
2012-06-29 19:00:00,457.54175
2012-06-29 20:00:00,468.08215
2012-06-29 21:00:00,393.0408
2012-06-29 22:00:00,318.98282
2012-06-29 23:00:00,318.98257
2012-06-30 00:00:00,145.2143
2012-06-30 01:00:00,140.37506
2012-06-30 02:00:00,235.13124
2012-06-30 03:00:00,235.13135
2012-06-30 04:00:00,147.04495
2012-06-30 05:00:00,149.70863
2012-06-30 06:00:00,149.70886
2012-06-30 07:00:00,149.70909
2012-06-30 08:00:00,149.70932
2012-06-30 09:00:00,149.70955
2012-06-30 10:00:00,520.8864
2012-06-30 11:00:00,520.8865
2012-06-30 12:00:00,520.9982
2012-06-30 13:00:00,520.9983
2012-06-30 14:00:00,520.99835
2012-06-30 15:00:00,520.99835
2012-06-30 16:00:00,512.8292
2012-06-30 17:00:00,514.1507
2012-06-30 18:00:00,514.7989
2012-06-30 19:00:00,488.05334
2012-06-30 20:00:00,514.9628
2012-06-30 21:00:00,514.96375
2012-06-30 22:00:00,292.45093
2012-06-30 23:00:00,303.7457
2012-07-20 00:00:00,210.60585
2012-07-20 01:00:00,286.47852
2012-07-20 02:00:00,284.1959
2012-07-20 03:00:00,250.42168
2012-07-20 04:00:00,208.29169
2012-07-20 05:00:00,256.66757
2012-07-20 06:00:00,208.29358
2012-07-20 07:00:00,231.31622
2012-07-20 08:00:00,56.160404
2012-07-20 09:00:00,76.46747
2012-07-20 10:00:00,93.36551
2012-07-20 11:00:00,129.10788
2012-07-20 12:00:00,116.64364
2012-07-20 13:00:00,112.479515
2012-07-20 14:00:00,94.745415
2012-07-20 15:00:00,90.60629
2012-07-20 16:00:00,129.5606
2012-07-20 17:00:00,220.43454
2012-07-20 18:00:00,198.45908
2012-07-20 19:00:00,221.86278
2012-07-20 20:00:00,116.220474
2012-07-20 21:00:00,137.98598
2012-07-20 22:00:00,319.39136
2012-07-20 23:00:00,277.3176
2012-07-21 00:00:00,114.4766
2012-07-21 01:00:00,118.256294
2012-07-21 02:00:00,122.34221
2012-07-21 03:00:00,116.90819
2012-07-21 04:00:00,135.52237
2012-07-21 05:00:00,128.21179
2012-07-21 06:00:00,128.2714
2012-07-21 07:00:00,132.20287
2012-07-21 08:00:00,130.13747
2012-07-21 09:00:00,134.77257
2012-07-21 10:00:00,128.36787
2012-07-21 11:00:00,113.03759
2012-07-21 12:00:00,108.07783
2012-07-21 13:00:00,103.926025
2012-07-21 14:00:00,120.028755
2012-07-21 15:00:00,115.65986
2012-07-21 16:00:00,104.87222
2012-07-21 17:00:00,99.55307
2012-07-21 18:00:00,117.56574
2012-07-21 19:00:00,121.58093
2012-07-21 20:00:00,99.552925
2012-07-21 21:00:00,121.58179
2012-07-21 22:00:00,144.46559
2012-07-21 23:00:00,156.76099
2012-07-22 00:00:00,146.96779
2012-07-22 01:00:00,127.87938
2012-07-22 02:00:00,146.96867
2012-07-22 03:00:00,146.96913
2012-07-22 04:00:00,132.6862
2012-07-22 05:00:00,132.57994
2012-07-22 06:00:00,150.87807
2012-07-22 07:00:00,147.12929
2012-07-22 08:00:00,174.63007
2012-07-22 09:00:00,172.31058
2012-07-22 10:00:00,174.71664
2012-07-22 11:00:00,174.71782
2012-07-22 12:00:00,129.73277
2012-07-22 13:00:00,186.83194
2012-07-22 14:00:00,191.06364
2012-07-22 15:00:00,191.06331
2012-07-22 16:00:00,230.2789
2012-07-22 17:00:00,323.57736
2012-07-22 18:00:00,303.53824
2012-07-22 19:00:00,109.364426
2012-07-22 20:00:00,121.90958
2012-07-22 21:00:00,98.235634
2012-07-22 22:00:00,122.30485
2012-07-22 23:00:00,113.54384
2012-07-23 00:00:00,420.15182
2012-07-23 01:00:00,262.71384
2012-07-23 02:00:00,401.9297
2012-07-23 03:00:00,401.9556
2012-07-23 04:00:00,424.8634
2012-07-23 05:00:00,424.86624
2012-07-23 06:00:00,55.285767
2012-07-23 07:00:00,115.81877
2012-07-23 08:00:00,111.77421
2012-07-23 09:00:00,267.81097
2012-07-23 10:00:00,292.39822
2012-07-23 11:00:00,312.1791
2012-07-23 12:00:00,312.2361
2012-07-23 13:00:00,313.55463
2012-07-23 14:00:00,457.79257
2012-07-23 15:00:00,403.98627
2012-07-23 16:00:00,416.07272
2012-07-23 17:00:00,416.07526
2012-07-23 18:00:00,448.53833
2012-07-23 19:00:00,435.5125
2012-07-23 20:00:00,399.08597
2012-07-23 21:00:00,447.63232
2012-07-23 22:00:00,419.2016
2012-07-23 23:00:00,207.4646
2012-07-24 00:00:00,132.97852
2012-07-24 01:00:00,110.92791
2012-07-24 02:00:00,152.86147
2012-07-24 03:00:00,152.88248
2012-07-24 04:00:00,164.46838
2012-07-24 05:00:00,158.23119
2012-07-24 06:00:00,182.31456
2012-07-24 07:00:00,153.22847
2012-07-24 08:00:00,333.9311
2012-07-24 09:00:00,450.51187
2012-07-24 10:00:00,519.89044
2012-07-24 11:00:00,420.87927
2012-07-24 12:00:00,460.67065
2012-07-24 13:00:00,408.34787
2012-07-24 14:00:00,370.88632
2012-07-24 15:00:00,410.14557
2012-07-24 16:00:00,409.28867
2012-07-24 17:00:00,428.31198
2012-07-24 18:00:00,429.93506
2012-07-24 19:00:00,453.30176
2012-07-24 20:00:00,354.315
2012-07-24 21:00:00,368.71964
2012-07-24 22:00:00,380.53656
2012-07-24 23:00:00,423.44006
2012-07-25 00:00:00,250.30522
2012-07-25 01:00:00,219.70096
2012-07-25 02:00:00,197.45181
2012-07-25 03:00:00,173.11848
2012-07-25 04:00:00,181.59924
2012-07-25 05:00:00,146.84256
2012-07-25 06:00:00,154.41968
2012-07-25 07:00:00,395.38678
2012-07-25 08:00:00,482.2095
2012-07-25 09:00:00,570.483
2012-07-25 10:00:00,445.23898
2012-07-25 11:00:00,476.8554
2012-07-25 12:00:00,476.8565
2012-07-25 13:00:00,558.18
2012-07-25 14:00:00,559.89417
2012-07-25 15:00:00,519.17114
2012-07-25 16:00:00,561.6352
2012-07-25 17:00:00,551.1027
2012-07-25 18:00:00,573.1485
2012-07-25 19:00:00,550.33875
2012-07-25 20:00:00,513.76654
2012-07-25 21:00:00,413.17084
2012-07-25 22:00:00,204.7333
2012-07-25 23:00:00,288.73718
2012-07-26 00:00:00,144.92046
2012-07-26 01:00:00,176.71954
2012-07-26 02:00:00,156.69652
2012-07-26 03:00:00,155.065
2012-07-26 04:00:00,148.61598
2012-07-26 05:00:00,148.61671
2012-07-26 06:00:00,229.57834
2012-07-26 07:00:00,127.60755
2012-07-26 08:00:00,112.46241
2012-07-26 09:00:00,103.11043
2012-07-26 10:00:00,294.86697
2012-07-26 11:00:00,433.61804
2012-07-26 12:00:00,461.2633
2012-07-26 13:00:00,431.97638
2012-07-26 14:00:00,396.29416
2012-07-26 15:00:00,487.06863
2012-07-26 16:00:00,461.9575
2012-07-26 17:00:00,397.289
2012-07-26 18:00:00,492.83884
2012-07-26 19:00:00,412.08148
2012-07-26 20:00:00,411.3729
2012-07-26 21:00:00,464.12036
2012-07-26 22:00:00,464.12085
2012-07-26 23:00:00,114.999466
2012-07-27 00:00:00,99.58632
2012-07-27 01:00:00,87.744934
2012-07-27 02:00:00,68.954056
2012-07-27 03:00:00,108.85747
2012-07-27 04:00:00,77.41633
2012-07-27 05:00:00,86.53658
2012-07-27 06:00:00,77.416664
2012-07-27 07:00:00,78.34278
2012-07-27 08:00:00,199.23595
2012-07-27 09:00:00,450.88776
2012-07-27 10:00:00,416.10928
2012-07-27 11:00:00,466.477
2012-07-27 12:00:00,409.8899
2012-07-27 13:00:00,464.78122
2012-07-27 14:00:00,414.90234
2012-07-27 15:00:00,582.2099
2012-07-27 16:00:00,476.815
2012-07-27 17:00:00,584.7396
2012-07-27 18:00:00,471.94678
2012-07-27 19:00:00,450.3759
2012-07-27 20:00:00,364.13705
2012-07-27 21:00:00,364.11392
2012-07-27 22:00:00,378.24356
2012-07-27 23:00:00,185.29114
2012-07-28 00:00:00,370.49594
2012-07-28 01:00:00,122.05042
2012-07-28 02:00:00,121.86288
2012-07-28 03:00:00,121.86312
2012-07-28 04:00:00,110.155495
2012-07-28 05:00:00,105.56326
2012-07-28 06:00:00,119.954926
2012-07-28 07:00:00,108.625626
2012-07-28 08:00:00,320.9586
2012-07-28 09:00:00,405.1282
2012-07-28 10:00:00,482.2329
2012-07-28 11:00:00,585.80273
2012-07-28 12:00:00,593.77484
2012-07-28 13:00:00,589.44086
2012-07-28 14:00:00,585.61774
2012-07-28 15:00:00,536.00806
2012-07-28 16:00:00,588.0714
2012-07-28 17:00:00,506.02173
2012-07-28 18:00:00,531.27997
2012-07-28 19:00:00,88.532906
2012-07-28 20:00:00,122.31377
2012-07-28 21:00:00,118.503265
2012-07-28 22:00:00,118.50366
2012-07-28 23:00:00,112.115295
2012-07-29 00:00:00,168.30338
2012-07-29 01:00:00,105.55368
2012-07-29 02:00:00,120.664795
2012-07-29 03:00:00,137.24426
2012-07-29 04:00:00,120.317696
2012-07-29 05:00:00,97.984085
2012-07-29 06:00:00,114.95424
2012-07-29 07:00:00,146.9428
2012-07-29 08:00:00,221.54808
2012-07-29 09:00:00,260.1995
2012-07-29 10:00:00,329.6625
2012-07-29 11:00:00,465.4377
2012-07-29 12:00:00,457.22607
2012-07-29 13:00:00,498.86014
2012-07-29 14:00:00,505.09906
2012-07-29 15:00:00,519.3891
2012-07-29 16:00:00,519.3895
2012-07-29 17:00:00,593.8795
2012-07-29 18:00:00,580.19293
2012-07-29 19:00:00,473.66852
2012-07-29 20:00:00,239.24515
2012-07-29 21:00:00,104.21718
2012-07-29 22:00:00,111.90592
2012-07-29 23:00:00,127.88016
2012-07-30 00:00:00,154.71329
2012-07-30 01:00:00,163.56406
2012-07-30 02:00:00,136.08658
2012-07-30 03:00:00,151.4716
2012-07-30 04:00:00,151.4736
2012-07-30 05:00:00,137.21057
2012-07-30 06:00:00,140.82452
2012-07-30 07:00:00,116.331184
2012-07-30 08:00:00,126.10738
2012-07-30 09:00:00,276.42285
2012-07-30 10:00:00,404.51404
2012-07-30 11:00:00,337.09213
2012-07-30 12:00:00,402.1661
2012-07-30 13:00:00,420.3221
2012-07-30 14:00:00,426.72983
2012-07-30 15:00:00,420.56863
2012-07-30 16:00:00,386.83316
2012-07-30 17:00:00,380.74597
2012-07-30 18:00:00,398.33212
2012-07-30 19:00:00,417.86862
2012-07-30 20:00:00,149.61824
2012-07-30 21:00:00,131.70775
2012-07-30 22:00:00,113.85605
2012-07-30 23:00:00,135.09341
2012-07-31 00:00:00,104.59471
2012-07-31 01:00:00,158.05573
2012-07-31 02:00:00,158.15092
2012-07-31 03:00:00,147.11066
2012-07-31 04:00:00,147.26512
2012-07-31 05:00:00,135.2807
2012-07-31 06:00:00,169.48332
2012-07-31 07:00:00,117.92142
2012-07-31 08:00:00,108.317444
2012-07-31 09:00:00,77.08517
2012-07-31 10:00:00,146.65636
2012-07-31 11:00:00,246.2655
2012-07-31 12:00:00,444.10098
2012-07-31 13:00:00,389.05566
2012-07-31 14:00:00,388.71658
2012-07-31 15:00:00,409.44043
2012-07-31 16:00:00,437.2474
2012-07-31 17:00:00,458.73648
2012-07-31 18:00:00,359.42435
2012-07-31 19:00:00,476.69458
2012-07-31 20:00:00,215.32745
2012-07-31 21:00:00,115.30852
2012-07-31 22:00:00,152.20956
2012-07-31 23:00:00,114.263885
2012-08-20 00:00:00,365.85794
2012-08-20 01:00:00,272.66434
2012-08-20 02:00:00,272.66977
2012-08-20 03:00:00,296.70248
2012-08-20 04:00:00,380.95007
2012-08-20 05:00:00,323.5831
2012-08-20 06:00:00,362.80942
2012-08-20 07:00:00,370.63104
2012-08-20 08:00:00,303.47308
2012-08-20 09:00:00,285.95053
2012-08-20 10:00:00,304.53943
2012-08-20 11:00:00,326.78607
2012-08-20 12:00:00,335.29926
2012-08-20 13:00:00,382.54895
2012-08-20 14:00:00,475.82352
2012-08-20 15:00:00,515.4633
2012-08-20 16:00:00,515.46326
2012-08-20 17:00:00,461.97464
2012-08-20 18:00:00,328.0658
2012-08-20 19:00:00,346.52496
2012-08-20 20:00:00,293.56705
2012-08-20 21:00:00,389.8017
2012-08-20 22:00:00,323.743
2012-08-20 23:00:00,323.74106
2012-08-21 00:00:00,377.83087
2012-08-21 01:00:00,385.2776
2012-08-21 02:00:00,224.9829
2012-08-21 03:00:00,261.9171
2012-08-21 04:00:00,261.92087
2012-08-21 05:00:00,288.39673
2012-08-21 06:00:00,274.5293
2012-08-21 07:00:00,313.54755
2012-08-21 08:00:00,339.85114
2012-08-21 09:00:00,328.50235
2012-08-21 10:00:00,353.08447
2012-08-21 11:00:00,391.4805
2012-08-21 12:00:00,409.83432
2012-08-21 13:00:00,435.46533
2012-08-21 14:00:00,489.0922
2012-08-21 15:00:00,476.82114
2012-08-21 16:00:00,476.8233
2012-08-21 17:00:00,475.91925
2012-08-21 18:00:00,470.33218
2012-08-21 19:00:00,187.97789
2012-08-21 20:00:00,357.0586
2012-08-21 21:00:00,357.06088
2012-08-21 22:00:00,320.54352
2012-08-21 23:00:00,339.93024
2012-08-22 00:00:00,278.28342
2012-08-22 01:00:00,245.50081
2012-08-22 02:00:00,245.50421
2012-08-22 03:00:00,245.50761
2012-08-22 04:00:00,285.95148
2012-08-22 05:00:00,286.5704
2012-08-22 06:00:00,378.26154
2012-08-22 07:00:00,245.7418
2012-08-22 08:00:00,375.88016
2012-08-22 09:00:00,334.85315
2012-08-22 10:00:00,311.98804
2012-08-22 11:00:00,297.90588
2012-08-22 12:00:00,396.6192
2012-08-22 13:00:00,385.7824
2012-08-22 14:00:00,407.29214
2012-08-22 15:00:00,402.8704
2012-08-22 16:00:00,503.9582
2012-08-22 17:00:00,503.9596
2012-08-22 18:00:00,473.77667
2012-08-22 19:00:00,275.92007
2012-08-22 20:00:00,440.5467
2012-08-22 21:00:00,323.68063
2012-08-22 22:00:00,323.68533
2012-08-22 23:00:00,297.58948
2012-08-23 00:00:00,236.25467
2012-08-23 01:00:00,274.891
2012-08-23 02:00:00,274.89368
2012-08-23 03:00:00,231.93477
2012-08-23 04:00:00,274.89902
2012-08-23 05:00:00,274.90167
2012-08-23 06:00:00,333.59982
2012-08-23 07:00:00,352.19458
2012-08-23 08:00:00,285.52853
2012-08-23 09:00:00,332.7427
2012-08-23 10:00:00,302.93652
2012-08-23 11:00:00,365.08563
2012-08-23 12:00:00,547.5269
2012-08-23 13:00:00,614.31006
2012-08-23 14:00:00,505.54282
2012-08-23 15:00:00,398.1898
2012-08-23 16:00:00,404.85657
2012-08-23 17:00:00,508.2472
2012-08-23 18:00:00,500.36942
2012-08-23 19:00:00,341.08588
2012-08-23 20:00:00,307.1648
2012-08-23 21:00:00,334.07642
2012-08-23 22:00:00,319.23764
2012-08-23 23:00:00,306.70566
2012-08-24 00:00:00,303.5781
2012-08-24 01:00:00,283.47647
2012-08-24 02:00:00,254.89464
2012-08-24 03:00:00,280.0624
2012-08-24 04:00:00,283.48248
2012-08-24 05:00:00,222.31642
2012-08-24 06:00:00,300.4673
2012-08-24 07:00:00,273.16144
2012-08-24 08:00:00,297.771
2012-08-24 09:00:00,301.14194
2012-08-24 10:00:00,405.75613
2012-08-24 11:00:00,388.50302
2012-08-24 12:00:00,396.57602
2012-08-24 13:00:00,574.5272
2012-08-24 14:00:00,481.08194
2012-08-24 15:00:00,400.6607
2012-08-24 16:00:00,400.66095
2012-08-24 17:00:00,466.81253
2012-08-24 18:00:00,310.9877
2012-08-24 19:00:00,319.38394
2012-08-24 20:00:00,352.8269
2012-08-24 21:00:00,321.58014
2012-08-24 22:00:00,301.4132
2012-08-24 23:00:00,327.981
2012-08-25 00:00:00,341.71463
2012-08-25 01:00:00,372.54446
2012-08-25 02:00:00,309.19437
2012-08-25 03:00:00,224.3734
2012-08-25 04:00:00,305.55988
2012-08-25 05:00:00,262.74442
2012-08-25 06:00:00,192.81386
2012-08-25 07:00:00,183.16081
2012-08-25 08:00:00,279.0618
2012-08-25 09:00:00,362.3169
2012-08-25 10:00:00,376.14484
2012-08-25 11:00:00,372.34442
2012-08-25 12:00:00,454.97562
2012-08-25 13:00:00,450.79913
2012-08-25 14:00:00,344.72708
2012-08-25 15:00:00,270.57782
2012-08-25 16:00:00,289.93628
2012-08-25 17:00:00,290.99255
2012-08-25 18:00:00,336.3723
2012-08-25 19:00:00,155.6321
2012-08-25 20:00:00,120.66909
2012-08-25 21:00:00,113.35229
2012-08-25 22:00:00,113.35285
2012-08-25 23:00:00,105.20407
2012-08-26 00:00:00,106.67515
2012-08-26 01:00:00,118.31258
2012-08-26 02:00:00,133.93567
2012-08-26 03:00:00,134.24359
2012-08-26 04:00:00,148.30853
2012-08-26 05:00:00,118.13313
2012-08-26 06:00:00,124.25392
2012-08-26 07:00:00,118.13399
2012-08-26 08:00:00,248.67986
2012-08-26 09:00:00,249.20778
2012-08-26 10:00:00,412.84192
2012-08-26 11:00:00,417.7127
2012-08-26 12:00:00,283.6702
2012-08-26 13:00:00,220.37337
2012-08-26 14:00:00,163.745
2012-08-26 15:00:00,138.0925
2012-08-26 16:00:00,138.09215
2012-08-26 17:00:00,115.149536
2012-08-26 18:00:00,232.5002
2012-08-26 19:00:00,164.10419
2012-08-26 20:00:00,132.58144
2012-08-26 21:00:00,151.99324
2012-08-26 22:00:00,127.93641
2012-08-26 23:00:00,121.447815
2012-08-27 00:00:00,342.07056
2012-08-27 01:00:00,268.98242
2012-08-27 02:00:00,285.24313
2012-08-27 03:00:00,268.5469
2012-08-27 04:00:00,341.35925
2012-08-27 05:00:00,309.57538
2012-08-27 06:00:00,309.5795
2012-08-27 07:00:00,351.82257
2012-08-27 08:00:00,340.20282
2012-08-27 09:00:00,325.70993
2012-08-27 10:00:00,255.54819
2012-08-27 11:00:00,432.09607
2012-08-27 12:00:00,397.77054
2012-08-27 13:00:00,456.98132
2012-08-27 14:00:00,391.37766
2012-08-27 15:00:00,423.58145
2012-08-27 16:00:00,455.17477
2012-08-27 17:00:00,465.34497
2012-08-27 18:00:00,484.85455
2012-08-27 19:00:00,442.09375
2012-08-27 20:00:00,433.8936
2012-08-27 21:00:00,262.045
2012-08-27 22:00:00,232.30428
2012-08-27 23:00:00,226.10446
2012-08-28 00:00:00,212.58626
2012-08-28 01:00:00,218.70082
2012-08-28 02:00:00,249.47432
2012-08-28 03:00:00,364.8802
2012-08-28 04:00:00,311.487
2012-08-28 05:00:00,252.34555
2012-08-28 06:00:00,321.73657
2012-08-28 07:00:00,251.19073
2012-08-28 08:00:00,105.60603
2012-08-28 09:00:00,224.55275
2012-08-28 10:00:00,340.46014
2012-08-28 11:00:00,435.75354
2012-08-28 12:00:00,412.53906
2012-08-28 13:00:00,500.20886
2012-08-28 14:00:00,616.8756
2012-08-28 15:00:00,636.1439
2012-08-28 16:00:00,636.4518
2012-08-28 17:00:00,598.36743
2012-08-28 18:00:00,535.8794
2012-08-28 19:00:00,432.83624
2012-08-28 20:00:00,353.04822
2012-08-28 21:00:00,360.98306
2012-08-28 22:00:00,376.1892
2012-08-28 23:00:00,356.2322
2012-08-29 00:00:00,223.84854
2012-08-29 01:00:00,264.31494
2012-08-29 02:00:00,239.01576
2012-08-29 03:00:00,248.01642
2012-08-29 04:00:00,258.49426
2012-08-29 05:00:00,311.02902
2012-08-29 06:00:00,313.4215
2012-08-29 07:00:00,250.95175
2012-08-29 08:00:00,375.0414
2012-08-29 09:00:00,412.9965
2012-08-29 10:00:00,400.15436
2012-08-29 11:00:00,365.76614
2012-08-29 12:00:00,451.47546
2012-08-29 13:00:00,424.70987
2012-08-29 14:00:00,467.21237
2012-08-29 15:00:00,503.5666
2012-08-29 16:00:00,477.38745
2012-08-29 17:00:00,571.01
2012-08-29 18:00:00,504.18195
2012-08-29 19:00:00,410.5267
2012-08-29 20:00:00,326.60657
2012-08-29 21:00:00,312.47412
2012-08-29 22:00:00,327.85257
2012-08-29 23:00:00,325.09457
2012-08-30 00:00:00,231.61626
2012-08-30 01:00:00,259.11884
2012-08-30 02:00:00,249.00764
2012-08-30 03:00:00,249.0961
2012-08-30 04:00:00,249.0981
2012-08-30 05:00:00,249.1001
2012-08-30 06:00:00,196.17087
2012-08-30 07:00:00,273.61108
2012-08-30 08:00:00,259.34116
2012-08-30 09:00:00,286.64508
2012-08-30 10:00:00,333.0502
2012-08-30 11:00:00,532.6709
2012-08-30 12:00:00,383.02362
2012-08-30 13:00:00,358.20306
2012-08-30 14:00:00,361.39026
2012-08-30 15:00:00,440.01746
2012-08-30 16:00:00,541.272
2012-08-30 17:00:00,612.8516
2012-08-30 18:00:00,604.32367
2012-08-30 19:00:00,361.7595
2012-08-30 20:00:00,346.2899
2012-08-30 21:00:00,233.87744
2012-08-30 22:00:00,200.0875
2012-08-30 23:00:00,179.83113
2012-08-31 00:00:00,200.85828
2012-08-31 01:00:00,200.85962
2012-08-31 02:00:00,256.99353
2012-08-31 03:00:00,221.65623
2012-08-31 04:00:00,248.40889
2012-08-31 05:00:00,223.39911
2012-08-31 06:00:00,228.17477
2012-08-31 07:00:00,275.2318
2012-08-31 08:00:00,279.0252
2012-08-31 09:00:00,273.60135
2012-08-31 10:00:00,361.42572
2012-08-31 11:00:00,613.92194
2012-08-31 12:00:00,609.25104
2012-08-31 13:00:00,589.8544
2012-08-31 14:00:00,604.77734
2012-08-31 15:00:00,600.06213
2012-08-31 16:00:00,600.4597
2012-08-31 17:00:00,609.8323
2012-08-31 18:00:00,609.1389
2012-08-31 19:00:00,432.45227
2012-08-31 20:00:00,432.4535
2012-08-31 21:00:00,426.16946
2012-08-31 22:00:00,426.1475
2012-08-31 23:00:00,292.66547
2012-09-20 00:00:00,291.03442
2012-09-20 01:00:00,183.15167
2012-09-20 02:00:00,212.48601
2012-09-20 03:00:00,167.50392
2012-09-20 04:00:00,231.31659
2012-09-20 05:00:00,231.3208
2012-09-20 06:00:00,167.51266
2012-09-20 07:00:00,231.7756
2012-09-20 08:00:00,223.85916
2012-09-20 09:00:00,374.07706
2012-09-20 10:00:00,395.67526
2012-09-20 11:00:00,415.02576
2012-09-20 12:00:00,440.81158
2012-09-20 13:00:00,429.77908
2012-09-20 14:00:00,501.3844
2012-09-20 15:00:00,503.7602
2012-09-20 16:00:00,463.62308
2012-09-20 17:00:00,526.3524
2012-09-20 18:00:00,420.99887
2012-09-20 19:00:00,426.63336
2012-09-20 20:00:00,419.36777
2012-09-20 21:00:00,432.26016
2012-09-20 22:00:00,267.5743
2012-09-20 23:00:00,246.55125
2012-09-21 00:00:00,179.10162
2012-09-21 01:00:00,216.02829
2012-09-21 02:00:00,216.03146
2012-09-21 03:00:00,233.92934
2012-09-21 04:00:00,200.46834
2012-09-21 05:00:00,206.23306
2012-09-21 06:00:00,233.06705
2012-09-21 07:00:00,197.54375
2012-09-21 08:00:00,185.67815
2012-09-21 09:00:00,235.90395
2012-09-21 10:00:00,452.06546
2012-09-21 11:00:00,559.5167
2012-09-21 12:00:00,551.457
2012-09-21 13:00:00,509.48105
2012-09-21 14:00:00,547.2007
2012-09-21 15:00:00,566.53156
2012-09-21 16:00:00,548.27563
2012-09-21 17:00:00,554.8552
2012-09-21 18:00:00,447.31796
2012-09-21 19:00:00,472.373
2012-09-21 20:00:00,363.53177
2012-09-21 21:00:00,245.80424
2012-09-21 22:00:00,302.00552
2012-09-21 23:00:00,250.12434
2012-09-22 00:00:00,190.62294
2012-09-22 01:00:00,154.67148
2012-09-22 02:00:00,122.82809
2012-09-22 03:00:00,119.86445
2012-09-22 04:00:00,119.865
2012-09-22 05:00:00,132.88843
2012-09-22 06:00:00,135.87206
2012-09-22 07:00:00,128.04947
2012-09-22 08:00:00,199.13666
2012-09-22 09:00:00,406.70166
2012-09-22 10:00:00,464.90878
2012-09-22 11:00:00,518.1294
2012-09-22 12:00:00,586.37177
2012-09-22 13:00:00,614.78986
2012-09-22 14:00:00,614.3196
2012-09-22 15:00:00,596.6125
2012-09-22 16:00:00,621.3985
2012-09-22 17:00:00,621.3996
2012-09-22 18:00:00,592.3202
2012-09-22 19:00:00,506.66095
2012-09-22 20:00:00,577.605
2012-09-22 21:00:00,538.0124
2012-09-22 22:00:00,447.88046
2012-09-22 23:00:00,465.3501
2012-09-23 00:00:00,600.3085
2012-09-23 01:00:00,322.58047
2012-09-23 02:00:00,424.54062
2012-09-23 03:00:00,237.70558
2012-09-23 04:00:00,204.9007
2012-09-23 05:00:00,201.01466
2012-09-23 06:00:00,168.636
2012-09-23 07:00:00,213.85117
2012-09-23 08:00:00,230.92862
2012-09-23 09:00:00,284.79785
2012-09-23 10:00:00,499.23117
2012-09-23 11:00:00,518.7442
2012-09-23 12:00:00,514.60254
2012-09-23 13:00:00,604.11
2012-09-23 14:00:00,612.74023
2012-09-23 15:00:00,623.9692
2012-09-23 16:00:00,615.8889
2012-09-23 17:00:00,613.2595
2012-09-23 18:00:00,570.14636
2012-09-23 19:00:00,507.6595
2012-09-23 20:00:00,507.6608
2012-09-23 21:00:00,363.94345
2012-09-23 22:00:00,395.44666
2012-09-23 23:00:00,196.85742
2012-09-24 00:00:00,318.2852
2012-09-24 01:00:00,204.88539
2012-09-24 02:00:00,266.28128
2012-09-24 03:00:00,329.05215
2012-09-24 04:00:00,204.5296
2012-09-24 05:00:00,261.78583
2012-09-24 06:00:00,256.3982
2012-09-24 07:00:00,204.73502
2012-09-24 08:00:00,287.18497
2012-09-24 09:00:00,382.94125
2012-09-24 10:00:00,443.02298
2012-09-24 11:00:00,486.67108
2012-09-24 12:00:00,488.1326
2012-09-24 13:00:00,651.7653
2012-09-24 14:00:00,577.47363
2012-09-24 15:00:00,579.22485
2012-09-24 16:00:00,586.3477
2012-09-24 17:00:00,582.1599
2012-09-24 18:00:00,491.02466
2012-09-24 19:00:00,465.57657
2012-09-24 20:00:00,364.68057
2012-09-24 21:00:00,291.07086
2012-09-24 22:00:00,326.55124
2012-09-24 23:00:00,315.05212
2012-09-25 00:00:00,185.12964
2012-09-25 01:00:00,149.19957
2012-09-25 02:00:00,155.32742
2012-09-25 03:00:00,113.1023
2012-09-25 04:00:00,150.39873
2012-09-25 05:00:00,131.58376
2012-09-25 06:00:00,153.00278
2012-09-25 07:00:00,167.78363
2012-09-25 08:00:00,153.508
2012-09-25 09:00:00,384.21622
2012-09-25 10:00:00,345.08862
2012-09-25 11:00:00,385.25046
2012-09-25 12:00:00,411.17654
2012-09-25 13:00:00,463.69293
2012-09-25 14:00:00,638.8399
2012-09-25 15:00:00,641.4808
2012-09-25 16:00:00,632.7186
2012-09-25 17:00:00,613.041
2012-09-25 18:00:00,582.54004
2012-09-25 19:00:00,376.70386
2012-09-25 20:00:00,433.93933
2012-09-25 21:00:00,433.94034
2012-09-25 22:00:00,416.72223
2012-09-25 23:00:00,416.56485
2012-09-26 00:00:00,362.1929
2012-09-26 01:00:00,346.3063
2012-09-26 02:00:00,400.84988
2012-09-26 03:00:00,400.85266
2012-09-26 04:00:00,70.008606
2012-09-26 05:00:00,80.350494
2012-09-26 06:00:00,96.89252
2012-09-26 07:00:00,135.27594
2012-09-26 08:00:00,110.49498
2012-09-26 09:00:00,383.80786
2012-09-26 10:00:00,218.49158
2012-09-26 11:00:00,425.57275
2012-09-26 12:00:00,456.39853
2012-09-26 13:00:00,483.54248
2012-09-26 14:00:00,523.46466
2012-09-26 15:00:00,506.934
2012-09-26 16:00:00,525.4308
2012-09-26 17:00:00,506.9447
2012-09-26 18:00:00,522.9811
2012-09-26 19:00:00,478.305
2012-09-26 20:00:00,408.92374
2012-09-26 21:00:00,453.2255
2012-09-26 22:00:00,397.74435
2012-09-26 23:00:00,175.9688
2012-09-27 00:00:00,239.63666
2012-09-27 01:00:00,239.64238
2012-09-27 02:00:00,239.64809
2012-09-27 03:00:00,221.59172
2012-09-27 04:00:00,131.1124
2012-09-27 05:00:00,237.73969
2012-09-27 06:00:00,146.86888
2012-09-27 07:00:00,219.63567
2012-09-27 08:00:00,325.27725
2012-09-27 09:00:00,399.3847
2012-09-27 10:00:00,471.73422
2012-09-27 11:00:00,443.09418
2012-09-27 12:00:00,397.9224
2012-09-27 13:00:00,414.22034
2012-09-27 14:00:00,401.59894
2012-09-27 15:00:00,434.89603
2012-09-27 16:00:00,454.0415
2012-09-27 17:00:00,390.94418
2012-09-27 18:00:00,394.46436
2012-09-27 19:00:00,427.1854
2012-09-27 20:00:00,423.05365
2012-09-27 21:00:00,151.20987
2012-09-27 22:00:00,151.20976
2012-09-27 23:00:00,166.31703
2012-09-28 00:00:00,171.15494
2012-09-28 01:00:00,190.64513
2012-09-28 02:00:00,157.30536
2012-09-28 03:00:00,284.48187
2012-09-28 04:00:00,142.25612
2012-09-28 05:00:00,186.77846
2012-09-28 06:00:00,161.84634
2012-09-28 07:00:00,208.60785
2012-09-28 08:00:00,237.73602
2012-09-28 09:00:00,260.01398
2012-09-28 10:00:00,284.75128
2012-09-28 11:00:00,336.3817
2012-09-28 12:00:00,453.67126
2012-09-28 13:00:00,497.7844
2012-09-28 14:00:00,453.67297
2012-09-28 15:00:00,451.8998
2012-09-28 16:00:00,443.74017
2012-09-28 17:00:00,441.22592
2012-09-28 18:00:00,438.68082
2012-09-28 19:00:00,446.93744
2012-09-28 20:00:00,442.06012
2012-09-28 21:00:00,448.4061
2012-09-28 22:00:00,409.62576
2012-09-28 23:00:00,360.61832
2012-09-29 00:00:00,379.4587
2012-09-29 01:00:00,379.45993
2012-09-29 02:00:00,335.7116
2012-09-29 03:00:00,354.69577
2012-09-29 04:00:00,384.684
2012-09-29 05:00:00,229.19814
2012-09-29 06:00:00,243.95982
2012-09-29 07:00:00,109.4741
2012-09-29 08:00:00,120.7864
2012-09-29 09:00:00,229.19745
2012-09-29 10:00:00,364.9086
2012-09-29 11:00:00,380.6625
2012-09-29 12:00:00,529.5049
2012-09-29 13:00:00,529.4969
2012-09-29 14:00:00,531.41565
2012-09-29 15:00:00,476.9821
2012-09-29 16:00:00,531.7753
2012-09-29 17:00:00,587.1463
2012-09-29 18:00:00,505.07056
2012-09-29 19:00:00,362.94833
2012-09-29 20:00:00,366.7098
2012-09-29 21:00:00,362.58817
2012-09-29 22:00:00,198.35535
2012-09-29 23:00:00,230.36179
2012-09-30 00:00:00,198.09773
2012-09-30 01:00:00,198.09943
2012-09-30 02:00:00,143.84038
2012-09-30 03:00:00,84.900696
2012-09-30 04:00:00,84.90144
2012-09-30 05:00:00,68.41294
2012-09-30 06:00:00,94.34119
2012-09-30 07:00:00,60.169724
2012-09-30 08:00:00,84.30241
2012-09-30 09:00:00,299.88724
2012-09-30 10:00:00,545.11365
2012-09-30 11:00:00,490.66455
2012-09-30 12:00:00,528.3893
2012-09-30 13:00:00,533.9913
2012-09-30 14:00:00,533.99176
2012-09-30 15:00:00,629.3282
2012-09-30 16:00:00,637.1928
2012-09-30 17:00:00,610.5578
2012-09-30 18:00:00,366.19653
2012-09-30 19:00:00,132.33417
2012-09-30 20:00:00,132.33376
2012-09-30 21:00:00,76.73872
2012-09-30 22:00:00,65.21757
2012-09-30 23:00:00,92.513565
2012-10-20 00:00:00,198.00058
2012-10-20 01:00:00,236.86627
2012-10-20 02:00:00,192.71706
2012-10-20 03:00:00,183.42892
2012-10-20 04:00:00,237.33743
2012-10-20 05:00:00,144.21516
2012-10-20 06:00:00,240.81131
2012-10-20 07:00:00,144.21742
2012-10-20 08:00:00,228.38492
2012-10-20 09:00:00,404.61398
2012-10-20 10:00:00,497.28888
2012-10-20 11:00:00,472.39432
2012-10-20 12:00:00,576.34406
2012-10-20 13:00:00,581.65894
2012-10-20 14:00:00,621.3121
2012-10-20 15:00:00,584.45374
2012-10-20 16:00:00,603.7138
2012-10-20 17:00:00,631.6052
2012-10-20 18:00:00,635.4932
2012-10-20 19:00:00,516.72235
2012-10-20 20:00:00,615.70654
2012-10-20 21:00:00,403.7677
2012-10-20 22:00:00,369.1634
2012-10-20 23:00:00,319.59238
2012-10-21 00:00:00,313.3327
2012-10-21 01:00:00,297.21527
2012-10-21 02:00:00,270.06717
2012-10-21 03:00:00,206.14034
2012-10-21 04:00:00,175.24574
2012-10-21 05:00:00,206.14233
2012-10-21 06:00:00,277.75293
2012-10-21 07:00:00,277.80606
2012-10-21 08:00:00,243.93217
2012-10-21 09:00:00,326.38986
2012-10-21 10:00:00,438.41644
2012-10-21 11:00:00,535.67035
2012-10-21 12:00:00,617.03595
2012-10-21 13:00:00,638.9293
2012-10-21 14:00:00,647.7358
2012-10-21 15:00:00,636.65594
2012-10-21 16:00:00,631.5353
2012-10-21 17:00:00,623.4811
2012-10-21 18:00:00,635.4449
2012-10-21 19:00:00,565.67004
2012-10-21 20:00:00,482.67896
2012-10-21 21:00:00,310.8594
2012-10-21 22:00:00,308.71658
2012-10-21 23:00:00,335.61008
2012-10-22 00:00:00,298.754
2012-10-22 01:00:00,175.91956
2012-10-22 02:00:00,224.885
2012-10-22 03:00:00,298.76562
2012-10-22 04:00:00,169.33159
2012-10-22 05:00:00,183.81555
2012-10-22 06:00:00,238.12334
2012-10-22 07:00:00,204.73898
2012-10-22 08:00:00,189.22505
2012-10-22 09:00:00,307.40515
2012-10-22 10:00:00,396.46704
2012-10-22 11:00:00,584.8346
2012-10-22 12:00:00,629.0126
2012-10-22 13:00:00,596.138
2012-10-22 14:00:00,574.9503
2012-10-22 15:00:00,587.0894
2012-10-22 16:00:00,601.65625
2012-10-22 17:00:00,556.9335
2012-10-22 18:00:00,478.1052
2012-10-22 19:00:00,520.12317
2012-10-22 20:00:00,355.09888
2012-10-22 21:00:00,324.8972
2012-10-22 22:00:00,216.95062
2012-10-22 23:00:00,209.88693
2012-10-23 00:00:00,260.36005
2012-10-23 01:00:00,182.22462
2012-10-23 02:00:00,234.62729
2012-10-23 03:00:00,226.29636
2012-10-23 04:00:00,235.48112
2012-10-23 05:00:00,222.98517
2012-10-23 06:00:00,152.42186
2012-10-23 07:00:00,249.23856
2012-10-23 08:00:00,289.79373
2012-10-23 09:00:00,350.07938
2012-10-23 10:00:00,465.1834
2012-10-23 11:00:00,352.4096
2012-10-23 12:00:00,386.85422
2012-10-23 13:00:00,398.9129
2012-10-23 14:00:00,553.9359
2012-10-23 15:00:00,594.9029
2012-10-23 16:00:00,463.0533
2012-10-23 17:00:00,532.5636
2012-10-23 18:00:00,350.46567
2012-10-23 19:00:00,346.40073
2012-10-23 20:00:00,486.14194
2012-10-23 21:00:00,322.34464
2012-10-23 22:00:00,356.44635
2012-10-23 23:00:00,306.3512
2012-10-24 00:00:00,276.2581
2012-10-24 01:00:00,311.9075
2012-10-24 02:00:00,311.91077
2012-10-24 03:00:00,157.04008
2012-10-24 04:00:00,157.04315
2012-10-24 05:00:00,93.51356
2012-10-24 06:00:00,152.02945
2012-10-24 07:00:00,113.29625
2012-10-24 08:00:00,198.59128
2012-10-24 09:00:00,247.69942
2012-10-24 10:00:00,266.67178
2012-10-24 11:00:00,465.46875
2012-10-24 12:00:00,372.8479
2012-10-24 13:00:00,420.61343
2012-10-24 14:00:00,612.92035
2012-10-24 15:00:00,565.87476
2012-10-24 16:00:00,565.6283
2012-10-24 17:00:00,435.27695
2012-10-24 18:00:00,439.92258
2012-10-24 19:00:00,373.48386
2012-10-24 20:00:00,370.6908
2012-10-24 21:00:00,358.22104
2012-10-24 22:00:00,377.86517
2012-10-24 23:00:00,357.99744
2012-10-25 00:00:00,405.90433
2012-10-25 01:00:00,330.0824
2012-10-25 02:00:00,182.30284
2012-10-25 03:00:00,213.34354
2012-10-25 04:00:00,197.72765
2012-10-25 05:00:00,210.40486
2012-10-25 06:00:00,223.02342
2012-10-25 07:00:00,223.02505
2012-10-25 08:00:00,212.67332
2012-10-25 09:00:00,204.47496
2012-10-25 10:00:00,215.37343
2012-10-25 11:00:00,207.88881
2012-10-25 12:00:00,231.86511
2012-10-25 13:00:00,233.0837
2012-10-25 14:00:00,347.91727
2012-10-25 15:00:00,380.33957
2012-10-25 16:00:00,383.47958
2012-10-25 17:00:00,383.48175
2012-10-25 18:00:00,202.41615
2012-10-25 19:00:00,207.22293
2012-10-25 20:00:00,213.5532
2012-10-25 21:00:00,213.55661
2012-10-25 22:00:00,206.84915
2012-10-25 23:00:00,215.38275
2012-10-26 00:00:00,241.51816
2012-10-26 01:00:00,194.0194
2012-10-26 02:00:00,196.92726
2012-10-26 03:00:00,198.11435
2012-10-26 04:00:00,198.11626
2012-10-26 05:00:00,196.93442
2012-10-26 06:00:00,194.02524
2012-10-26 07:00:00,197.09244
2012-10-26 08:00:00,214.60486
2012-10-26 09:00:00,214.60709
2012-10-26 10:00:00,200.06972
2012-10-26 11:00:00,233.44254
2012-10-26 12:00:00,258.62897
2012-10-26 13:00:00,336.50494
2012-10-26 14:00:00,402.2319
2012-10-26 15:00:00,393.21738
2012-10-26 16:00:00,271.43094
2012-10-26 17:00:00,239.83885
2012-10-26 18:00:00,226.27962
2012-10-26 19:00:00,222.95815
2012-10-26 20:00:00,222.95941
2012-10-26 21:00:00,253.0857
2012-10-26 22:00:00,202.44589
2012-10-26 23:00:00,202.50311
2012-10-27 00:00:00,174.90419
2012-10-27 01:00:00,188.38397
2012-10-27 02:00:00,184.51166
2012-10-27 03:00:00,185.14467
2012-10-27 04:00:00,193.42549
2012-10-27 05:00:00,192.71964
2012-10-27 06:00:00,192.7198
2012-10-27 07:00:00,184.75308
2012-10-27 08:00:00,277.71268
2012-10-27 09:00:00,277.71243
2012-10-27 10:00:00,319.93204
2012-10-27 11:00:00,511.1735
2012-10-27 12:00:00,466.59277
2012-10-27 13:00:00,519.1898
2012-10-27 14:00:00,493.40372
2012-10-27 15:00:00,476.15503
2012-10-27 16:00:00,479.45947
2012-10-27 17:00:00,479.46005
2012-10-27 18:00:00,479.46066
2012-10-27 19:00:00,304.52673
2012-10-27 20:00:00,304.5259
2012-10-27 21:00:00,304.46735
2012-10-27 22:00:00,325.29547
2012-10-27 23:00:00,348.92267
2012-10-28 00:00:00,321.10895
2012-10-28 01:00:00,337.97217
2012-10-28 02:00:00,337.77478
2012-10-28 03:00:00,366.0711
2012-10-28 04:00:00,340.94415
2012-10-28 05:00:00,348.16113
2012-10-28 06:00:00,371.77045
2012-10-28 07:00:00,353.37958
2012-10-28 08:00:00,319.63452
2012-10-28 09:00:00,337.6866
2012-10-28 10:00:00,342.08557
2012-10-28 11:00:00,359.5511
2012-10-28 12:00:00,297.8964
2012-10-28 13:00:00,304.45023
2012-10-28 14:00:00,328.9038
2012-10-28 15:00:00,333.823
2012-10-28 16:00:00,263.9545
2012-10-28 17:00:00,263.51724
2012-10-28 18:00:00,189.48296
2012-10-28 19:00:00,197.139
2012-10-28 20:00:00,200.27216
2012-10-28 21:00:00,230.5512
2012-10-28 22:00:00,228.22182
2012-10-28 23:00:00,197.13792
2012-10-29 00:00:00,257.86917
2012-10-30 13:00:00,111.35337
2012-10-30 14:00:00,111.35381
2012-10-30 15:00:00,106.11355
2012-10-30 16:00:00,106.11418
2012-10-30 17:00:00,114.36994
2012-10-30 18:00:00,120.89378
2012-10-30 19:00:00,275.08777
2012-10-30 20:00:00,95.14596
2012-10-30 21:00:00,85.63424
2012-10-30 22:00:00,76.566864
2012-10-30 23:00:00,76.5676
2012-10-31 00:00:00,100.84572
2012-10-31 01:00:00,103.90607
2012-10-31 02:00:00,112.209435
2012-10-31 03:00:00,100.84819
2012-10-31 04:00:00,84.96751
2012-10-31 05:00:00,112.21176
2012-10-31 06:00:00,55.379463
2012-10-31 07:00:00,98.775314
2012-10-31 08:00:00,122.63793
2012-10-31 09:00:00,139.26073
2012-10-31 10:00:00,196.37497
2012-10-31 11:00:00,171.22182
2012-10-31 12:00:00,312.03363
2012-10-31 13:00:00,317.41144
2012-10-31 14:00:00,318.06668
2012-10-31 15:00:00,343.84872
2012-10-31 16:00:00,316.224
2012-10-31 17:00:00,326.20917
2012-10-31 18:00:00,326.2123
2012-10-31 19:00:00,323.2545
2012-10-31 20:00:00,323.25497
2012-10-31 21:00:00,323.09082
2012-10-31 22:00:00,262.44925
2012-10-31 23:00:00,243.9471
2012-11-20 00:00:00,148.47926
2012-11-20 01:00:00,120.97701
2012-11-20 02:00:00,243.77228
2012-11-20 03:00:00,197.13988
2012-11-20 04:00:00,184.2107
2012-11-20 05:00:00,169.48463
2012-11-20 06:00:00,203.57925
2012-11-20 07:00:00,162.8939
2012-11-20 08:00:00,126.55062
2012-11-20 09:00:00,275.66333
2012-11-20 10:00:00,277.02316
2012-11-20 11:00:00,295.44193
2012-11-20 12:00:00,302.50342
2012-11-20 13:00:00,390.97214
2012-11-20 14:00:00,407.88486
2012-11-20 15:00:00,333.0197
2012-11-20 16:00:00,355.44757
2012-11-20 17:00:00,245.70143
2012-11-20 18:00:00,277.00217
2012-11-20 19:00:00,279.54688
2012-11-20 20:00:00,211.76816
2012-11-20 21:00:00,213.54729
2012-11-20 22:00:00,213.54814
2012-11-20 23:00:00,113.346275
2012-11-21 00:00:00,116.826035
2012-11-21 01:00:00,86.16751
2012-11-21 02:00:00,20.0699
2012-11-21 03:00:00,20.0699
2012-11-21 04:00:00,20.0699
2012-11-21 05:00:00,20.0699
2012-11-21 06:00:00,41.606125
2012-11-21 07:00:00,36.99433
2012-11-21 08:00:00,96.36927
2012-11-21 09:00:00,143.68822
2012-11-21 10:00:00,314.2784
2012-11-21 11:00:00,290.78592
2012-11-21 12:00:00,285.42447
2012-11-21 13:00:00,364.92993
2012-11-21 14:00:00,388.25378
2012-11-21 15:00:00,383.34113
2012-11-21 16:00:00,353.97345
2012-11-21 17:00:00,313.05646
2012-11-21 18:00:00,331.2819
2012-11-21 19:00:00,282.12427
2012-11-21 20:00:00,287.37122
2012-11-21 21:00:00,284.38788
2012-11-21 22:00:00,229.58156
2012-11-21 23:00:00,258.1793
2012-11-22 00:00:00,130.35237
2012-11-22 01:00:00,74.734825
2012-11-22 02:00:00,56.075542
2012-11-22 03:00:00,59.090748
2012-11-22 04:00:00,84.82293
2012-11-22 05:00:00,59.090538
2012-11-22 06:00:00,58.621853
2012-11-22 07:00:00,88.719894
2012-11-22 08:00:00,75.060104
2012-11-22 09:00:00,87.50746
2012-11-22 10:00:00,313.16504
2012-11-22 11:00:00,387.9957
2012-11-22 12:00:00,433.85104
2012-11-22 13:00:00,451.40457
2012-11-22 14:00:00,457.55057
2012-11-22 15:00:00,457.5515
2012-11-22 16:00:00,447.949
2012-11-22 17:00:00,433.85614
2012-11-22 18:00:00,363.3982
2012-11-22 19:00:00,163.8388
2012-11-22 20:00:00,150.98491
2012-11-22 21:00:00,234.47218
2012-11-22 22:00:00,229.28432
2012-11-22 23:00:00,89.67721
2012-11-23 00:00:00,80.010254
2012-11-23 01:00:00,86.452835
2012-11-23 02:00:00,83.77117
2012-11-23 03:00:00,67.48214
2012-11-23 04:00:00,54.610516
2012-11-23 05:00:00,67.882706
2012-11-23 06:00:00,67.88322
2012-11-23 07:00:00,67.883736
2012-11-23 08:00:00,34.469944
2012-11-23 09:00:00,60.144115
2012-11-23 10:00:00,309.37167
2012-11-23 11:00:00,316.44998
2012-11-23 12:00:00,372.83224
2012-11-23 13:00:00,420.56363
2012-11-23 14:00:00,445.845
2012-11-23 15:00:00,366.08676
2012-11-23 16:00:00,360.46173
2012-11-23 17:00:00,357.53528
2012-11-23 18:00:00,343.5571
2012-11-23 19:00:00,329.502
2012-11-23 20:00:00,376.09702
2012-11-23 21:00:00,317.52563
2012-11-23 22:00:00,357.29312
2012-11-23 23:00:00,397.9784
2012-11-24 00:00:00,514.13403
2012-11-24 01:00:00,225.12654
2012-11-24 02:00:00,293.87073
2012-11-24 03:00:00,282.1932
2012-11-24 04:00:00,283.35083
2012-11-24 05:00:00,251.72783
2012-11-24 06:00:00,255.71687
2012-11-24 07:00:00,228.25822
2012-11-24 08:00:00,244.83098
2012-11-24 09:00:00,256.3795
2012-11-24 10:00:00,210.87407
2012-11-24 11:00:00,230.05656
2012-11-24 12:00:00,332.41248
2012-11-24 13:00:00,306.36026
2012-11-24 14:00:00,332.31323
2012-11-24 15:00:00,384.0179
2012-11-24 16:00:00,320.35614
2012-11-24 17:00:00,249.48697
2012-11-24 18:00:00,300.31625
2012-11-24 19:00:00,212.45972
2012-11-24 20:00:00,255.5762
2012-11-24 21:00:00,264.89862
2012-11-24 22:00:00,221.26
2012-11-24 23:00:00,265.1924
2012-11-25 00:00:00,205.24673
2012-11-25 01:00:00,264.88004
2012-11-25 02:00:00,286.90012
2012-11-25 03:00:00,249.4039
2012-11-25 04:00:00,249.40509
2012-11-25 05:00:00,193.3079
2012-11-25 06:00:00,190.95651
2012-11-25 07:00:00,243.36455
2012-11-25 08:00:00,249.27342
2012-11-25 09:00:00,167.39969
2012-11-25 10:00:00,160.45566
2012-11-25 11:00:00,210.9523
2012-11-25 12:00:00,211.02284
2012-11-25 13:00:00,255.42897
2012-11-25 14:00:00,163.76208
2012-11-25 15:00:00,192.6637
2012-11-25 16:00:00,254.37395
2012-11-25 17:00:00,292.7415
2012-11-25 18:00:00,262.3225
2012-11-25 19:00:00,208.26083
2012-11-25 20:00:00,109.97459
2012-11-25 21:00:00,169.30334
2012-11-25 22:00:00,109.97614
2012-11-25 23:00:00,47.91858
2012-11-26 00:00:00,104.663345
2012-11-26 01:00:00,179.14581
2012-11-26 02:00:00,179.1475
2012-11-26 03:00:00,179.14922
2012-11-26 04:00:00,104.66792
2012-11-26 05:00:00,150.08224
2012-11-26 06:00:00,104.67021
2012-11-26 07:00:00,106.70826
2012-11-26 08:00:00,106.70929
2012-11-26 09:00:00,178.42166
2012-11-26 10:00:00,238.66322
2012-11-26 11:00:00,325.88962
2012-11-26 12:00:00,346.22653
2012-11-26 13:00:00,346.22678
2012-11-26 14:00:00,334.42505
2012-11-26 15:00:00,330.93857
2012-11-26 16:00:00,347.83636
2012-11-26 17:00:00,320.64246
2012-11-26 18:00:00,299.83658
2012-11-26 19:00:00,251.54144
2012-11-26 20:00:00,237.99315
2012-11-26 21:00:00,237.99356
2012-11-26 22:00:00,282.61655
2012-11-26 23:00:00,178.70769
2012-11-27 00:00:00,206.02998
2012-11-27 01:00:00,206.25235
2012-11-27 02:00:00,183.94287
2012-11-27 03:00:00,172.50731
2012-11-27 04:00:00,141.18443
2012-11-27 05:00:00,155.7812
2012-11-27 06:00:00,153.47398
2012-11-27 07:00:00,128.30748
2012-11-27 08:00:00,157.56499
2012-11-27 09:00:00,210.99965
2012-11-27 10:00:00,144.92905
2012-11-27 11:00:00,145.72615
2012-11-27 12:00:00,161.40506
2012-11-27 13:00:00,134.79555
2012-11-27 14:00:00,162.10362
2012-11-27 15:00:00,253.78915
2012-11-27 16:00:00,254.02992
2012-11-27 17:00:00,265.59024
2012-11-27 18:00:00,205.78772
2012-11-27 19:00:00,250.9452
2012-11-27 20:00:00,262.19843
2012-11-27 21:00:00,262.93747
2012-11-27 22:00:00,95.638145
2012-11-27 23:00:00,166.43698
2012-11-28 00:00:00,178.78995
2012-11-28 01:00:00,127.93433
2012-11-28 02:00:00,127.93509
2012-11-28 03:00:00,166.81012
2012-11-28 04:00:00,128.3325
2012-11-28 05:00:00,84.104485
2012-11-28 06:00:00,210.84561
2012-11-28 07:00:00,214.99069
2012-11-28 08:00:00,197.24522
2012-11-28 09:00:00,144.03586
2012-11-28 10:00:00,243.40796
2012-11-28 11:00:00,308.11462
2012-11-28 12:00:00,192.99838
2012-11-28 13:00:00,258.31732
2012-11-28 14:00:00,281.52817
2012-11-28 15:00:00,285.3327
2012-11-28 16:00:00,306.80438
2012-11-28 17:00:00,281.17905
2012-11-28 18:00:00,294.2336
2012-11-28 19:00:00,305.05453
2012-11-28 20:00:00,285.99036
2012-11-28 21:00:00,258.99164
2012-11-28 22:00:00,307.9186
2012-11-28 23:00:00,192.4081
2012-11-29 00:00:00,145.85722
2012-11-29 01:00:00,123.768936
2012-11-29 02:00:00,101.99605
2012-11-29 04:00:00,109.78045
2012-11-29 05:00:00,107.925354
2012-11-29 06:00:00,52.28141
2012-11-29 07:00:00,136.81438
2012-11-29 08:00:00,54.929543
2012-11-29 09:00:00,127.250015
2012-11-29 10:00:00,65.25752
2012-11-29 11:00:00,297.4883
2012-11-29 12:00:00,293.20242
2012-11-29 13:00:00,311.18765
2012-11-29 14:00:00,265.04303
2012-11-29 15:00:00,256.73566
2012-11-29 16:00:00,289.20804
2012-11-29 17:00:00,278.337
2012-11-29 18:00:00,292.1637
2012-11-29 19:00:00,154.93817
2012-11-29 20:00:00,138.58777
2012-11-29 21:00:00,70.15615
2012-11-29 22:00:00,53.40572
2012-11-29 23:00:00,108.02105
2012-11-30 00:00:00,66.674324
2012-11-30 01:00:00,52.43671
2012-11-30 02:00:00,67.94187
2012-11-30 03:00:00,67.942406
2012-11-30 04:00:00,61.12448
2012-11-30 05:00:00,86.775215
2012-11-30 06:00:00,48.75771
2012-11-30 07:00:00,70.2342
2012-11-30 08:00:00,73.77961
2012-11-30 09:00:00,62.43967
2012-11-30 10:00:00,142.00436
2012-11-30 11:00:00,204.61142
2012-11-30 12:00:00,311.34256
2012-11-30 13:00:00,320.10776
2012-11-30 14:00:00,316.8748
2012-11-30 15:00:00,324.88483
2012-11-30 16:00:00,348.22726
2012-11-30 17:00:00,234.93443
2012-11-30 18:00:00,288.63513
2012-11-30 19:00:00,139.02774
2012-11-30 20:00:00,139.56111
2012-11-30 21:00:00,100.44406
2012-11-30 22:00:00,103.18598
2012-11-30 23:00:00,130.91312
2012-12-20 00:00:00,158.1688
2012-12-20 01:00:00,185.79913
2012-12-20 02:00:00,185.79926
2012-12-20 03:00:00,249.17845
2012-12-20 04:00:00,249.17632
2012-12-20 05:00:00,260.91287
2012-12-20 06:00:00,246.40594
2012-12-20 07:00:00,251.71648
2012-12-20 08:00:00,251.71918
2012-12-20 09:00:00,251.71844
2012-12-20 10:00:00,210.16832
2012-12-20 11:00:00,220.4461
2012-12-20 12:00:00,214.26715
2012-12-20 13:00:00,211.11993
2012-12-20 14:00:00,210.54836
2012-12-20 15:00:00,220.6429
2012-12-20 16:00:00,348.648
2012-12-20 17:00:00,161.34364
2012-12-20 18:00:00,201.4365
2012-12-20 19:00:00,160.78926
2012-12-20 20:00:00,205.53935
2012-12-20 21:00:00,205.53934
2012-12-20 22:00:00,304.56732
2012-12-20 23:00:00,292.5963
2012-12-21 00:00:00,290.73285
2012-12-21 01:00:00,264.7003
2012-12-21 02:00:00,285.78317
2012-12-21 03:00:00,285.78452
2012-12-21 04:00:00,213.45236
2012-12-21 05:00:00,244.14056
2012-12-21 06:00:00,270.49197
2012-12-21 07:00:00,236.23157
2012-12-21 08:00:00,283.5718
2012-12-21 09:00:00,287.34305
2012-12-21 10:00:00,269.52823
2012-12-21 11:00:00,234.2398
2012-12-21 12:00:00,265.15
2012-12-21 13:00:00,277.14484
2012-12-21 14:00:00,290.2171
2012-12-21 15:00:00,287.69815
2012-12-21 16:00:00,303.94183
2012-12-21 17:00:00,336.5291
2012-12-21 18:00:00,330.8854
2012-12-21 19:00:00,316.13528
2012-12-21 20:00:00,293.9637
2012-12-21 21:00:00,320.03732
2012-12-21 22:00:00,315.86102
2012-12-21 23:00:00,269.26773
2012-12-22 00:00:00,325.48062
2012-12-22 01:00:00,332.44922
2012-12-22 02:00:00,327.5058
2012-12-22 03:00:00,335.27368
2012-12-22 04:00:00,259.73425
2012-12-22 05:00:00,302.142
2012-12-22 06:00:00,313.13004
2012-12-22 07:00:00,313.12994
2012-12-22 08:00:00,322.0601
2012-12-22 09:00:00,305.65753
2012-12-22 10:00:00,308.9162
2012-12-22 11:00:00,313.1146
2012-12-22 12:00:00,368.23718
2012-12-22 13:00:00,348.0755
2012-12-22 14:00:00,345.2609
2012-12-22 15:00:00,358.755
2012-12-22 16:00:00,329.568
2012-12-22 17:00:00,314.19928
2012-12-22 18:00:00,332.7097
2012-12-22 19:00:00,347.43192
2012-12-22 20:00:00,267.53296
2012-12-22 21:00:00,342.95987
2012-12-22 22:00:00,342.9604
2012-12-22 23:00:00,319.42728
2012-12-23 00:00:00,312.99124
2012-12-23 01:00:00,298.97214
2012-12-23 02:00:00,321.6463
2012-12-23 03:00:00,304.69998
2012-12-23 04:00:00,295.993
2012-12-23 05:00:00,276.9823
2012-12-23 06:00:00,313.6322
2012-12-23 07:00:00,313.63315
2012-12-23 08:00:00,296.50995
2012-12-23 09:00:00,300.7132
2012-12-23 10:00:00,307.28906
2012-12-23 11:00:00,308.87836
2012-12-23 12:00:00,285.68762
2012-12-23 13:00:00,311.87598
2012-12-23 14:00:00,345.03503
2012-12-23 15:00:00,328.2994
2012-12-23 16:00:00,334.2424
2012-12-23 17:00:00,235.34879
2012-12-23 18:00:00,288.6344
2012-12-23 19:00:00,238.79532
2012-12-23 20:00:00,228.57613
2012-12-23 21:00:00,290.1313
2012-12-23 22:00:00,276.4876
2012-12-23 23:00:00,209.5239
2012-12-24 00:00:00,332.62924
2012-12-24 01:00:00,332.63113
2012-12-24 02:00:00,312.2562
2012-12-24 03:00:00,312.25815
2012-12-24 05:00:00,325.5877
2012-12-24 06:00:00,312.26404
2012-12-24 07:00:00,319.56476
2012-12-24 08:00:00,332.64432
2012-12-24 09:00:00,320.75485
2012-12-24 10:00:00,312.606
2012-12-24 11:00:00,308.2954
2012-12-24 12:00:00,229.17538
2012-12-24 13:00:00,343.28998
2012-12-24 14:00:00,390.0899
2012-12-24 15:00:00,366.43793
2012-12-24 16:00:00,366.43964
2012-12-24 17:00:00,356.5986
2012-12-24 18:00:00,393.74396
2012-12-24 19:00:00,371.5588
2012-12-24 20:00:00,374.813
2012-12-24 21:00:00,375.04968
2012-12-24 22:00:00,356.6428
2012-12-24 23:00:00,361.8281
2012-12-25 00:00:00,375.02097
2012-12-25 01:00:00,357.75284
2012-12-25 02:00:00,357.7541
2012-12-25 04:00:00,376.71133
2012-12-25 05:00:00,378.00085
2012-12-25 06:00:00,378.00198
2012-12-25 07:00:00,369.15222
2012-12-25 08:00:00,352.9489
2012-12-25 09:00:00,370.8563
2012-12-25 10:00:00,277.8472
2012-12-25 11:00:00,276.27222
2012-12-25 12:00:00,247.10551
2012-12-25 13:00:00,398.21307
2012-12-25 14:00:00,420.91824
2012-12-25 15:00:00,228.67996
2012-12-25 16:00:00,222.39432
2012-12-25 17:00:00,304.21576
2012-12-25 18:00:00,186.66943
2012-12-25 19:00:00,181.83539
2012-12-25 20:00:00,265.4797
2012-12-25 21:00:00,236.63484
2012-12-25 22:00:00,240.4753
2012-12-25 23:00:00,257.37396
2012-12-26 00:00:00,298.2118
2012-12-26 01:00:00,374.59515
2012-12-26 02:00:00,374.59753
2012-12-26 03:00:00,345.6016
2012-12-26 04:00:00,322.09702
2012-12-26 05:00:00,335.54102
2012-12-26 06:00:00,307.48856
2012-12-26 07:00:00,349.23056
2012-12-26 08:00:00,349.2326
2012-12-26 09:00:00,349.23465
2012-12-26 10:00:00,343.9809
2012-12-26 11:00:00,354.8494
2012-12-26 12:00:00,348.22018
2012-12-26 13:00:00,348.22263
2012-12-26 14:00:00,349.33218
2012-12-26 15:00:00,310.99878
2012-12-26 16:00:00,311.00162
2012-12-26 17:00:00,310.51508
2012-12-26 18:00:00,285.85074
2012-12-26 19:00:00,311.78122
2012-12-26 20:00:00,303.03522
2012-12-26 21:00:00,279.9639
2012-12-26 22:00:00,337.04028
2012-12-26 23:00:00,303.36636
2012-12-27 00:00:00,307.40717
2012-12-27 01:00:00,333.737
2012-12-27 02:00:00,354.61682
2012-12-27 03:00:00,341.1466
2012-12-27 04:00:00,347.86267
2012-12-27 05:00:00,303.886
2012-12-27 06:00:00,338.96075
2012-12-27 07:00:00,304.43066
2012-12-27 08:00:00,349.77203
2012-12-27 09:00:00,356.16037
2012-12-27 10:00:00,381.06888
2012-12-27 11:00:00,329.27972
2012-12-27 12:00:00,245.75044
2012-12-27 13:00:00,245.7514
2012-12-27 14:00:00,347.56656
2012-12-27 15:00:00,345.51614
2012-12-27 16:00:00,283.02618
2012-12-27 17:00:00,283.02695
2012-12-27 18:00:00,330.18015
2012-12-27 19:00:00,329.7715
2012-12-27 20:00:00,281.05844
2012-12-27 21:00:00,330.184
2012-12-27 22:00:00,329.0516
2012-12-27 23:00:00,330.1897
2012-12-28 00:00:00,272.584
2012-12-28 01:00:00,325.86978
2012-12-28 02:00:00,316.24942
2012-12-28 03:00:00,272.58615
2012-12-28 04:00:00,238.92328
2012-12-28 05:00:00,239.4733
2012-12-28 06:00:00,305.26865
2012-12-28 07:00:00,283.04672
2012-12-28 08:00:00,264.319
2012-12-28 09:00:00,325.41193
2012-12-28 10:00:00,267.6668
2012-12-28 11:00:00,264.45267
2012-12-28 12:00:00,213.32019
2012-12-28 13:00:00,213.32028
2012-12-28 14:00:00,213.32037
2012-12-28 15:00:00,178.95729
2012-12-28 16:00:00,220.25546
2012-12-28 17:00:00,266.51077
2012-12-28 18:00:00,266.51212
2012-12-28 19:00:00,304.78598
2012-12-28 20:00:00,298.41486
2012-12-28 21:00:00,289.9182
2012-12-28 22:00:00,294.8433
2012-12-28 23:00:00,279.11603
2012-12-29 00:00:00,289.40555
2012-12-29 01:00:00,293.01965
2012-12-29 02:00:00,289.40634
2012-12-29 03:00:00,300.91452
2012-12-29 04:00:00,293.02017
2012-12-29 05:00:00,293.02032
2012-12-29 06:00:00,285.66394
2012-12-29 07:00:00,279.47858
2012-12-29 08:00:00,299.27335
2012-12-29 09:00:00,299.27344
2012-12-29 10:00:00,292.11462
2012-12-29 11:00:00,335.41757
2012-12-29 12:00:00,349.14856
2012-12-29 13:00:00,349.14966
2012-12-29 14:00:00,340.47556
2012-12-29 15:00:00,325.32413
2012-12-29 16:00:00,299.0594
2012-12-29 17:00:00,306.85965
2012-12-29 18:00:00,266.0889
2012-12-29 19:00:00,256.71515
2012-12-29 20:00:00,287.47745
2012-12-29 21:00:00,269.26532
2012-12-29 22:00:00,278.29623
2012-12-29 23:00:00,252.24098
2012-12-30 00:00:00,263.8202
2012-12-30 01:00:00,317.23218
2012-12-30 02:00:00,242.0408
2012-12-30 03:00:00,317.2312
2012-12-30 04:00:00,228.08044
2012-12-30 05:00:00,280.83823
2012-12-30 06:00:00,313.7109
2012-12-30 07:00:00,332.97757
2012-12-30 08:00:00,340.83655
2012-12-30 09:00:00,340.12152
2012-12-30 10:00:00,318.14648
2012-12-30 11:00:00,299.277
2012-12-30 12:00:00,369.4355
2012-12-30 13:00:00,365.51303
2012-12-30 14:00:00,377.68774
2012-12-30 15:00:00,329.21265
2012-12-30 16:00:00,323.0812
2012-12-30 17:00:00,303.54892
2012-12-30 18:00:00,310.30475
2012-12-30 19:00:00,160.41016
2012-12-30 20:00:00,344.1364
2012-12-30 21:00:00,319.27377
2012-12-30 22:00:00,269.23947
2012-12-30 23:00:00,322.63263
2012-12-31 00:00:00,299.96817
2012-12-31 01:00:00,299.97003
2012-12-31 02:00:00,318.95508
2012-12-31 03:00:00,289.0125
2012-12-31 04:00:00,289.82294
2012-12-31 05:00:00,311.34415
2012-12-31 06:00:00,309.20947
2012-12-31 07:00:00,289.20792
2012-12-31 08:00:00,294.3518
2012-12-31 09:00:00,313.9311
2012-12-31 10:00:00,315.57672
2012-12-31 11:00:00,342.03964
2012-12-31 12:00:00,333.3264
2012-12-31 13:00:00,305.90524
2012-12-31 14:00:00,314.32068
2012-12-31 15:00:00,292.18527
2012-12-31 16:00:00,275.61105
2012-12-31 17:00:00,220.02237
2012-12-31 18:00:00,241.21574
2012-12-31 19:00:00,298.09906
2012-12-31 20:00:00,298.10117
2012-12-31 21:00:00,311.4867
2012-12-31 22:00:00,233.34831
2012-12-31 23:00:00,280.81778
